date,book,dividend,div_growth,div_yield,earn,earn_yld,earn_growth,real_earn_growth,sp500_pe,sp500,sp500_adj,price_book,price_sales,cape_shiller,sales,sales_growth,real_sales,real_sales_growth,1mo_ustreas,6mo_ustreas,1yr_ustreas,2yr_ustreas,3yr_ustreas,5yr_ustreas,10yr_ustreas,20yr_ustreas,30yr_ustreas,5yr_real_int,10yr_real_int,20yr_real_int,30yr_real_int,cpi,fed_debt,gdp,gdp_growth,real_gdp,real_gdp_growth,real_gdp_per_cap,us_home_prices,us_avg_income,us_med_income,us_med_income_growth,us_med_real_income,us_infl,us_pop,us_pop_growth
1871-03-31,,6.47,,0.0564,9.95,0.0868,,,11.52,4.61,114.65,,,11.19,,,,,,,,,,,0.0533,,,,,,,13.03,,,,,,,,,,,,,,
1871-06-30,,6.97,,0.053899999999999997,10.73,0.083,,,12.05,4.82,129.3,,,12.59,,,,,,,,,,,0.053399999999999996,,,,,,,12.08,,,,,,,,,,,,,,
1871-09-30,,6.92,,0.0537,10.64,0.08259999999999999,,,12.1,4.84,128.77,,,12.31,,,,,,,,,,,0.0535,,,,,,,12.18,,,,,,,,,,,,,,
1871-12-31,,6.66,,0.054900000000000004,10.25,0.08439999999999999,,,11.85,4.74,121.42,,,11.59,,,,,,,,,,,0.0536,,,,,,,12.65,,,,,,,,,,,,,,
1872-03-31,,6.81,,0.0536,10.28,0.0809,,,12.37,5.04,127.2,,,12.18,,,,,,,,,,,0.054000000000000006,,,,,,,12.84,,,,,,,,,,,,-0.0146,,
1872-06-30,,6.96,,0.0546,10.32,0.0809,,,12.36,5.13,127.58,,,12.27,,,,,,,,,,,0.0545,,,,,,,13.03,,,,,,,,,,,,0.0786,,
1872-09-30,,7.21,,0.058600000000000006,10.51,0.08539999999999999,,,11.72,4.95,123.11,,,11.83,,,,,,,,,,,0.055099999999999996,,,,,,,13.03,,,,,,,,,,,,0.0698,,
1872-12-31,,7.51,,0.0592,10.77,0.0848,,,11.79,5.07,126.97,,,12.17,,,,,,,,,,,0.0556,,,,,,,12.94,,,,,,,,,,,,0.0229,,
1873-03-31,,7.53,,0.0602,10.72,0.08560000000000001,,,11.68,5.11,125.16,,,11.95,,,,,,,,,,,0.0556,,,,,,,13.23,,,,,,,,,,,,0.0304,,
1873-06-30,,8.13,,0.0633,11.48,0.0894,,,11.19,4.98,128.49,,,12.22,,,,,,,,,,,0.0553,,,,,,,12.56,,,,,,,,,,,,-0.0361,,
1873-09-30,,8.32,,0.0703,11.67,0.0986,,,10.14,4.59,118.42,,,11.16,,,,,,,,,,,0.055099999999999996,,,,,,,12.56,,,,,,,,,,,,-0.0361,,
1873-12-31,,8.78,,0.0747,12.24,0.1041,,,9.61,4.42,117.6,,,10.96,,,,,,,,,,,0.0548,,,,,,,12.18,,,,,,,,,,,,-0.0587,,
1874-03-31,,8.64,,0.0698,12.05,0.0973,,,10.28,4.73,123.91,,,11.43,,,,,,,,,,,0.054000000000000006,,,,,,,12.37,,,,,,,,,,,,-0.065,,
1874-06-30,,9.06,,0.07400000000000001,12.63,0.10310000000000001,,,9.7,4.46,122.48,,,11.19,,,,,,,,,,,0.053,,,,,,,11.8,,,,,,,,,,,,-0.0605,,
1874-09-30,,9.06,,0.0727,12.63,0.1013,,,9.87,4.54,124.68,,,11.28,,,,,,,,,,,0.052000000000000005,,,,,,,11.8,,,,,,,,,,,,-0.0605,,
1874-12-31,,9.29,,0.0727,12.95,0.1013,,,9.87,4.54,127.82,,,11.45,,,,,,,,,,,0.051,,,,,,,11.51,,,,,,,,,,,,-0.055,,
1875-03-31,,9.08,,0.0703,12.25,0.09480000000000001,,,10.55,4.59,129.23,,,11.48,,,,,,,,,,,0.0499,,,,,,,11.51,,,,,,,,,,,,-0.0695,,
1875-06-30,,9.17,,0.0719,11.94,0.09359999999999999,,,10.68,4.38,127.53,,,11.28,,,,,,,,,,,0.0487,,,,,,,11.13,,,,,,,,,,,,-0.056799999999999996,,
1875-09-30,,8.95,,0.0704,11.21,0.08810000000000001,,,11.35,4.37,127.23,,,11.24,,,,,,,,,,,0.0475,,,,,,,11.13,,,,,,,,,,,,-0.056799999999999996,,
1875-12-31,,8.89,,0.06860000000000001,10.66,0.0824,,,12.14,4.37,129.44,,,11.45,,,,,,,,,,,0.0463,,,,,,,10.94,,,,,,,,,,,,-0.0495,,
1876-03-31,,8.96,,0.0665,10.15,0.0754,,,13.26,4.51,134.7,,,11.95,,,,,,,,,,,0.045700000000000005,,,,,,,10.85,,,,,,,,,,,,-0.057300000000000004,,
1876-06-30,,9.63,,0.0723,10.28,0.0771,,,12.97,4.15,133.28,,,11.88,,,,,,,,,,,0.0453,,,,,,,10.09,,,,,,,,,,,,-0.0934,,
1876-09-30,,9.46,,0.08130000000000001,9.46,0.08130000000000001,,,12.3,3.69,116.32,,,10.42,,,,,,,,,,,0.045,,,,,,,10.28,,,,,,,,,,,,-0.0764,,
1876-12-31,,9.04,,0.08380000000000001,8.44,0.0782,,,12.79,3.58,107.92,,,9.74,,,,,,,,,,,0.0446,,,,,,,10.75,,,,,,,,,,,,-0.0174,,
1877-03-31,,8.67,,0.086,9.07,0.08990000000000001,,,11.12,3.17,100.91,,,9.2,,,,,,,,,,,0.0443,,,,,,,10.18,,,,,,,,,,,,-0.061799999999999994,,
1877-06-30,,7.87,,0.0897,9.31,0.10619999999999999,,,9.41,2.73,87.68,,,8.05,,,,,,,,,,,0.044000000000000004,,,,,,,10.09,,,,,,,,,,,,0.0,,
1877-09-30,,7.27,,0.06709999999999999,9.86,0.091,,,10.98,3.24,108.24,,,9.99,,,,,,,,,,,0.0438,,,,,,,9.7,,,,,,,,,,,,-0.0564,,
1877-12-31,,6.47,,0.058499999999999996,10.22,0.09230000000000001,,,10.83,3.25,110.74,,,10.25,,,,,,,,,,,0.0435,,,,,,,9.51,,,,,,,,,,,,-0.1153,,
1878-03-31,,6.8,,0.0579,10.96,0.0934,,,10.71,3.24,117.44,,,10.88,,,,,,,,,,,0.0432,,,,,,,8.94,,,,,,,,,,,,-0.12179999999999999,,
1878-06-30,,7.16,,0.054299999999999994,11.81,0.0894,,,11.18,3.41,132.02,,,12.21,,,,,,,,,,,0.0429,,,,,,,8.37,,,,,,,,,,,,-0.1705,,
1878-09-30,,6.91,,0.0518,11.64,0.0874,,,11.45,3.52,133.26,,,12.3,,,,,,,,,,,0.0426,,,,,,,8.56,,,,,,,,,,,,-0.1175,,
1878-12-31,,7.13,,0.052199999999999996,12.28,0.08990000000000001,,,11.13,3.45,136.67,,,12.58,,,,,,,,,,,0.042300000000000004,,,,,,,8.18,,,,,,,,,,,,-0.1399,,
1879-03-31,,7.24,,0.0507,12.82,0.0897,,,11.15,3.65,142.85,,,13.09,,,,,,,,,,,0.04190000000000001,,,,,,,8.28,,,,,,,,,,,,-0.0738,,
1879-06-30,,7.61,,0.048,13.82,0.08710000000000001,,,11.48,3.96,158.62,,,14.45,,,,,,,,,,,0.0414,,,,,,,8.09,,,,,,,,,,,,-0.0335,,
1879-09-30,,7.46,,0.0462,13.87,0.0859,,,11.64,4.22,161.45,,,14.59,,,,,,,,,,,0.0409,,,,,,,8.47,,,,,,,,,,,,-0.0105,,
1879-12-31,,6.68,,0.0407,12.69,0.07719999999999999,,,12.95,4.92,164.37,,,14.77,,,,,,,,,,,0.0404,,,,,,,9.7,,,,,,,,,,,,0.1858,,
1880-03-31,,6.91,,0.0406,13.09,0.07690000000000001,,,13.01,5.3,170.22,,,15.23,,,,,,,,,,,0.0397,,,,,,,10.09,,,,,,,,,,,,0.2186,,
1880-06-30,,8.08,,0.048,15.27,0.0908,,,11.01,4.79,168.17,,,14.95,,,,,,,,,,,0.038900000000000004,,,,,,,9.23,,,,,,,,,,,,0.1409,,
1880-09-30,,8.52,,0.0473,16.08,0.08929999999999999,,,11.2,5.18,180.11,,,15.86,,,,,,,,,,,0.0381,,,,,,,9.32,,,,,,,,,,,,0.10039999999999999,,
1880-12-31,,8.86,,0.044500000000000005,16.7,0.0839,,,11.92,5.84,199.0,,,17.33,,,,,,,,,,,0.0373,,,,,,,9.51,,,,,,,,,,,,-0.0196,,
1881-03-31,,9.37,,0.0441,16.27,0.0765,,,13.07,6.24,212.63,,,18.28,,,,,,,,,,,0.0369,,,,,,,9.51,,,,,,,,,,,,-0.0575,,
1881-06-30,,9.88,,0.0441,15.84,0.0707,,,14.15,6.58,224.21,,,19.04,,,,,,,,,,,0.036699999999999997,,,,,,,9.51,,,,,,,,,,,,0.030299999999999997,,
1881-09-30,,9.71,,0.048799999999999996,14.4,0.0724,,,13.81,6.25,198.95,,,16.72,,,,,,,,,,,0.0365,,,,,,,10.18,,,,,,,,,,,,0.09230000000000001,,
1881-12-31,,10.19,,0.053200000000000004,14.01,0.0732,,,13.66,6.01,191.31,,,15.96,,,,,,,,,,,0.0363,,,,,,,10.18,,,,,,,,,,,,0.0705,,
1882-03-31,,10.09,,0.0554,13.79,0.0757,,,13.21,5.78,182.2,,,15.08,,,,,,,,,,,0.0362,,,,,,,10.28,,,,,,,,,,,,0.081,,
1882-06-30,,9.82,,0.056299999999999996,13.35,0.0766,,,13.06,5.68,174.3,,,14.33,,,,,,,,,,,0.0362,,,,,,,10.56,,,,,,,,,,,,0.1104,,
1882-09-30,,10.09,,0.0513,13.63,0.0693,,,14.43,6.24,196.7,,,16.07,,,,,,,,,,,0.0363,,,,,,,10.28,,,,,,,,,,,,0.0098,,
1882-12-31,,10.38,,0.0548,13.95,0.0736,,,13.58,5.84,189.44,,,15.38,,,,,,,,,,,0.0363,,,,,,,9.99,,,,,,,,,,,,-0.0187,,
1883-03-31,,10.46,,0.056100000000000004,13.7,0.0735,,,13.61,5.75,186.52,,,15.05,,,,,,,,,,,0.0363,,,,,,,9.99,,,,,,,,,,,,-0.0282,,
1883-06-30,,11.07,,0.0558,14.14,0.0713,,,14.02,5.82,198.32,,,15.91,,,,,,,,,,,0.0363,,,,,,,9.51,,,,,,,,,,,,-0.09939999999999999,,
1883-09-30,,11.5,,0.0592,14.31,0.0737,,,13.57,5.53,194.15,,,15.49,,,,,,,,,,,0.0362,,,,,,,9.23,,,,,,,,,,,,-0.10210000000000001,,
1883-12-31,,11.59,,0.061799999999999994,14.04,0.07490000000000001,,,13.35,5.34,187.48,,,14.89,,,,,,,,,,,0.0362,,,,,,,9.23,,,,,,,,,,,,-0.0761,,
1884-03-31,,11.41,,0.0613,13.25,0.0712,,,14.04,5.3,186.08,,,14.73,,,,,,,,,,,0.036000000000000004,,,,,,,9.23,,,,,,,,,,,,-0.0761,,
1884-06-30,,11.72,,0.0717,13.0,0.0796,,,12.56,4.46,163.31,,,12.9,,,,,,,,,,,0.0358,,,,,,,8.85,,,,,,,,,,,,-0.0694,,
1884-09-30,,11.79,,0.06860000000000001,12.44,0.0724,,,13.8,4.59,171.76,,,13.57,,,,,,,,,,,0.0355,,,,,,,8.66,,,,,,,,,,,,-0.061799999999999994,,
1884-12-31,,12.13,,0.07139999999999999,12.13,0.07139999999999999,,,14.0,4.34,169.85,,,13.43,,,,,,,,,,,0.0353,,,,,,,8.28,,,,,,,,,,,,-0.10289999999999999,,
1885-03-31,,11.59,,0.0668,11.88,0.06849999999999999,,,14.6,4.38,173.52,,,13.74,,,,,,,,,,,0.0349,,,,,,,8.18,,,,,,,,,,,,-0.11380000000000001,,
1885-06-30,,11.28,,0.064,11.9,0.0674,,,14.83,4.3,176.38,,,13.97,,,,,,,,,,,0.0346,,,,,,,7.9,,,,,,,,,,,,-0.1073,,
1885-09-30,,10.56,,0.0554,11.49,0.0602,,,16.61,4.65,190.74,,,15.11,,,,,,,,,,,0.0342,,,,,,,7.9,,,,,,,,,,,,-0.08779999999999999,,
1885-12-31,,9.51,,0.0462,10.7,0.0519,,,19.26,5.2,206.0,,,16.31,,,,,,,,,,,0.0338,,,,,,,8.18,,,,,,,,,,,,-0.0121,,
1886-03-31,,9.64,,0.0453,11.69,0.054900000000000004,,,18.21,5.19,212.89,,,16.84,,,,,,,,,,,0.0339,,,,,,,7.9,,,,,,,,,,,,-0.0342,,
1886-06-30,,9.91,,0.0438,12.93,0.0571,,,17.5,5.25,226.23,,,17.82,,,,,,,,,,,0.034300000000000004,,,,,,,7.52,,,,,,,,,,,,-0.0481,,
1886-09-30,,9.46,,0.0408,13.24,0.0572,,,17.49,5.51,231.59,,,18.14,,,,,,,,,,,0.0347,,,,,,,7.71,,,,,,,,,,,,-0.0241,,
1886-12-31,,9.14,,0.039,13.71,0.058499999999999996,,,17.09,5.64,234.32,,,18.2,,,,,,,,,,,0.0351,,,,,,,7.8,,,,,,,,,,,,-0.04650000000000001,,
1887-03-31,,9.11,,0.0401,13.52,0.059500000000000004,,,16.8,5.67,227.12,,,17.47,,,,,,,,,,,0.0355,,,,,,,8.09,,,,,,,,,,,,0.0241,,
1887-06-30,,9.53,,0.040999999999999995,13.99,0.0602,,,16.61,5.73,232.39,,,17.71,,,,,,,,,,,0.0358,,,,,,,7.99,,,,,,,,,,,,0.0625,,
1887-09-30,,9.95,,0.0451,14.46,0.0655,,,15.26,5.38,220.68,,,16.67,,,,,,,,,,,0.0362,,,,,,,7.9,,,,,,,,,,,,0.0246,,
1887-12-31,,9.78,,0.047400000000000005,14.09,0.0683,,,14.64,5.27,206.25,,,15.45,,,,,,,,,,,0.0366,,,,,,,8.28,,,,,,,,,,,,0.061500000000000006,,
1888-03-31,,9.59,,0.0482,13.11,0.0659,,,15.16,5.08,198.82,,,14.8,,,,,,,,,,,0.0363,,,,,,,8.28,,,,,,,,,,,,0.0235,,
1888-06-30,,9.73,,0.0479,12.57,0.061900000000000004,,,16.16,5.01,203.19,,,15.08,,,,,,,,,,,0.0358,,,,,,,7.99,,,,,,,,,,,,0.0,,
1888-09-30,,9.41,,0.0437,11.42,0.053,,,18.88,5.38,215.5,,,15.98,,,,,,,,,,,0.0352,,,,,,,8.09,,,,,,,,,,,,0.0241,,
1888-12-31,,9.0,,0.0447,10.18,0.0506,,,19.77,5.14,201.16,,,14.94,,,,,,,,,,,0.0347,,,,,,,8.28,,,,,,,,,,,,0.0,,
1889-03-31,,9.45,,0.0438,11.22,0.052000000000000005,,,19.22,5.19,215.62,,,16.07,,,,,,,,,,,0.0344,,,,,,,7.8,,,,,,,,,,,,-0.057999999999999996,,
1889-06-30,,9.58,,0.0416,11.92,0.0518,,,19.32,5.41,230.37,,,17.22,,,,,,,,,,,0.0344,,,,,,,7.61,,,,,,,,,,,,-0.047599999999999996,,
1889-09-30,,9.35,,0.0405,12.19,0.0527,,,18.97,5.5,231.17,,,17.34,,,,,,,,,,,0.034300000000000004,,,,,,,7.71,,,,,,,,,,,,-0.047,,
1889-12-31,,9.14,,0.0414,12.46,0.0564,,,17.73,5.32,221.02,,,16.61,,,,,,,,,,,0.0342,,,,,,,7.8,,,,,,,,,,,,-0.057999999999999996,,
1890-03-31,,9.37,,0.0417,12.67,0.056299999999999996,,,17.75,5.28,224.84,,,16.9,,,,,,,,,,,0.0345,,,,,,,7.61,,,,,,,,,,,,-0.024399999999999998,,
1890-06-30,,9.25,,0.0394,12.4,0.0529,,,18.92,5.58,234.53,,,17.68,,,,,,,,,,,0.035,,,,,,,7.71,,,,,,,,,,,,0.0131,,
1890-09-30,,8.81,,0.0414,11.72,0.055,,,18.19,5.32,213.1,,,16.16,,,,,,,,,,,0.0355,,,,,,,8.09,,,,,,,,,,,,0.0493,,
1890-12-31,,9.02,,0.0478,11.9,0.063,,,15.86,4.6,188.69,,,14.44,,,,,,,,,,,0.036000000000000004,,,,,,,7.9,,,,,,,150.02,,,,,0.0128,,
1891-03-31,,8.92,,0.045700000000000005,12.27,0.0629,,,15.9,4.81,195.08,,,15.06,,,,,,,,,,,0.0362,,,,,,,7.99,,,,,,,,,,,,0.0499,,
1891-06-30,,9.14,,0.0454,13.09,0.0649,,,15.4,4.85,201.5,,,15.66,,,,,,,,,,,0.0361,,,,,,,7.8,,,,,,,,,,,,0.011699999999999999,,
1891-09-30,,9.37,,0.041299999999999996,13.95,0.061399999999999996,,,16.27,5.33,226.97,,,17.72,,,,,,,,,,,0.0361,,,,,,,7.61,,,,,,,,,,,,-0.0593,,
1891-12-31,,9.48,,0.0407,14.65,0.06280000000000001,,,15.91,5.41,233.13,,,18.2,,,,,,,,,,,0.036000000000000004,,,,,,,7.52,,,,,,,142.17,,,,,-0.0481,,
1892-03-31,,10.21,,0.0403,15.77,0.0623,,,16.06,5.58,253.25,,,19.73,,,,,,,,,,,0.0362,,,,,,,7.14,,,,,,,,,,,,-0.10640000000000001,,
1892-06-30,,10.59,,0.0415,16.34,0.0641,,,15.61,5.54,255.01,,,19.77,,,,,,,,,,,0.0366,,,,,,,7.04,,,,,,,,,,,,-0.0974,,
1892-09-30,,10.39,,0.0429,16.03,0.0661,,,15.12,5.48,242.27,,,18.69,,,,,,,,,,,0.037000000000000005,,,,,,,7.33,,,,,,,,,,,,-0.0368,,
1892-12-31,,10.22,,0.0436,15.76,0.0672,,,14.89,5.51,234.63,,,18.02,,,,,,,,,,,0.0374,,,,,,,7.61,,,,,,,143.03,,,,,0.012,,
1893-03-31,,10.07,,0.045700000000000005,14.23,0.0645,,,15.5,5.31,220.61,,,16.9,,,,,,,,,,,0.0374,,,,,,,7.8,,,,,,,,,,,,0.0924,,
1893-06-30,,10.7,,0.053099999999999994,13.76,0.0683,,,14.63,4.61,201.33,,,15.42,,,,,,,,,,,0.0373,,,,,,,7.42,,,,,,,,,,,,0.054000000000000006,,
1893-09-30,,11.09,,0.056600000000000004,12.89,0.0658,,,15.2,4.37,195.87,,,15.02,,,,,,,,,,,0.037200000000000004,,,,,,,7.23,,,,,,,,,,,,-0.013600000000000001,,
1893-12-31,,11.51,,0.0567,11.97,0.059000000000000004,,,16.96,4.41,202.99,,,15.62,,,,,,,,,,,0.037000000000000005,,,,,,,7.04,,,,,,,161.2,,,,,-0.07490000000000001,,
1894-03-31,,11.84,,0.053200000000000004,11.59,0.0521,,,19.19,4.51,222.45,,,17.18,,,,,,,,,,,0.0366,,,,,,,6.57,,,,,,,,,,,,-0.1577,,
1894-06-30,,11.34,,0.053,10.36,0.0484,,,20.67,4.34,214.06,,,16.6,,,,,,,,,,,0.036000000000000004,,,,,,,6.57,,,,,,,,,,,,-0.11460000000000001,,
1894-09-30,,10.41,,0.049100000000000005,8.75,0.041299999999999996,,,24.22,4.48,211.94,,,16.53,,,,,,,,,,,0.0354,,,,,,,6.85,,,,,,,,,,,,-0.0526,,
1894-12-31,,10.36,,0.048799999999999996,7.89,0.037200000000000004,,,26.88,4.3,212.09,,,16.66,,,,,,,,,,,0.0348,,,,,,,6.57,,,,,,,201.28,,,,,-0.0668,,
1895-03-31,,10.11,,0.0489,9.0,0.0436,,,22.96,4.19,206.66,,,16.35,,,,,,,,,,,0.0348,,,,,,,6.57,,,,,,,,,,,,0.0,,
1895-06-30,,9.21,,0.0426,9.44,0.0436,,,22.93,4.7,216.34,,,17.21,,,,,,,,,,,0.0352,,,,,,,7.04,,,,,,,,,,,,0.07150000000000001,,
1895-09-30,,9.22,,0.0405,10.76,0.0472,,,21.19,4.82,228.02,,,18.2,,,,,,,,,,,0.0355,,,,,,,6.85,,,,,,,,,,,,0.0,,
1895-12-31,,9.11,,0.044000000000000004,11.98,0.0579,,,17.28,4.32,207.09,,,16.54,,,,,,,,,,,0.0359,,,,,,,6.76,,,,,,,177.6,,,,,0.028900000000000002,,
1896-03-31,,9.25,,0.042800000000000005,11.84,0.0548,,,18.25,4.38,216.04,,,17.22,,,,,,,,,,,0.035699999999999996,,,,,,,6.57,,,,,,,,,,,,0.0,,
1896-06-30,,9.55,,0.042800000000000005,11.87,0.053200000000000004,,,18.78,4.32,222.92,,,17.78,,,,,,,,,,,0.0352,,,,,,,6.28,,,,,,,,,,,,-0.10800000000000001,,
1896-09-30,,9.42,,0.0455,11.35,0.054900000000000004,,,18.23,4.01,206.92,,,16.55,,,,,,,,,,,0.0347,,,,,,,6.28,,,,,,,,,,,,-0.0832,,
1896-12-31,,8.76,,0.042699999999999995,10.22,0.049800000000000004,,,20.1,4.22,205.33,,,16.5,,,,,,,,,,,0.0342,,,,,,,6.66,,,,,,,156.17,,,,,-0.0148,,
1897-03-31,,9.02,,0.043,11.77,0.056100000000000004,,,17.83,4.19,209.86,,,16.96,,,,,,,,,,,0.0339,,,,,,,6.47,,,,,,,,,,,,-0.0152,,
1897-06-30,,9.29,,0.042199999999999994,13.42,0.060899999999999996,,,16.42,4.27,220.34,,,17.85,,,,,,,,,,,0.0338,,,,,,,6.28,,,,,,,,,,,,0.0,,
1897-09-30,,8.63,,0.0361,13.66,0.0572,,,17.47,4.98,238.73,,,19.36,,,,,,,,,,,0.0337,,,,,,,6.76,,,,,,,,,,,,0.0764,,
1897-12-31,,8.76,,0.0379,15.08,0.0653,,,15.32,4.75,231.12,,,18.75,,,,,,,,,,,0.0335,,,,,,,6.66,,,,,,,161.11,,,,,0.0,,
1898-03-31,,8.87,,0.0398,15.34,0.0688,,,14.53,4.65,222.91,,,18.03,,,,,,,,,,,0.0331,,,,,,,6.76,,,,,,,,,,,,0.044800000000000006,,
1898-06-30,,9.11,,0.0375,15.82,0.0652,,,15.33,5.06,242.56,,,19.53,,,,,,,,,,,0.0325,,,,,,,6.76,,,,,,,,,,,,0.0764,,
1898-09-30,,9.49,,0.0371,16.54,0.0646,,,15.47,5.26,255.93,,,20.45,,,,,,,,,,,0.0318,,,,,,,6.66,,,,,,,,,,,,-0.0148,,
1898-12-31,,9.59,,0.0354,16.78,0.061900000000000004,,,16.14,5.65,270.84,,,21.39,,,,,,,,,,,0.031200000000000002,,,,,,,6.76,,,,,,,169.02,,,,,0.015,,
1899-03-31,,9.44,,0.0316,17.83,0.059800000000000006,,,16.73,6.4,298.41,,,23.27,,,,,,,,,,,0.0311,,,,,,,6.95,,,,,,,,,,,,0.0281,,
1899-06-30,,9.3,,0.0338,18.84,0.0684,,,14.63,6.07,275.49,,,21.2,,,,,,,,,,,0.031200000000000002,,,,,,,7.14,,,,,,,,,,,,0.0562,,
1899-09-30,,8.84,,0.0326,19.06,0.0703,,,14.23,6.37,271.25,,,20.6,,,,,,,,,,,0.0313,,,,,,,7.61,,,,,,,,,,,,0.1426,,
1899-12-31,,8.61,,0.0349,19.69,0.0797,,,12.54,6.02,246.94,,,18.51,,,,,,,,,,,0.0315,,,,,,,7.9,,,,,,,138.27,,,,,0.1686,,
1900-03-31,,9.43,,0.0371,19.47,0.0767,,,13.04,6.26,253.89,,,18.78,,,,,,,,,,,0.031400000000000004,,,,,,,7.99,,,,,,,,,,,,0.1496,,
1900-06-30,,10.72,,0.0435,20.17,0.0819,,,12.21,5.86,246.3,,,17.99,,,,,,,,,,,0.0313,,,,,,,7.71,,,,,,,,,,,,0.07980000000000001,,
1900-09-30,,11.53,,0.0478,19.94,0.0828,,,12.08,5.8,240.96,,,17.35,,,,,,,,,,,0.031200000000000002,,,,,,,7.8,,,,,,,,,,,,0.025,76.09,
1900-12-31,,12.77,,0.0437,20.44,0.0699,,,14.31,6.87,292.54,,,20.75,,,,,,,,,,,0.031,,,,,,,7.61,,,,,,,164.12,,,,,-0.036699999999999997,,
1901-03-31,,12.99,,0.0406,20.65,0.0646,,,15.48,7.51,319.8,,,22.36,,,,,,,,,,,0.0311,,,,,,,7.61,,,,,,,,,,,,-0.047599999999999996,,
1901-06-30,,13.36,,0.0365,21.12,0.0576,,,17.35,8.5,366.28,,,25.23,,,,,,,,,,,0.0313,,,,,,,7.52,,,,,,,,,,,,-0.0246,,
1901-09-30,,13.09,,0.0394,20.56,0.061900000000000004,,,16.16,8.0,332.36,,,22.6,,,,,,,,,,,0.0315,,,,,,,7.8,,,,,,,,,,,,0.0,77.58,0.0196
1901-12-31,,12.98,,0.0403,20.28,0.0629,,,15.9,7.95,322.43,,,21.69,,,,,,,,,,,0.0317,,,,,,,7.99,,,,,,,131.15,,,,,0.0499,,
1902-03-31,,13.23,,0.0393,21.84,0.0649,,,15.4,8.2,336.36,,,22.41,,,,,,,,,,,0.032,,,,,,,7.9,,,,,,,,,,,,0.0381,,
1902-06-30,,12.88,,0.038599999999999995,22.38,0.0672,,,14.88,8.41,333.17,,,21.97,,,,,,,,,,,0.0323,,,,,,,8.18,,,,,,,,,,,,0.08779999999999999,,
1902-09-30,,12.97,,0.037000000000000005,23.67,0.0675,,,14.81,8.85,350.6,,,22.87,,,,,,,,,,,0.0326,,,,,,,8.18,,,,,,,,,,,,0.0487,79.16,0.0204
1902-12-31,,12.49,,0.040999999999999995,23.85,0.0783,,,12.78,8.05,304.75,,,19.64,,,,,,,,,,,0.0329,,,,,,,8.56,,,,,,,144.32,,,,,0.0713,,
1903-03-31,,12.97,,0.0415,23.42,0.07490000000000001,,,13.36,8.08,312.83,,,19.89,,,,,,,,,,,0.0332,,,,,,,8.37,,,,,,,,,,,,0.059500000000000004,,
1903-06-30,,13.47,,0.047400000000000005,22.98,0.0808,,,12.38,7.18,284.44,,,17.83,,,,,,,,,,,0.0334,,,,,,,8.18,,,,,,,,,,,,0.0,,
1903-09-30,,13.5,,0.0533,21.72,0.0858,,,11.66,6.47,253.22,,,15.65,,,,,,,,,,,0.0337,,,,,,,8.28,,,,,,,,,,,,0.012199999999999999,80.63,0.018600000000000002
1903-12-31,,14.02,,0.0533,21.23,0.08070000000000001,,,12.4,6.57,263.17,,,16.04,,,,,,,,,,,0.0339,,,,,,,8.09,,,,,,,155.1,,,,,-0.054900000000000004,,
1904-03-31,,13.16,,0.0525,20.13,0.0802,,,12.46,6.48,250.88,,,15.09,,,,,,,,,,,0.0341,,,,,,,8.37,,,,,,,,,,,,0.0,,
1904-06-30,,13.22,,0.0507,20.43,0.0783,,,12.76,6.51,260.77,,,15.47,,,,,,,,,,,0.034300000000000004,,,,,,,8.09,,,,,,,,,,,,-0.011000000000000001,,
1904-09-30,,12.52,,0.0437,19.57,0.0683,,,14.64,7.32,286.48,,,16.74,,,,,,,,,,,0.0345,,,,,,,8.28,,,,,,,,,,,,0.0,82.17,0.019
1904-12-31,,11.86,,0.037599999999999995,18.75,0.0594,,,16.84,8.25,315.64,,,18.16,,,,,,,,,,,0.0347,,,,,,,8.47,,,,,,,154.98,,,,,0.047,,
1905-03-31,,12.2,,0.0348,20.71,0.0591,,,16.92,9.05,350.38,,,19.84,,,,,,,,,,,0.0347,,,,,,,8.37,,,,,,,,,,,,0.0,,
1905-06-30,,12.52,,0.037200000000000004,22.7,0.0674,,,14.83,8.6,336.58,,,18.73,,,,,,,,,,,0.0346,,,,,,,8.28,,,,,,,,,,,,0.0235,,
1905-09-30,,12.72,,0.0352,24.46,0.0677,,,14.77,9.23,361.23,,,19.74,,,,,,,,,,,0.0345,,,,,,,8.28,,,,,,,,,,,,0.0,83.82,0.0202
1905-12-31,,12.63,,0.0346,25.63,0.0702,,,14.24,9.54,364.99,,,19.57,,,,,,,,,,,0.034300000000000004,,,,,,,8.47,,,,,,,135.81,,,,,0.0,,
1906-03-31,,13.3,,0.0363,26.49,0.0724,,,13.81,9.56,365.76,,,19.26,,,,,,,,,,,0.0347,,,,,,,8.47,,,,,,,,,,,,0.011899999999999999,,
1906-06-30,,13.82,,0.0392,27.07,0.07690000000000001,,,13.01,9.3,352.07,,,18.18,,,,,,,,,,,0.0353,,,,,,,8.56,,,,,,,,,,,,0.0338,,
1906-09-30,,14.48,,0.0381,27.92,0.0735,,,13.6,10.03,379.7,,,19.21,,,,,,,,,,,0.0359,,,,,,,8.56,,,,,,,,,,,,0.0338,85.45,0.0194
1906-12-31,,14.5,,0.0407,27.55,0.07719999999999999,,,12.95,9.84,356.68,,,17.67,,,,,,,,,,,0.0365,,,,,,,8.94,,,,,,,152.68,,,,,0.0555,,
1907-03-31,,14.86,,0.049100000000000005,26.64,0.08800000000000001,,,11.36,8.35,302.67,,,14.69,,,,,,,,,,,0.037000000000000005,,,,,,,8.94,,,,,,,,,,,,0.0555,,
1907-06-30,,14.75,,0.0536,24.93,0.0906,,,11.04,7.84,275.25,,,13.14,,,,,,,,,,,0.0375,,,,,,,9.23,,,,,,,,,,,,0.0783,,
1907-09-30,,15.1,,0.057699999999999994,24.05,0.0919,,,10.88,7.45,261.56,,,12.33,,,,,,,,,,,0.038,,,,,,,9.23,,,,,,,,,,,,0.0783,87.01,0.0182
1907-12-31,,16.3,,0.067,24.44,0.1005,,,9.95,6.57,243.32,,,11.34,,,,,,,,,,,0.0385,,,,,,,8.75,,,,,,,172.12,,,,,-0.0213,,
1908-03-31,,16.28,,0.0626,24.23,0.0932,,,10.73,6.87,260.08,,,11.99,,,,,,,,,,,0.0385,,,,,,,8.56,,,,,,,,,,,,-0.0425,,
1908-06-30,,15.72,,0.055,23.2,0.0812,,,12.32,7.64,285.89,,,13.05,,,,,,,,,,,0.0382,,,,,,,8.66,,,,,,,,,,,,-0.061799999999999994,,
1908-09-30,,15.18,,0.050199999999999995,22.22,0.07339999999999999,,,13.62,8.17,302.57,,,13.71,,,,,,,,,,,0.038,,,,,,,8.75,,,,,,,,,,,,-0.052000000000000005,88.71,0.0196
1908-12-31,,14.34,,0.0443,20.79,0.0642,,,15.57,9.03,323.7,,,14.58,,,,,,,,,,,0.0377,,,,,,,9.04,,,,,,,150.35,,,,,0.0331,,
1909-03-31,,14.7,,0.046,22.4,0.0701,,,14.27,8.92,319.75,,,14.33,,,,,,,,,,,0.0379,,,,,,,9.04,,,,,,,,,,,,0.056100000000000004,,
1909-06-30,,14.45,,0.0429,23.05,0.0684,,,14.63,9.8,337.13,,,15.04,,,,,,,,,,,0.0382,,,,,,,9.42,,,,,,,,,,,,0.08779999999999999,,
1909-09-30,,14.5,,0.042199999999999994,24.11,0.0702,,,14.25,10.19,343.61,,,15.25,,,,,,,,,,,0.038599999999999995,,,,,,,9.61,,,,,,,,,,,,0.0983,90.49,0.020099999999999996
1909-12-31,,14.27,,0.042699999999999995,24.65,0.0738,,,13.55,10.3,334.11,,,14.75,,,,,,,,,,,0.039,,,,,,,9.99,,,,,,,132.95,,,,,0.1051,,
1910-03-31,,14.37,,0.0449,24.17,0.0756,,,13.24,9.96,319.88,,,14.04,,,,,,,,,,,0.0392,,,,,,,10.09,,,,,,,,,,,,0.1162,,
1910-06-30,,14.89,,0.05,24.39,0.0819,,,12.21,9.1,297.87,,,13.01,,,,,,,,,,,0.0394,,,,,,,9.9,,,,,,,,,,,,0.051,,
1910-09-30,,15.45,,0.0519,24.64,0.0828,,,12.08,8.91,297.66,,,12.94,,,,,,,,,,,0.039599999999999996,,,,,,,9.7,,,,,,,,,,,,0.009399999999999999,92.41,0.0212
1910-12-31,,16.5,,0.0519,25.63,0.08070000000000001,,,12.4,9.05,317.73,,,13.74,,,,,,,,,,,0.0397,,,,,,,9.23,,,,,,,155.42,,,,,-0.0761,,
1911-03-31,,16.85,,0.0504,24.91,0.0746,,,13.41,9.32,334.09,,,14.37,,,,,,,,,,,0.0398,,,,,,,9.04,,,,,,,,,,,,-0.1041,,
1911-06-30,,17.41,,0.048600000000000004,24.44,0.0683,,,14.65,9.67,358.13,,,15.33,,,,,,,,,,,0.039900000000000005,,,,,,,8.75,,,,,,,,,,,,-0.1162,,
1911-09-30,,16.5,,0.0542,21.94,0.0721,,,13.87,8.67,304.39,,,13.0,,,,,,,,,,,0.04,,,,,,,9.23,,,,,,,,,,,,-0.048499999999999995,93.86,0.0158
1911-12-31,,16.85,,0.0516,21.15,0.06480000000000001,,,15.44,9.11,326.56,,,13.93,,,,,,,,,,,0.0401,,,,,,,9.04,,,,,,,155.05,,,,,-0.0206,,
1912-03-31,,16.25,,0.0508,21.24,0.0664,,,15.06,9.3,319.93,,,13.64,,,,,,,,,,,0.0408,,,,,,,9.42,,,,,,,,,,,,0.042,,
1912-06-30,,16.02,,0.0496,21.75,0.0673,,,14.85,9.58,323.04,,,13.78,,,,,,,,,,,0.04190000000000001,,,,,,,9.61,,,,,,,,,,,,0.0983,,
1912-09-30,,15.79,,0.0484,22.24,0.0682,,,14.66,9.86,326.04,,,13.93,,,,,,,,,,,0.043,,,,,,,9.8,,,,,,,,,,,,0.061799999999999994,95.33,0.015700000000000002
1912-12-31,,16.04,,0.0512,23.39,0.0746,,,13.4,9.38,313.36,,,13.4,,,,,,,,,,,0.0441,,,,,,,9.7,,,,,,,150.08,,,,,0.073,,
1913-03-31,,15.87,,0.0545,22.57,0.0776,,,12.89,8.8,290.99,,,12.44,,,,,,,,,,,0.044000000000000004,,,,,,,9.8,,,,,,,,,,,,0.0403,,
1913-06-30,,15.87,,0.0591,21.99,0.0819,,,12.21,8.12,268.5,,,11.49,,,,,,,,,,,0.0433,,,,,,,9.8,,,,,,,,,,,,0.019799999999999998,,
1913-09-30,,15.55,,0.056299999999999996,20.98,0.0759,,,13.17,8.53,276.42,,,11.84,,,,,,,,,,,0.0426,,,,,,,10.0,,,,,,,,,,,,0.0204,97.22,0.019799999999999998
1913-12-31,,15.55,,0.059699999999999996,20.42,0.0784,,,12.76,8.04,260.54,,,11.17,,,,,,,,,,,0.0418,,,,,,,10.0,,,,,,,145.58,,,,,0.030899999999999997,,
1914-03-31,,15.22,,0.0559,19.72,0.0724,,,13.81,8.32,272.34,,,11.69,,,,,,,,,,,0.0417,,,,,,,9.9,,,,,,,,,,,,0.0102,,
1914-06-30,,14.73,,0.0554,18.82,0.0707,,,14.14,8.13,266.12,,,11.43,,,,,,,,,,,0.04190000000000001,,,,,,,9.9,,,,,,,,,,,,0.0102,,
1914-09-30,,13.82,,0.056600000000000004,17.39,0.0713,,,14.03,7.68,243.99,,,10.5,,,,,,,,,,,0.0421,,,,,,,10.2,,,,,,,,,,,,0.02,99.11,0.0194
1914-12-31,,13.48,,0.0571,16.68,0.0707,,,14.13,7.35,235.82,,,10.17,,,,,,,,,,,0.042300000000000004,,,,,,,10.1,,,,,,,149.5,,,,,0.01,,
1915-03-31,,13.83,,0.0558,19.97,0.0806,,,12.41,7.57,247.79,,,10.71,,,,,,,,,,,0.0421,,,,,,,9.9,,,,,,,,,,,,0.0,,
1915-06-30,,13.64,,0.0529,22.46,0.08710000000000001,,,11.49,8.04,257.96,,,11.15,,,,,,,,,,,0.0416,,,,,,,10.1,,,,,,,,,,,,0.0202,,
1915-09-30,,13.72,,0.049400000000000006,25.35,0.09119999999999999,,,10.96,8.66,277.85,,,12.01,,,,,,,,,,,0.041100000000000005,,,,,,,10.1,,,,,,,,,,,,-0.0098,100.55,0.014499999999999999
1915-12-31,,13.53,,0.0454,27.69,0.0928,,,10.77,9.48,298.26,,,12.88,,,,,,,,,,,0.0407,,,,,,,10.3,,,,,,,134.58,,,,,0.019799999999999998,,
1916-03-31,,14.27,,0.0504,32.16,0.11359999999999999,,,8.8,9.17,283.01,,,12.18,,,,,,,,,,,0.0408,,,,,,,10.5,,,,,,,,,,,,0.060599999999999994,,
1916-06-30,,14.85,,0.0529,36.16,0.12869999999999998,,,7.77,9.36,280.85,,,12.0,,,,,,,,,,,0.0412,,,,,,,10.8,,,,,,,,,,,,0.0693,,
1916-09-30,,15.4,,0.0545,39.94,0.1413,,,7.08,9.68,282.6,,,11.94,,,,,,,,,,,0.0417,,,,,,,11.1,,,,,,,,,,,,0.099,101.96,0.0141
1916-12-31,,15.64,,0.0571,42.74,0.1561,,,6.41,9.8,273.77,,,11.41,,,,,,,,,,,0.042199999999999994,,,,,,,11.6,,,,,,,130.83,,,,,0.12619999999999998,,
1917-03-31,,16.0,,0.0636,39.64,0.1577,,,6.34,9.31,251.41,,,10.33,,,,,,,,,,,0.0429,,,,,,,12.0,,,,,,,,,,,,0.1429,,
1917-06-30,,15.58,,0.0691,35.02,0.15539999999999998,,,6.43,9.04,225.34,,,9.15,,,,,,,,,,,0.0437,,,,,,,13.0,,,,,,,,,,,,0.20370000000000002,,
1917-09-30,,16.02,,0.081,32.72,0.1654,,,6.05,8.12,197.84,,,7.95,,,,,,,,,,,0.0446,,,,,,,13.3,,,,,,,,,,,,0.19820000000000002,103.27,0.0128
1917-12-31,,16.32,,0.1015,30.28,0.1882,,,5.31,6.8,160.84,,,6.41,,,,,,,,,,,0.0454,,,,,,,13.7,,,,,,,113.04,,,,,0.18100000000000002,,
1918-03-31,,15.28,,0.0907,27.96,0.1659,,,6.03,7.28,168.51,,,6.69,,,,,,,,,,,0.045599999999999995,,,,,,,14.0,,,,,,,,,,,,0.16670000000000001,,
1918-06-30,,13.89,,0.08460000000000001,25.02,0.1523,,,6.56,7.45,164.23,,,6.5,,,,,,,,,,,0.0454,,,,,,,14.7,,,,,,,,,,,,0.1308,,
1918-09-30,,12.38,,0.0796,21.94,0.141,,,7.09,7.54,155.63,,,6.15,,,,,,,,,,,0.0452,,,,,,,15.7,,,,,,,,,,,,0.1805,103.21,-0.0006
1918-12-31,,11.19,,0.0722,19.44,0.1253,,,7.98,7.9,155.15,,,6.13,,,,,,,,,,,0.0451,,,,,,,16.5,,,,,,,99.83,,,,,0.20440000000000003,,
1919-03-31,,11.07,,0.069,19.27,0.1201,,,8.33,8.12,160.45,,,6.36,,,,,,,,,,,0.0458,,,,,,,16.4,,,,,,,,,,,,0.1714,,
1919-06-30,,10.55,,0.059699999999999996,18.41,0.1042,,,9.59,9.21,176.6,,,7.02,,,,,,,,,,,0.047,,,,,,,16.9,,,,,,,,,,,,0.1497,,
1919-09-30,,9.83,,0.0599,17.2,0.10490000000000001,,,9.53,9.01,164.03,,,6.56,,,,,,,,,,,0.0481,,,,,,,17.8,,,,,,,,,,,,0.1338,104.51,0.0127
1919-12-31,,9.09,,0.0594,15.95,0.1043,,,9.59,8.92,152.94,,,6.16,,,,,,,,,,,0.0493,,,,,,,18.9,,,,,,,95.85,,,,,0.14550000000000002,,
1920-03-31,,8.64,,0.060599999999999994,14.76,0.1035,,,9.66,8.67,142.62,,,5.8,,,,,,,,,,,0.0499,,,,,,,19.7,,,,,,,,,,,,0.20120000000000002,,
1920-06-30,,8.06,,0.06570000000000001,13.41,0.1092,,,9.16,7.92,122.8,,,5.04,,,,,,,,,,,0.050199999999999995,,,,,,,20.9,,,,,,,,,,,,0.23670000000000002,,
1920-09-30,,8.34,,0.0654,13.49,0.1058,,,9.45,7.87,127.52,,,5.3,,,,,,,,,,,0.050499999999999996,,,,,,,20.0,,,,,,,,,,,,0.12359999999999999,106.46,0.018600000000000002
1920-12-31,,8.52,,0.07490000000000001,13.36,0.1175,,,8.51,6.81,113.75,,,4.78,,,,,,,,,,,0.0508,,,,,,,19.4,,,,,,,102.35,,,,,0.0265,,
1921-03-31,,8.81,,0.0723,11.91,0.0977,,,10.23,6.88,121.83,,,5.19,,,,,,,,,,,0.0496,,,,,,,18.3,,,,,,,,,,,,-0.0711,,
1921-06-30,,8.93,,0.07400000000000001,10.03,0.0832,,,12.02,6.55,120.6,,,5.22,,,,,,,,,,,0.047599999999999996,,,,,,,17.6,,,,,,,,,,,,-0.15789999999999998,,
1921-09-30,,8.75,,0.07150000000000001,7.73,0.0632,,,15.83,6.61,122.4,,,5.38,,,,,,,,,,,0.045599999999999995,,,,,,,17.5,,,,,,,,,,,,-0.125,108.54,0.0195
1921-12-31,,8.62,,0.0629,5.43,0.0397,,,25.21,7.31,136.93,,,6.11,,,,,,,,,,,0.0437,,,,,,,17.3,,,,,,,112.2,,,,,-0.1082,,
1922-03-31,,9.17,,0.061,7.57,0.0504,,,19.85,7.74,150.19,,,6.82,,,,,,,,,,,0.0431,,,,,,,16.7,,,,,,,,,,,,-0.0874,,
1922-06-30,,9.41,,0.0574,9.51,0.057999999999999996,,,17.24,8.45,163.97,,,7.56,,,,,,,,,,,0.0432,,,,,,,16.7,,,,,,,,,,,,-0.051100000000000007,,
1922-09-30,,9.71,,0.054900000000000004,11.52,0.06509999999999999,,,15.36,9.06,176.86,,,8.27,,,,,,,,,,,0.0434,,,,,,,16.6,,,,,,,,,,,,-0.051399999999999994,110.05,0.0139
1922-12-31,,9.78,,0.0581,13.23,0.0786,,,12.72,8.78,168.35,,,7.96,,,,,,,,,,,0.0436,,,,,,,16.9,,,,,,,116.46,,,,,-0.0231,,
1923-03-31,,9.93,,0.0546,14.71,0.0809,,,12.37,9.43,181.89,,,8.7,,,,,,,,,,,0.0431,,,,,,,16.8,,,,,,,,,,,,0.006,,
1923-06-30,,9.91,,0.062400000000000004,15.92,0.1001,,,9.99,8.34,158.98,,,7.67,,,,,,,,,,,0.0424,,,,,,,17.0,,,,,,,,,,,,0.018000000000000002,,
1923-09-30,,9.89,,0.0644,17.1,0.11130000000000001,,,8.98,8.15,153.55,,,7.46,,,,,,,,,,,0.0416,,,,,,,17.2,,,,,,,,,,,,0.0361,111.95,0.0172
1923-12-31,,9.93,,0.062,18.36,0.11460000000000001,,,8.72,8.55,160.15,,,7.81,,,,,,,,,,,0.0409,,,,,,,17.3,,,,,,,115.44,,,,,0.023700000000000002,,
1924-03-31,,10.14,,0.061500000000000006,18.33,0.1112,,,8.99,8.7,164.87,,,8.06,,,,,,,,,,,0.0403,,,,,,,17.1,,,,,,,,,,,,0.0179,,
1924-06-30,,10.29,,0.0626,18.2,0.1107,,,9.04,8.63,164.51,,,8.05,,,,,,,,,,,0.0398,,,,,,,17.0,,,,,,,,,,,,0.0,,
1924-09-30,,10.33,,0.058899999999999994,17.86,0.10189999999999999,,,9.81,9.25,175.29,,,8.58,,,,,,,,,,,0.0393,,,,,,,17.1,,,,,,,,,,,,-0.0058,114.11,0.019299999999999998
1924-12-31,,10.3,,0.0541,17.42,0.0915,,,10.92,10.16,190.31,,,9.31,,,,,,,,,,,0.0388,,,,,,,17.3,,,,,,,115.66,,,,,0.0,,
1925-03-31,,10.54,,0.0541,18.92,0.09720000000000001,,,10.29,10.39,194.62,,,9.52,,,,,,,,,,,0.0383,,,,,,,17.3,,,,,,,,,,,,0.011699999999999999,,
1925-06-30,,10.65,,0.053200000000000004,20.18,0.1009,,,9.91,10.8,199.99,,,9.8,,,,,,,,,,,0.0379,,,,,,,17.5,,,,,,,,,,,,0.0294,,
1925-09-30,,10.76,,0.051,21.42,0.1017,,,9.84,11.51,210.73,,,10.36,,,,,,,,,,,0.0374,,,,,,,17.7,,,,,,,,,,,,0.0351,115.83,0.0151
1925-12-31,,10.86,,0.0482,22.63,0.1003,,,9.97,12.46,225.57,,,11.15,,,,,,,,,,,0.0369,,,,,,,17.9,,,,,,,117.62,,,,,0.0347,,
1926-03-31,,11.33,,0.0527,22.72,0.1057,,,9.46,11.81,215.0,,,10.71,,,,,,,,,,,0.0362,,,,,,,17.8,,,,,,,,,,,,0.028900000000000002,,
1926-06-30,,11.81,,0.0533,22.79,0.10279999999999999,,,9.73,12.11,221.71,,,11.2,,,,,,,,,,,0.0354,,,,,,,17.7,,,,,,,,,,,,0.011399999999999999,,
1926-09-30,,12.36,,0.0501,23.0,0.0932,,,10.72,13.32,246.65,,,12.69,,,,,,,,,,,0.0345,,,,,,,17.5,,,,,,,,,,,,-0.0113,117.4,0.013500000000000002
1926-12-31,,12.63,,0.051100000000000007,22.7,0.0919,,,10.88,13.49,246.98,,,13.01,,,,,,,,,,,0.0337,,,,,,,17.7,,,,,,,114.14,,,,,-0.011200000000000002,,
1927-03-31,,13.3,,0.0512,22.63,0.08710000000000001,,,11.48,13.87,259.81,,,14.03,,,,,,,,,,,0.0334,,,,,,,17.3,,,,,,,,,,,,-0.0281,,
1927-06-30,,13.44,,0.049,21.63,0.0789,,,12.67,14.89,274.16,,,15.12,,,,,,,,,,,0.0334,,,,,,,17.6,,,,,,,,,,,,-0.005600000000000001,,
1927-09-30,,14.05,,0.0443,21.41,0.0675,,,14.82,16.94,317.31,,,17.82,,,,,,,,,,,0.0333,,,,,,,17.3,,,,,,,,,,,,-0.011399999999999999,119.04,0.013999999999999999
1927-12-31,,14.42,,0.0441,20.79,0.0636,,,15.73,17.46,327.05,,,18.65,,,,,,,,,,,0.0333,,,,,,,17.3,,,,,,,112.42,,,,,-0.0226,,
1928-03-31,,14.97,,0.0433,22.3,0.0645,,,15.51,18.25,345.85,,,19.94,,,,,,,,,,,0.0338,,,,,,,17.1,,,,,,,,,,,,-0.0116,,
1928-06-30,,15.35,,0.0426,23.59,0.0655,,,15.28,19.02,360.44,,,20.91,,,,,,,,,,,0.0344,,,,,,,17.1,,,,,,,,,,,,-0.028399999999999998,,
1928-09-30,,15.55,,0.0392,24.58,0.062,,,16.14,21.17,396.54,,,23.0,,,,,,,,,,,0.0351,,,,,,,17.3,,,,,,,,,,,,0.0,120.51,0.0124
1928-12-31,,16.11,,0.036699999999999997,26.15,0.0596,,,16.78,23.15,438.7,,,25.3,,,,,,,,,,,0.0358,,,,,,,17.1,,,,,,,115.43,,,,,-0.0116,,
1929-03-31,,16.77,,0.0346,27.41,0.0565,,,17.68,25.43,484.75,,,27.68,,,,,,,,,,,0.0355,,,,,,,17.0,,,,,,,,,,,,-0.0058,,
1929-06-30,,17.24,,0.0348,28.33,0.0572,,,17.49,26.15,495.56,,,27.94,,,,,,,,,,,0.0347,,,,,,,17.1,,,,,,,,,,,,0.0,,
1929-09-30,,17.61,,0.03,29.07,0.0496,,,20.17,31.3,586.29,,,32.56,,,,,,,,,,,0.0339,,,,,,,17.3,,,,,,,,,,,,0.0,121.77,0.0104
1929-12-31,,18.28,,0.0453,30.33,0.07519999999999999,,,13.29,21.4,403.18,,,22.01,,,,,,,,,,,0.0332,,,,,,,17.2,,0.1,,1.19,,9738.35,112.4,,,,,0.0058,,
1930-03-31,,18.65,,0.0406,27.8,0.060599999999999994,,,16.51,23.94,459.04,,,24.59,,,,,,,,,,,0.033,,,,,,,16.9,,,,,,,,,,,,-0.0059,,
1930-06-30,,18.81,,0.0453,24.88,0.0599,,,16.68,21.52,415.1,,,21.87,,,,,,,,,,,0.0331,,,,,,,16.8,,,,,,,,,,,,-0.0175,,
1930-09-30,,19.08,,0.047,22.06,0.054400000000000004,,,18.39,20.78,405.65,,,21.07,,,,,,,,,,,0.0332,,,,,,,16.6,,,,,,,,,,,,-0.0405,123.08,0.0108
1930-12-31,,19.73,,0.0632,19.52,0.0625,,,15.99,15.51,312.18,,,16.06,,,,,,,,,,,0.0334,,,,,,,16.1,,0.09,-0.1186,1.09,-0.0851,8825.75,114.92,,,,,-0.064,,
1931-03-31,,19.53,,0.0536,18.28,0.050199999999999995,,,19.92,17.53,364.15,,,18.58,,,,,,,,,,,0.034,,,,,,,15.6,,,,,,,,,,,,-0.07690000000000001,,
1931-06-30,,19.31,,0.0649,16.95,0.057,,,17.56,13.87,297.66,,,15.06,,,,,,,,,,,0.0348,,,,,,,15.1,,,,,,,,,,,,-0.1012,,
1931-09-30,,18.58,,0.0727,15.12,0.0592,,,16.9,11.83,255.57,,,12.82,,,,,,,,,,,0.035699999999999996,,,,,,,15.0,,,,,,,,,,,,-0.0964,124.04,0.0078000000000000005
1931-12-31,,18.2,,0.09720000000000001,13.54,0.0723,,,13.84,8.44,187.33,,,9.31,,,,,,,,,,,0.0365,,,,,,,14.6,,0.08,-0.1603,1.02,-0.0641,8200.93,116.4,,,,,-0.0932,,
1932-03-31,,17.13,,0.08960000000000001,12.96,0.0678,,,14.75,8.26,191.19,,,9.41,,,,,,,,,,,0.0362,,,,,,,14.0,,,,,,,,,,,,-0.1026,,
1932-06-30,,15.73,,0.1384,12.15,0.1069,,,9.35,4.77,113.66,,,5.57,,,,,,,,,,,0.0353,,,,,,,13.6,,,,,,,,,,,,-0.0993,,
1932-09-30,,14.03,,0.0702,11.12,0.0557,,,17.96,8.26,199.75,,,9.76,,,,,,,,,,,0.034300000000000004,,,,,,,13.4,,,,,,,,,,,,-0.1067,124.84,0.006500000000000001
1932-12-31,,12.37,,0.0733,10.14,0.0601,,,16.63,6.82,168.71,,,8.26,,,,,,,,,,,0.0334,,,,,,,13.1,,0.06,-0.2309,0.89,-0.129,7098.9,116.15,,,,,-0.1027,,
1933-03-31,,12.47,,0.07780000000000001,10.74,0.067,,,14.92,6.23,160.23,,,7.87,,,,,,,,,,,0.032799999999999996,,,,,,,12.6,,,,,,,,,,,,-0.1,,
1933-06-30,,11.99,,0.0452,10.84,0.0409,,,24.45,10.39,265.11,,,13.1,,,,,,,,,,,0.0323,,,,,,,12.7,,,,,,,,,,,,-0.0662,,
1933-09-30,,11.17,,0.043,10.62,0.0409,,,24.46,10.58,259.73,,,12.92,,,,,,,,,,,0.0318,,,,,,,13.2,,,,,,,,,,,,-0.0149,125.58,0.0059
1933-12-31,,10.8,,0.0441,10.8,0.0441,,,22.66,9.97,244.76,,,12.28,,,,,,,,,,,0.031400000000000004,,,,,,,13.2,,0.06,-0.0398,0.88,-0.0124,6968.71,110.87,,,,,0.0076,,
1934-03-31,,10.78,,0.0412,11.03,0.0421,,,23.73,10.74,261.68,,,13.25,,,,,,,,,,,0.030699999999999998,,,,,,,13.3,,,,,,,,,,,,0.0556,,
1934-06-30,,10.76,,0.044800000000000006,11.25,0.046799999999999994,,,21.38,9.94,240.38,,,12.29,,,,,,,,,,,0.0298,,,,,,,13.4,,,,,,,,,,,,0.055099999999999996,,
1934-09-30,,10.66,,0.0504,11.38,0.0538,,,18.6,8.88,211.59,,,10.91,,,,,,,,,,,0.028999999999999998,,,,,,,13.6,,,,,,,,,,,,0.030299999999999997,126.37,0.0063
1934-12-31,,10.88,,0.048600000000000004,11.85,0.0529,,,18.9,9.26,223.94,,,11.64,,,,,,,,,,,0.0282,,,,,,,13.4,,0.07,0.16879999999999998,0.97,0.1081,7671.38,112.39,,,,,0.0152,,
1935-03-31,,10.64,,0.0535,17.27,0.0868,,,11.52,8.41,198.93,,,10.4,,,,,,,,,,,0.0277,,,,,,,13.7,,,,,,,,,,,,0.0301,,
1935-06-30,,10.41,,0.0435,19.16,0.08,,,12.49,10.12,239.37,,,12.54,,,,,,,,,,,0.0273,,,,,,,13.7,,,,,,,,,,,,0.022400000000000003,,
1935-09-30,,10.41,,0.0379,17.98,0.0655,,,15.28,11.61,274.62,,,14.42,,,,,,,,,,,0.027000000000000003,,,,,,,13.7,,,,,,,,,,,,0.0074,127.25,0.0069
1935-12-31,,11.04,,0.036000000000000004,17.85,0.0583,,,17.16,13.04,306.21,,,16.16,,,,,,,,,,,0.026600000000000002,,,,,,,13.8,,0.07,0.1114,1.06,0.08900000000000001,8299.08,119.79,,,,,0.029900000000000003,,
1936-03-31,,11.83,,0.0336,18.69,0.053200000000000004,,,18.81,14.86,351.49,,,18.66,,,,,,,,,,,0.0265,,,,,,,13.7,,,,,,,,,,,,0.0,,
1936-06-30,,12.92,,0.0374,20.66,0.0599,,,16.69,14.69,344.95,,,18.39,,,,,,,,,,,0.026600000000000002,,,,,,,13.8,,,,,,,,,,,,0.0073,,
1936-09-30,,14.12,,0.038,21.76,0.058600000000000006,,,17.07,16.05,371.5,,,19.86,,,,,,,,,,,0.026699999999999998,,,,,,,14.0,,,,,,,,,,,,0.0219,128.05,0.0063
1936-12-31,,16.67,,0.042199999999999994,23.61,0.059800000000000006,,,16.73,17.06,394.88,,,21.13,,,,,,,,,,,0.0268,,,,,,,14.0,,0.08,0.1426,1.2,0.1288,9310.64,121.88,,,,,0.014499999999999999,,
1937-03-31,,17.12,,0.0415,25.33,0.061399999999999996,,,16.3,18.09,412.83,,,22.04,,,,,,,,,,,0.026600000000000002,,,,,,,14.2,,,,,,,,,,,,0.0365,,
1937-06-30,,18.9,,0.0537,26.33,0.0748,,,13.37,15.64,351.96,,,18.71,,,,,,,,,,,0.0263,,,,,,,14.4,,,,,,,,,,,,0.0435,,
1937-09-30,,17.09,,0.0536,27.08,0.0849,,,11.78,14.37,318.95,,,16.85,,,,,,,,,,,0.026000000000000002,,,,,,,14.6,,,,,,,,,,,,0.0429,128.82,0.006
1937-12-31,,18.0,,0.0726,25.43,0.1025,,,9.75,11.02,247.99,,,13.01,,,,,,,,,,,0.025699999999999997,,,,,,,14.4,,0.09,0.09630000000000001,1.26,0.0512,9722.13,121.53,,,,,0.0286,,
1938-03-31,,17.93,,0.0757,22.29,0.0941,,,10.63,10.31,236.95,,,12.38,,,,,,,,,,,0.0253,,,,,,,14.1,,,,,,,,,,,,-0.006999999999999999,,
1938-06-30,,17.01,,0.0725,17.7,0.0754,,,13.26,10.21,234.65,,,12.29,,,,,,,,,,,0.0248,,,,,,,14.1,,,,,,,,,,,,-0.0208,,
1938-09-30,,15.17,,0.0562,14.25,0.0528,,,18.95,11.75,270.05,,,14.28,,,,,,,,,,,0.024300000000000002,,,,,,,14.1,,,,,,,,,,,,-0.0342,129.82,0.0078000000000000005
1938-12-31,,11.8,,0.04019999999999999,14.81,0.0504,,,19.83,12.69,293.73,,,15.76,,,,,,,,,,,0.023799999999999998,,,,,,,14.0,,0.09,-0.0608,1.21,-0.0331,9326.18,123.91,,,,,-0.0278,,
1939-03-31,,12.12,,0.042,16.55,0.057300000000000004,,,17.45,12.39,288.85,,,15.73,,,,,,,,,,,0.023399999999999997,,,,,,,13.9,,,,,,,,,,,,-0.014199999999999999,,
1939-06-30,,12.45,,0.0464,17.85,0.0665,,,15.04,11.43,268.4,,,14.83,,,,,,,,,,,0.023,,,,,,,13.8,,,,,,,,,,,,-0.0213,,
1939-09-30,,12.87,,0.043899999999999995,18.62,0.0634,,,15.77,12.77,293.49,,,16.45,,,,,,,,,,,0.0226,,,,,,,14.1,,,,,,,,,,,,0.0,130.88,0.008100000000000001
1939-12-31,,14.35,,0.0501,20.83,0.0728,,,13.74,12.37,286.32,,,16.28,,,,,,,,,,,0.0222,,,,,,,14.0,,0.09,0.0697,1.31,0.0803,9987.75,122.3,,,,,0.0,,
1940-03-31,,14.58,,0.0519,22.92,0.0815,,,12.27,12.15,281.23,,,16.17,,,,,,,,,,,0.0217,,,,,,,14.0,,,,,,,,,,,,0.0072,,
1940-06-30,,14.94,,0.0672,23.9,0.1075,,,9.3,9.67,222.24,,,12.84,,,,,,,,,,,0.021,,,,,,,14.1,,,,,,,,,,,,0.0217,,
1940-09-30,,15.51,,0.063,25.0,0.1016,,,9.84,10.63,246.05,,,14.21,,,,,,,,,,,0.0204,,,,,,,14.0,,,,,,,,,,,,-0.0070999999999999995,132.12,0.0095
1940-12-31,,15.4,,0.0636,24.13,0.09970000000000001,,,10.03,10.53,242.01,,,13.91,,,,,,,,,,,0.0197,,,,,,,14.1,0.436,0.1,0.1013,1.43,0.0882,10765.27,125.45,,,,,0.0070999999999999995,,
1941-03-31,,15.52,,0.0683,24.19,0.1065,,,9.39,9.95,227.07,,,12.96,,,,,,,,,,,0.0204,,,,,,,14.2,,,,,,,,,,,,0.0143,,
1941-06-30,,15.21,,0.0707,24.03,0.1117,,,8.95,9.76,215.15,,,12.16,,,,,,,,,,,0.0216,,,,,,,14.7,,,,,,,,,,,,0.0426,,
1941-09-30,,15.02,,0.0684,25.54,0.1162,,,8.61,10.24,219.76,,,12.28,,,,,,,,,,,0.0229,,,,,,,15.1,,,,,,,,,,,,0.0786,133.4,0.0097
1941-12-31,,14.84,,0.08109999999999999,24.25,0.1324,,,7.55,8.76,183.14,,,10.09,,,,,,,,,,,0.0242,,,,,,,15.5,0.415,0.13,0.25670000000000004,1.68,0.1771,12544.24,104.55,,,,,0.0993,,
1942-03-31,,13.97,,0.08439999999999999,21.06,0.12710000000000002,,,7.87,8.18,165.67,,,9.0,,,,,,,,,,,0.0246,,,,,,,16.0,,,,,,,,,,,,0.1268,,
1942-06-30,,13.12,,0.07919999999999999,19.48,0.1176,,,8.5,8.33,165.61,,,8.91,,,,,,,,,,,0.0246,,,,,,,16.3,,,,,,,,,,,,0.10880000000000001,,
1942-09-30,,12.18,,0.07139999999999999,18.46,0.10830000000000001,,,9.23,8.68,170.47,,,9.08,,,,,,,,,,,0.024700000000000003,,,,,,,16.5,,,,,,,,,,,,0.09269999999999999,134.86,0.0109
1942-12-31,,11.31,,0.062,19.75,0.1082,,,9.24,9.52,182.54,,,9.62,,,,,,,,,,,0.024700000000000003,,,,,,,16.9,0.45899999999999996,0.17,0.2834,2.0,0.1889,14733.86,99.08,,,,,0.09029999999999999,,
1943-03-31,,11.12,,0.0533,20.16,0.0967,,,10.35,11.07,208.56,,,10.85,,,,,,,,,,,0.024700000000000003,,,,,,,17.2,,,,,,,,,,,,0.075,,
1943-06-30,,10.93,,0.048799999999999996,20.37,0.0909,,,11.0,12.1,224.06,,,11.52,,,,,,,,,,,0.024700000000000003,,,,,,,17.5,,,,,,,,,,,,0.0736,,
1943-09-30,,11.17,,0.05,20.11,0.0901,,,11.1,11.99,223.3,,,11.34,,,,,,,,,,,0.0248,,,,,,,17.4,,,,,,,,,,,,0.0545,136.74,0.0139
1943-12-31,,11.36,,0.053099999999999994,17.51,0.0819,,,12.21,11.48,213.8,,,10.74,,,,,,,,,,,0.0248,,,,,,,17.4,0.6920000000000001,0.2,0.2238,2.34,0.1702,17017.81,107.25,,,,,0.0296,,
1944-03-31,,11.55,,0.0512,17.32,0.07690000000000001,,,13.01,12.1,225.35,,,11.22,,,,,,,,,,,0.0246,,,,,,,17.4,,,,,,,,,,,,0.0116,,
1944-06-30,,11.6,,0.049699999999999994,16.94,0.0726,,,13.77,12.67,233.28,,,11.53,,,,,,,,,,,0.024300000000000002,,,,,,,17.6,,,,,,,,,,,,0.005699999999999999,,
1944-09-30,,11.72,,0.0508,16.48,0.07139999999999999,,,14.0,12.6,230.68,,,11.33,,,,,,,,,,,0.0241,,,,,,,17.7,,,,,,,,,,,,0.0172,138.4,0.0121
1944-12-31,,11.65,,0.0489,16.93,0.071,,,14.09,13.1,238.49,,,11.64,,,,,,,,,,,0.023799999999999998,,,,,,,17.8,0.8640000000000001,0.22,0.1052,2.52,0.0795,18159.09,122.23,,,,,0.023,,
1945-03-31,,11.83,,0.0467,17.48,0.0689,,,14.51,13.93,253.6,,,12.32,,,,,,,,,,,0.023399999999999997,,,,,,,17.8,,,,,,,,,,,,0.023,,
1945-06-30,,11.64,,0.0431,17.9,0.0663,,,15.09,15.09,270.16,,,13.13,,,,,,,,,,,0.023,,,,,,,18.1,,,,,,,,,,,,0.028399999999999998,,
1945-09-30,,11.82,,0.0417,17.72,0.0625,,,16.0,15.84,283.59,,,13.8,,,,,,,,,,,0.0225,,,,,,,18.1,,,,,,,,,,,,0.0226,139.93,0.0111
1945-12-31,,11.75,,0.0381,17.09,0.0554,,,18.05,17.33,308.56,,,15.02,,,,,,,,,,,0.022000000000000002,,,,,,,18.2,1.0390000000000001,0.23,0.0159,2.5,-0.0098,17789.36,133.62,,,,,0.0225,,
1946-03-31,,12.04,,0.0388,15.94,0.0513,,,19.48,17.53,310.42,,,15.13,,,,,,,,,,,0.022000000000000002,,,,,,,18.3,,,,,,,,,,,,0.0281,,
1946-06-30,,11.78,,0.0366,14.56,0.0452,,,22.12,18.58,321.97,,,15.77,,,,,,,,,,,0.022099999999999998,,,,,,,18.7,,,,,,,,,,,,0.0331,,
1946-09-30,,10.96,,0.045700000000000005,14.14,0.059000000000000004,,,16.96,15.09,239.7,,,11.84,,,,,,,,,,,0.0223,,,,,,,20.4,,,,,,,,,,,,0.12710000000000002,141.39,0.0104
1946-12-31,,10.7,,0.046900000000000004,15.98,0.0701,,,14.27,15.13,228.04,,,11.37,,,,,,,,,,,0.022400000000000003,,,,,,,21.5,1.061,0.23,-0.0021,2.21,-0.1161,15504.97,140.38,,,,,0.1813,,
1947-03-31,,10.65,,0.0475,18.79,0.08380000000000001,,,11.94,15.16,224.32,,,11.29,,,,,,,,,,,0.022799999999999997,,,,,,,21.9,,,,2.18,,15240.74,,,,,,0.1967,,
1947-06-30,,11.19,,0.0512,21.21,0.09699999999999999,,,10.31,14.84,218.59,,,11.08,,,,,,,,,,,0.0233,,,,,,,22.0,,,,2.18,,15128.03,,,,,,0.1765,,
1947-09-30,,11.13,,0.0525,21.84,0.10289999999999999,,,9.72,15.06,212.18,,,10.83,,,,,,,,,,,0.023799999999999998,,,,,,,23.0,,,,2.17,,15029.6,,,,,,0.1275,144.13,0.0194
1947-12-31,,11.63,,0.0559,22.3,0.10710000000000001,,,9.34,15.03,208.14,,,10.68,,,,,,,,,,,0.0242,,,,,,,23.4,0.9390000000000001,0.26,0.1416,2.21,-0.0016,15199.1,156.4,,,,,0.08839999999999999,,
1948-03-31,,11.77,,0.0594,23.68,0.11960000000000001,,,8.36,14.3,198.03,,,10.19,,,,,,,,,,,0.0242,,,,,,,23.4,,,0.0929,2.24,0.026099999999999998,15361.73,,,,,,0.06849999999999999,,
1948-06-30,,11.43,,0.050499999999999996,25.01,0.1106,,,9.04,16.82,226.17,,,11.58,,,,,,,,,,,0.0239,,,,,,,24.1,,,0.1081,2.28,0.0458,15548.77,,,,,,0.0955,,
1948-09-30,,11.51,,0.0552,27.38,0.1313,,,7.61,15.76,208.45,,,10.55,,,,,,,,,,,0.0235,,,,,,,24.5,,,0.1186,2.29,0.054000000000000006,15570.58,,,,,,0.0652,146.63,0.0174
1948-12-31,,12.5,,0.061200000000000004,30.79,0.1508,,,6.63,15.19,204.25,,,10.16,,,,,,,,,,,0.0232,,,,,,,24.1,0.826,0.28,0.0794,2.29,0.038900000000000004,15520.76,154.99,,,,,0.029900000000000003,,
1949-03-31,,13.34,,0.06570000000000001,32.41,0.15960000000000002,,,6.26,14.91,203.01,,,9.9,,,,,,,,,,,0.0231,,,,,,,23.8,,,0.035,2.26,0.009399999999999999,15241.14,,,,,,0.0171,,
1949-06-30,,13.83,,0.073,32.54,0.1718,,,5.82,13.97,189.42,,,9.07,,,,,,,,,,,0.0231,,,,,,,23.9,,,-0.0045000000000000005,2.25,-0.0103,15124.2,,,,,,-0.0083,,
1949-09-30,,14.1,,0.06709999999999999,32.41,0.1543,,,6.48,15.49,210.02,,,9.88,,,,,,,,,,,0.0232,,,,,,,23.9,,,-0.0226,2.28,-0.0058,15206.37,,,,,,-0.0245,149.19,0.0174
1949-12-31,,15.65,,0.0689,31.86,0.14029999999999998,,,7.13,16.54,227.11,,,10.53,,,,,,,,,,,0.0232,,,,,,,23.6,0.775,0.27,-0.0347,2.26,-0.015300000000000001,15001.72,158.41,,,,,-0.0207,,
1950-03-31,,16.07,,0.0674,32.54,0.1366,,,7.32,17.35,238.23,,,10.91,,,,,,,,,,,0.0236,,,,,,,23.6,,,0.021099999999999997,2.35,0.0377,15512.08,,,,,,-0.0084,,
1950-06-30,,16.34,,0.064,34.58,0.1355,,,7.38,18.74,255.16,,,11.55,,,,,,,,,,,0.0242,,,,,,,23.8,,,0.0701,2.42,0.073,15904.29,,,,,,-0.0042,,
1950-09-30,,17.66,,0.0697,36.12,0.1426,,,7.01,19.08,253.4,,,11.34,,,,,,,,,,,0.024900000000000002,,,,,,,24.4,,,0.1292,2.51,0.10310000000000001,16444.21,,,,,,0.0209,152.27,0.0207
1950-12-31,,19.05,,0.07440000000000001,36.81,0.1438,,,6.95,19.75,256.0,,,11.31,,,,,,,,,,,0.0255,,,,,,,25.0,0.7859999999999999,0.32,0.1822,2.56,0.13369999999999999,16687.9,154.98,,,,,0.0593,,
1951-03-31,,19.09,,0.0703,35.55,0.1308,,,7.64,21.63,271.68,,,11.84,,,,,,,,,,,0.0259,,,,,,,25.8,,,0.19649999999999998,2.59,0.1056,16842.95,,,,,,0.0932,,
1951-06-30,,19.52,,0.0724,34.03,0.12619999999999998,,,7.92,21.55,269.63,,,11.62,,,,,,,,,,,0.0262,,,,,,,25.9,,,0.185,2.64,0.0915,17062.5,,,,,,0.0882,,
1951-09-30,,18.87,,0.0647,31.16,0.1069,,,9.35,23.48,291.52,,,12.44,,,,,,,,,,,0.0264,,,,,,,26.1,,,0.14029999999999998,2.69,0.0725,17339.65,,,,,,0.0697,154.88,0.0171
1951-12-31,,17.24,,0.0602,29.84,0.1042,,,9.59,23.41,286.27,,,12.15,,,,,,,,,,,0.026699999999999998,,,,,,,26.5,0.655,0.36,0.11320000000000001,2.7,0.0547,17303.12,155.05,,,,,0.06,,
1952-03-31,,17.5,,0.0596,29.57,0.1008,,,9.92,23.81,293.37,,,12.36,,,,,,,,,,,0.027000000000000003,,,,,,,26.3,,,0.0709,2.73,0.051699999999999996,17413.09,,,,,,0.0194,,
1952-06-30,,17.73,,0.059500000000000004,28.61,0.096,,,10.42,24.38,298.13,,,12.45,,,,,,,,,,,0.0274,,,,,,,26.5,,,0.0492,2.73,0.036000000000000004,17376.23,,,,,,0.0232,,
1952-09-30,,17.6,,0.058499999999999996,28.64,0.09519999999999999,,,10.5,24.78,300.75,,,12.43,,,,,,,,,,,0.0278,,,,,,,26.7,,,0.0464,2.75,0.022400000000000003,17428.28,,,,,,0.023,157.55,0.0173
1952-12-31,,17.11,,0.0541,29.13,0.0922,,,10.85,26.04,316.04,,,12.93,,,,,,,,,,,0.0282,,,,,,,26.7,0.601,0.38,0.0692,2.84,0.0536,17925.97,160.67,,,,,0.0075,,
1953-03-31,,17.18,,0.054299999999999994,29.6,0.0935,,,10.7,25.99,316.62,,,12.83,,,,,,,,,,,0.0277,,,,,,,26.6,,,0.0783,2.9,0.061900000000000004,18183.82,178.61,,,,,0.011399999999999999,,
1953-06-30,,17.17,,0.0593,30.35,0.1048,,,9.54,23.95,289.59,,,11.62,,,,,,,,,,,0.0311,,,,,,,26.8,,,0.0851,2.92,0.0678,18249.04,177.82,,,,,0.0113,,
1953-09-30,,17.11,,0.061,30.72,0.1096,,,9.13,23.27,280.32,,,11.14,,,,,,,,,,,0.0287,,,,,,,26.9,,,0.0638,2.9,0.0542,18068.12,177.85,,,,,0.0075,160.18,0.0167
1953-12-31,,17.47,,0.0584,30.24,0.1011,,,9.89,24.83,299.12,,,11.75,,,,,,,,,,,0.0259,,,,,,,26.9,0.5720000000000001,0.39,0.013500000000000002,2.86,0.0052,17716.28,177.91,,,,,0.0075,,
1954-03-31,,17.71,,0.0553,30.72,0.096,,,10.42,26.57,320.08,,,12.42,,,,,,,,,,,0.023700000000000002,,,,,,,26.9,,,-0.0068000000000000005,2.85,-0.0178,17554.39,177.98,,,,,0.0113,,
1954-06-30,,17.47,,0.0501,31.56,0.09050000000000001,,,11.05,28.96,348.87,,,13.36,,,,,,,,,,,0.023799999999999998,,,,,,,26.9,,,-0.0144,2.85,-0.024300000000000002,17496.91,177.91,,,,,0.0037,,
1954-09-30,,17.77,,0.0467,31.8,0.0836,,,11.96,31.45,380.28,,,14.36,,,,,,,,,,,0.023799999999999998,,,,,,,26.8,,,-0.0004,2.88,-0.0077,17616.54,179.74,,,,,-0.0037,163.03,0.0177
1954-12-31,,18.69,,0.044000000000000004,33.62,0.07919999999999999,,,12.62,34.97,424.43,,,15.79,,,,,,,,,,,0.025099999999999997,,,,,,,26.7,0.58,0.4,0.035699999999999996,2.94,0.0273,17881.86,180.69,,,,,-0.0074,,
1955-03-31,,18.93,,0.042699999999999995,35.93,0.08109999999999999,,,12.33,36.5,443.0,,,16.22,,,,,,,,,,,0.0268,,,,,,,26.7,,,0.07200000000000001,3.02,0.0617,18311.69,180.49,,,,,-0.0074,,
1955-06-30,,19.05,,0.0395,39.08,0.0809,,,12.35,39.78,482.8,,,17.37,,,,,,,,,,,0.0278,,,,,,,26.7,,,0.0917,3.07,0.07780000000000001,18528.14,179.25,,,,,-0.0074,,
1955-09-30,,19.52,,0.0365,41.44,0.0776,,,12.89,44.34,534.15,,,18.84,,,,,,,,,,,0.0297,,,,,,,26.9,,,0.1003,3.11,0.0802,18695.21,179.9,,,,,0.0037,165.93,0.0178
1955-12-31,,19.83,,0.0361,43.77,0.07980000000000001,,,12.53,45.37,548.59,,,18.94,,,,,,,,,,,0.0296,,,,,,,26.8,0.5579999999999999,0.44,0.0935,3.13,0.0658,18723.92,180.57,,,,,0.0037,,
1956-03-31,,20.92,,0.0364,44.62,0.07769999999999999,,,12.87,47.49,574.23,,,19.37,,,,,,,,,,,0.0296,,,,,,,26.8,,,0.0646,3.12,0.0322,18568.74,179.13,,,,,0.0037,,
1956-06-30,,21.44,,0.038900000000000004,42.89,0.07780000000000001,,,12.85,46.27,551.25,,,18.16,,,,,,,,,,,0.03,,,,,,,27.2,,,0.0581,3.14,0.024,18639.75,175.82,,,,,0.0187,,
1956-09-30,,21.76,,0.0393,40.92,0.0739,,,13.54,46.84,553.97,,,17.84,,,,,,,,,,,0.0338,,,,,,,27.4,,,0.0487,3.14,0.0095,18539.36,177.96,,,,,0.018600000000000002,168.9,0.0179
1956-12-31,,20.43,,0.0375,40.04,0.07339999999999999,,,13.62,46.44,545.26,,,17.2,,,,,,,,,,,0.0359,,,,,,,27.6,0.507,0.46,0.0535,3.19,0.02,18759.21,176.53,,,,,0.029900000000000003,,
1957-03-31,,20.17,,0.0393,39.63,0.07719999999999999,,,12.95,44.03,513.24,,,15.9,,,,,,,,,,,0.0341,,,,,,,27.8,,,0.0683,3.21,0.0305,18794.25,176.92,,,,,0.0373,,
1957-06-30,,19.95,,0.0364,39.44,0.0719,,,13.9,47.55,548.35,,,16.73,,,,,,,,,,,0.038,,,,,,,28.1,,,0.0583,3.21,0.019799999999999998,18668.95,176.93,,,,,0.0331,,
1957-09-30,,20.15,,0.04,39.73,0.0789,,,12.67,43.98,503.6,,,15.16,,,,,,,,,,,0.0392,,,,,,,28.3,,,0.06269999999999999,3.24,0.030699999999999998,18771.04,175.68,,,,,0.032799999999999996,171.98,0.0182
1957-12-31,,20.42,,0.0444,38.45,0.0836,,,11.97,40.33,460.18,,,13.67,,,,,,,,,,,0.0321,,,,,,,28.4,0.473,0.47,0.0313,3.2,0.0034999999999999996,18499.14,176.35,,,,,0.028999999999999998,,
1958-03-31,,19.92,,0.042,35.33,0.0746,,,13.41,42.11,473.82,,,13.93,,,,,,,,,,,0.0298,,,,,,,28.8,,,-0.0048,3.12,-0.0287,17943.86,174.48,,,,,0.036000000000000004,,
1958-06-30,,19.4,,0.0387,32.85,0.0655,,,15.27,44.75,501.78,,,14.64,,,,,,,,,,,0.0297,,,,,,,28.9,,,-0.0001,3.14,-0.0202,17986.81,175.21,,,,,0.0285,,
1958-09-30,,19.4,,0.0353,32.29,0.0588,,,17.0,48.96,548.99,,,15.93,,,,,,,,,,,0.037599999999999995,,,,,,,28.9,,,0.0132,3.21,-0.0073,18325.97,174.38,,,,,0.0212,174.88,0.0168
1958-12-31,,19.62,,0.0327,32.41,0.054000000000000006,,,18.51,53.49,599.78,,,17.36,,,,,,,,,,,0.038599999999999995,,,,,,,28.9,0.478,0.5,0.052000000000000005,3.29,0.026600000000000002,18676.0,174.07,,,,,0.0176,,
1959-03-31,,19.85,,0.0315,34.87,0.0554,,,18.06,56.16,629.72,,,18.2,,,,,,,,,,,0.039900000000000005,,,,,,,28.9,,,0.0915,3.35,0.0742,18954.96,173.81,,,,,0.0034999999999999996,,
1959-06-30,,19.93,,0.031200000000000002,37.86,0.0592,,,16.9,57.46,639.87,,,18.45,,,,,,,,,,,0.0434,,,,,,,29.1,,,0.1074,3.43,0.09119999999999999,19301.67,173.06,,,,,0.0069,,
1959-09-30,,20.02,,0.0317,37.94,0.0601,,,16.63,57.05,630.97,,,18.12,,,,,,,,,,,0.046799999999999994,,,,,,,29.3,,,0.08070000000000001,3.43,0.0673,19237.21,171.56,,,,,0.0138,177.83,0.0169
1959-12-31,,20.17,,0.031,37.37,0.0574,,,17.42,59.06,650.97,,,18.62,,,,,,,,,,,0.046900000000000004,,,,,,,29.4,0.465,0.53,0.0581,3.44,0.0458,19215.48,171.98,,,,,0.0173,,
1960-03-31,,21.38,,0.0353,37.37,0.0616,,,16.23,55.02,606.44,,,17.29,,,,,,,,,,,0.0425,,,,,,,29.4,,,0.0633,3.52,0.0492,19569.9,172.11,,,,,0.0173,,
1960-06-30,,21.35,,0.0341,35.69,0.056900000000000006,,,17.56,57.26,626.87,,,17.82,,,,,,,,,,,0.0415,,,,,,,29.6,,,0.0353,3.5,0.0206,19387.91,170.57,,,,,0.0172,,
1960-09-30,,21.35,,0.0356,35.8,0.059699999999999996,,,16.76,54.81,600.05,,,17.05,,,,,,,,,,,0.038,,,,,,,29.6,,,0.0392,3.52,0.024900000000000002,19403.3,170.94,,,,,0.0102,180.67,0.016
1960-12-31,,21.2,,0.034300000000000004,35.56,0.0576,,,17.37,56.8,617.66,,,17.56,,,,,,,,,,,0.0384,,,,,,,29.8,0.44299999999999995,0.54,0.0219,3.47,0.0089,19074.84,170.72,,,,,0.013600000000000001,,
1961-03-31,,21.1,,0.030299999999999997,33.6,0.0482,,,20.75,64.12,697.26,,,19.84,,,,,,,,,,,0.0374,,,,,,,29.8,,,0.0044,3.49,-0.0067,19124.22,170.41,,,,,0.013600000000000001,,
1961-06-30,,21.1,,0.0296,32.95,0.0462,,,21.66,65.62,713.57,,,20.33,,,,,,,,,,,0.0388,,,,,,,29.8,,,0.026699999999999998,3.55,0.015700000000000002,19368.87,170.11,,,,,0.0068000000000000005,,
1961-09-30,,21.17,,0.0291,32.95,0.0453,,,22.05,67.26,726.53,,,20.71,,,,,,,,,,,0.0398,,,,,,,30.0,,,0.0404,3.62,0.0301,19662.99,169.71,,,,,0.013500000000000002,183.69,0.0167
1961-12-31,,21.82,,0.0282,34.46,0.044500000000000005,,,22.49,71.74,774.92,,,22.04,,,,,,,,,,,0.0406,,,,,,,30.0,0.436,0.58,0.0748,3.69,0.064,19971.55,170.5,,,,,0.0067,,
1962-03-31,,21.96,,0.028999999999999998,36.28,0.0479,,,20.86,70.29,756.74,,,21.44,,,,,,,,,,,0.0393,,,,,,,30.1,,,0.08990000000000001,3.76,0.0757,20249.84,170.43,,,,,0.0101,,
1962-06-30,,22.1,,0.037000000000000005,37.23,0.062400000000000004,,,16.03,55.63,596.92,,,16.83,,,,,,,,,,,0.0391,,,,,,,30.2,,,0.08070000000000001,3.79,0.0673,20355.01,170.41,,,,,0.0134,,
1962-09-30,,22.17,,0.0359,37.63,0.060899999999999996,,,16.43,58.0,618.26,,,17.32,,,,,,,,,,,0.0398,,,,,,,30.4,,,0.0729,3.84,0.0601,20529.49,169.65,,,,,0.013300000000000001,186.54,0.0155
1962-12-31,,22.71,,0.034,39.12,0.058600000000000006,,,17.07,62.64,667.72,,,18.59,,,,,,,,,,,0.038599999999999995,,,,,,,30.4,0.423,0.61,0.0545,3.85,0.0431,20522.91,169.29,,,,,0.013300000000000001,,
1963-03-31,,22.84,,0.0327,39.42,0.0565,,,17.7,65.67,697.73,,,19.29,,,,,,,,,,,0.0393,,,,,,,30.5,,,0.0466,3.89,0.036000000000000004,20672.58,169.28,,,,,0.013300000000000001,,
1963-06-30,,23.3,,0.031400000000000004,40.67,0.0548,,,18.26,70.11,742.46,,,20.38,,,,,,,,,,,0.039900000000000005,,,,,,,30.6,,,0.0489,3.94,0.0382,20829.84,169.81,,,,,0.0132,,
1963-09-30,,23.33,,0.030299999999999997,41.8,0.054400000000000004,,,18.4,72.85,768.97,,,20.96,,,,,,,,,,,0.0408,,,,,,,30.7,,,0.0582,4.02,0.0482,21213.05,169.49,,,,,0.009899999999999999,189.24,0.014499999999999999
1963-12-31,,23.91,,0.030699999999999998,42.16,0.0542,,,18.45,74.17,777.83,,,21.04,,,,,,,,,,,0.041299999999999996,,,,,,,30.9,0.41100000000000003,0.65,0.068,4.05,0.0516,21277.96,169.35,,,,,0.016399999999999998,,
1964-03-31,,24.44,,0.0296,43.84,0.053,,,18.85,78.8,826.39,,,22.17,,,,,,,,,,,0.042199999999999994,,,,,,,30.9,,,0.0775,4.14,0.0622,21651.38,170.54,,,,,0.0131,,
1964-06-30,,24.88,,0.0297,45.26,0.054000000000000006,,,18.53,80.24,838.78,,,22.3,,,,,,,,,,,0.0417,,,,,,,31.0,,,0.07769999999999999,4.18,0.061799999999999994,21811.61,169.34,,,,,0.0131,,
1964-09-30,,25.42,,0.029300000000000003,46.58,0.0536,,,18.66,83.41,869.11,,,22.89,,,,,,,,,,,0.042,,,,,,,31.1,,,0.0738,4.25,0.0552,22080.67,169.8,,,,,0.013000000000000001,191.89,0.013999999999999999
1964-12-31,,25.97,,0.0298,47.26,0.0542,,,18.45,83.96,872.04,,,22.75,,,,,,,,,,,0.0418,,,,,,,31.2,0.38799999999999996,0.7,0.0663,4.26,0.0516,22079.64,170.49,,,,,0.0097,,
1965-03-31,,26.4,,0.0294,48.45,0.053899999999999997,,,18.55,86.83,898.97,,,23.25,,,,,,,,,,,0.0421,,,,,,,31.3,,,0.0716,4.36,0.0548,22543.41,171.0,,,,,0.0129,,
1965-06-30,,26.77,,0.030699999999999998,49.63,0.056900000000000006,,,17.57,85.04,872.07,,,22.39,,,,,,,,,,,0.0421,,,,,,,31.6,,,0.0759,4.42,0.056600000000000004,22757.26,168.56,,,,,0.0194,,
1965-09-30,,27.28,,0.0298,51.07,0.0557,,,17.95,89.38,916.58,,,23.37,,,,,,,,,,,0.0429,,,,,,,31.6,,,0.0828,4.52,0.0635,23194.19,168.86,,,,,0.0161,194.3,0.0126
1965-12-31,,27.72,,0.0297,52.89,0.056600000000000004,,,17.67,91.73,934.76,,,23.69,,,,,,,,,,,0.0462,,,,,,,31.8,0.368,0.77,0.1069,4.62,0.08460000000000001,23659.98,169.59,,,,,0.0192,,
1966-03-31,,28.06,,0.0313,53.91,0.0601,,,16.64,88.88,897.26,,,22.61,,,,,,,,,,,0.0487,,,,,,,32.1,,,0.10859999999999999,4.73,0.0848,24165.97,168.92,,,,,0.0256,,
1966-06-30,,28.3,,0.0329,54.61,0.0634,,,15.76,86.06,860.74,,,21.56,,,,,,,,,,,0.0481,,,,,,,32.4,,,0.1024,4.75,0.07490000000000001,24178.81,167.75,,,,,0.0253,,
1966-09-30,,28.64,,0.0371,54.6,0.0708,,,14.12,77.81,771.09,,,19.16,,,,,,,,,,,0.0518,,,,,,,32.7,,,0.09380000000000001,4.79,0.0604,24315.86,166.38,,,,,0.0348,196.56,0.0116
1966-12-31,,28.27,,0.0353,54.67,0.0682,,,14.65,81.33,801.07,,,19.74,,,,,,,,,,,0.0484,,,,,,,32.9,0.33799999999999997,0.83,0.0796,4.83,0.045,24448.56,166.1,,,,,0.0346,,
1967-03-31,,28.48,,0.032400000000000005,53.52,0.060899999999999996,,,16.41,89.42,878.09,,,21.44,,,,,,,,,,,0.0454,,,,,,,33.0,,,0.060899999999999996,4.87,0.029300000000000003,24598.11,165.65,,,,,0.027999999999999997,,
1967-06-30,,28.22,,0.0317,51.87,0.0583,,,17.15,91.43,889.74,,,21.55,,,,,,,,,,,0.050199999999999995,,,,,,,33.3,,,0.0547,4.87,0.0264,24546.52,164.82,,,,,0.0278,,
1967-09-30,,28.16,,0.0305,51.12,0.0553,,,18.08,95.81,924.04,,,22.22,,,,,,,,,,,0.053,,,,,,,33.6,,,0.0556,4.92,0.0274,24715.05,164.55,,,,,0.0275,198.71,0.0109
1967-12-31,,27.91,,0.030600000000000002,50.95,0.0559,,,17.88,95.3,910.98,,,21.75,,,,,,,,,,,0.057,,,,,,,33.9,0.319,0.88,0.057800000000000004,4.96,0.026699999999999998,24839.16,164.67,,,,,0.0304,,
1968-03-31,,27.87,,0.0331,51.4,0.0611,,,16.38,89.09,841.69,,,19.93,,,,,,,,,,,0.0574,,,,,,,34.3,,,0.07730000000000001,5.06,0.0384,25282.53,163.71,,,,,0.0394,,
1968-06-30,,27.92,,0.0298,52.02,0.0554,,,18.04,100.5,938.54,,,22.0,,,,,,,,,,,0.0572,,,,,,,34.7,,,0.1005,5.14,0.055099999999999996,25640.95,161.99,,,,,0.042,,
1968-09-30,,27.97,,0.029900000000000003,52.25,0.0559,,,17.9,101.3,935.23,,,21.68,,,,,,,,,,,0.0546,,,,,,,35.1,,,0.0989,5.18,0.053399999999999996,25775.96,161.77,,,,,0.0446,200.71,0.01
1968-12-31,,28.02,,0.0288,52.58,0.0541,,,18.49,106.5,972.16,,,22.28,,,,,,,,,,,0.0603,,,,,,,35.5,0.32299999999999995,0.97,0.09820000000000001,5.2,0.0496,25813.94,162.9,,,,,0.0472,,
1969-03-31,,27.83,,0.031200000000000002,52.24,0.058600000000000006,,,17.06,99.3,891.37,,,20.2,,,,,,,,,,,0.063,,,,,,,36.1,,,0.09230000000000001,5.28,0.0447,26153.83,163.45,,,,,0.0525,,
1969-06-30,,27.71,,0.0316,51.71,0.058899999999999994,,,16.98,99.14,877.78,,,19.71,,,,,,,,,,,0.06570000000000001,,,,,,,36.6,,,0.0799,5.3,0.030600000000000002,26169.35,163.18,,,,,0.0548,,
1969-09-30,,27.51,,0.0333,51.45,0.0623,,,16.05,94.51,825.51,,,18.4,,,,,,,,,,,0.0716,,,,,,,37.1,,,0.0832,5.33,0.029500000000000002,26269.39,164.1,,,,,0.057,202.68,0.0098
1969-12-31,,27.16,,0.0347,49.68,0.0634,,,15.76,91.11,783.14,,,17.33,,,,,,,,,,,0.0765,,,,,,,37.7,0.284,1.04,0.0724,5.31,0.0204,26064.93,164.76,,,,,0.062,,
1970-03-31,,26.89,,0.0358,47.76,0.0635,,,15.75,88.65,752.03,,,16.53,,,,,,,,,,,0.0707,,,,,,,38.2,,,0.0583,5.3,0.0032,25950.46,166.16,,,,,0.0582,,
1970-06-30,,26.56,,0.0421,46.1,0.073,,,13.69,75.59,631.32,,,13.8,,,,,,,,,,,0.0784,,,,,,,38.8,,,0.057800000000000004,5.31,0.0016,25911.91,166.49,,,,,0.0601,,
1970-09-30,,26.37,,0.038599999999999995,44.31,0.0649,,,15.41,82.58,682.66,,,14.84,,,,,,,,,,,0.0739,,,,,,,39.2,,,0.0545,5.36,0.0042,26070.16,167.98,,,,,0.056600000000000004,205.05,0.011699999999999999
1970-12-31,,25.57,,0.0349,41.77,0.057,,,17.55,90.05,733.19,,,15.87,,,,,,,,,,,0.0639,,,,,,,39.8,0.271,1.09,0.048600000000000004,5.3,-0.0017000000000000001,25709.21,168.87,,,,,0.0557,,
1971-03-31,,25.2,,0.031200000000000002,42.29,0.0524,,,19.08,99.6,806.89,,,17.4,,,,,,,,,,,0.057,,,,,,,40.0,,,0.0799,5.44,0.027000000000000003,26324.23,169.12,,,,,0.0471,,
1971-06-30,,24.74,,0.0311,42.46,0.0533,,,18.74,99.72,795.93,,,17.08,,,,,,,,,,,0.0652,,,,,,,40.6,,,0.0833,5.47,0.0311,26383.4,168.44,,,,,0.0464,,
1971-09-30,,24.54,,0.0311,43.13,0.0546,,,18.31,99.4,789.48,,,16.86,,,,,,,,,,,0.061399999999999996,,,,,,,40.8,,,0.08439999999999999,5.52,0.0301,26524.96,169.96,,,,,0.0408,207.66,0.0127
1971-12-31,,24.21,,0.031,44.94,0.0575,,,17.4,99.17,781.91,,,16.6,,,,,,,,,,,0.0593,,,,,,,41.1,0.271,1.19,0.0934,5.53,0.0437,26516.02,170.73,,,,,0.0327,,
1972-03-31,,24.03,,0.0285,45.48,0.053899999999999997,,,18.54,107.7,843.01,,,17.81,,,,,,,,,,,0.060700000000000004,,,,,,,41.4,,,0.08410000000000001,5.63,0.0347,26931.03,170.96,,,,,0.035,,
1972-06-30,,23.86,,0.028399999999999998,46.39,0.0553,,,18.09,108.0,839.28,,,17.64,,,,,,,,,,,0.0611,,,,,,,41.7,,,0.09519999999999999,5.76,0.0525,27468.78,170.74,,,,,0.0271,,
1972-09-30,,23.71,,0.0282,47.26,0.056100000000000004,,,17.82,109.4,842.08,,,17.61,,,,,,,,,,,0.0655,,,,,,,42.1,,,0.0959,5.81,0.0538,27659.29,172.09,,,,,0.0319,209.9,0.0108
1972-12-31,,24.02,,0.0268,48.95,0.0546,,,18.3,117.5,895.91,,,18.65,,,,,,,,,,,0.0636,,,,,,,42.5,0.265,1.33,0.1164,5.91,0.0689,28055.28,170.6,,,,,0.0341,,
1973-03-31,,23.72,,0.0282,50.89,0.0605,,,16.53,112.4,841.19,,,17.41,,,,,,,,,,,0.06709999999999999,,,,,,,43.3,,,0.11939999999999999,6.06,0.0756,28681.15,167.24,,,,,0.045899999999999996,,
1973-06-30,,23.61,,0.030699999999999998,53.01,0.069,,,14.5,104.8,768.35,,,15.81,,,,,,,,,,,0.069,,,,,,,44.2,,,0.1165,6.12,0.0632,28924.51,164.29,,,,,0.06,,
1973-09-30,,23.44,,0.031,55.13,0.0728,,,13.73,105.6,757.08,,,15.48,,,,,,,,,,,0.0709,,,,,,,45.2,,,0.111,6.09,0.04769999999999999,28705.72,162.08,,,,,0.0736,211.91,0.0096
1973-12-31,,23.71,,0.035699999999999996,57.24,0.0861,,,11.62,94.78,664.8,,,13.49,,,,,,,,,,,0.0674,,,,,,,46.2,0.252,1.48,0.1109,6.15,0.04019999999999999,28911.96,161.48,,,,,0.08710000000000001,,
1974-03-31,,23.32,,0.0353,56.68,0.0858,,,11.66,97.44,660.58,,,13.31,,,,,,,,,,,0.0721,,,,,,,47.8,,,0.08259999999999999,6.1,0.0064,28598.03,159.69,,,,,0.1039,,
1974-06-30,,23.15,,0.039,57.8,0.0973,,,10.27,89.79,593.81,,,11.89,,,,,,,,,,,0.0754,,,,,,,49.0,,,0.08220000000000001,6.11,-0.0021,28600.77,158.71,,,,,0.10859999999999999,,
1974-09-30,,22.99,,0.0527,58.34,0.13369999999999999,,,7.48,68.12,436.26,,,8.68,,,,,,,,,,,0.08039999999999999,,,,,,,50.6,,,0.08800000000000001,6.05,-0.0063,28262.26,156.74,,,,,0.1195,213.85,0.0092
1974-12-31,,22.48,,0.0537,55.51,0.1325,,,7.54,67.07,418.77,,,8.29,,,,,,,,,,,0.07429999999999999,,,,,,,51.9,0.23199999999999998,1.6,0.0836,6.03,-0.0195,28083.03,157.14,13094.42,11196.68,,56640.0,0.1234,,
1975-03-31,,22.57,,0.0438,51.96,0.1009,,,9.91,83.78,515.17,,,10.16,,,,,,,,,,,0.07730000000000001,,,,,,,52.7,,,0.08380000000000001,5.96,-0.023,27672.8,161.87,,,,,0.1025,,
1975-06-30,,22.43,,0.04019999999999999,48.12,0.0861,,,11.61,92.4,558.63,,,11.01,,,,,,,,,,,0.0786,,,,,,,53.6,,,0.0796,6.0,-0.0183,27802.15,162.98,,,,,0.09390000000000001,,
1975-09-30,,22.02,,0.0438,46.06,0.0916,,,10.91,84.67,502.52,,,9.92,,,,,,,,,,,0.0843,,,,,,,54.6,,,0.096,6.1,0.008,28210.13,159.32,,,,,0.0791,215.97,0.009899999999999999
1975-12-31,,21.49,,0.0415,46.48,0.0897,,,11.14,88.7,517.9,,,10.25,,,,,,,,,,,0.08,,,,,,,55.5,0.24600000000000002,1.76,0.1014,6.18,0.0255,28522.17,159.34,13778.73,11799.94,0.053899999999999997,55100.0,0.0694,,
1976-03-31,,21.39,,0.0365,50.2,0.0857,,,11.67,101.1,586.08,,,11.63,,,,,,,,,,,0.07730000000000001,,,,,,,55.9,,,0.1265,6.32,0.061500000000000006,29094.6,160.4,,,,,0.060700000000000004,,
1976-06-30,,21.45,,0.0369,52.77,0.0909,,,11.01,101.8,580.79,,,11.54,,,,,,,,,,,0.0786,,,,,,,56.8,,,0.12140000000000001,6.37,0.0617,29238.63,163.43,,,,,0.059699999999999996,,
1976-09-30,,21.66,,0.0365,53.73,0.09050000000000001,,,11.05,105.5,593.54,,,11.81,,,,,,,,,,,0.0759,,,,,,,57.6,,,0.10339999999999999,6.4,0.0496,29326.1,162.78,,,,,0.054900000000000004,218.04,0.0095
1976-12-31,,22.55,,0.0387,55.18,0.0947,,,10.57,104.7,582.96,,,11.6,,,,,,,,,,,0.0687,,,,,,,58.2,0.267,1.93,0.09789999999999999,6.45,0.0431,29463.67,163.53,14921.49,12685.08,0.075,56040.0,0.048600000000000004,,
1977-03-31,,22.82,,0.0417,54.9,0.1002,,,9.98,100.6,547.9,,,10.9,,,,,,,,,,,0.0746,,,,,,,59.5,,,0.0924,6.53,0.0323,29738.33,165.16,,,,,0.0644,,
1977-06-30,,23.28,,0.043899999999999995,55.63,0.10490000000000001,,,9.53,99.29,530.07,,,10.53,,,,,,,,,,,0.0728,,,,,,,60.7,,,0.1099,6.65,0.0447,30239.91,169.33,,,,,0.0687,,
1977-09-30,,23.75,,0.046799999999999994,56.52,0.11130000000000001,,,8.99,96.23,507.88,,,10.07,,,,,,,,,,,0.07339999999999999,,,,,,,61.4,,,0.1229,6.77,0.057699999999999994,30705.02,171.15,,,,,0.066,220.24,0.0101
1977-12-31,,24.37,,0.049800000000000004,56.83,0.1161,,,8.62,93.82,489.58,,,9.68,,,,,,,,,,,0.07690000000000001,,,,,,,62.1,0.271,2.16,0.1189,6.77,0.0501,30624.25,175.03,16101.25,13573.15,0.07,56320.0,0.067,,
1978-03-31,,24.53,,0.054000000000000006,55.81,0.1229,,,8.13,88.82,453.98,,,8.95,,,,,,,,,,,0.08039999999999999,,,,,,,63.4,,,0.10769999999999999,6.8,0.041100000000000005,30641.0,176.92,,,,,0.0655,,
1978-06-30,,24.4,,0.050300000000000004,55.81,0.115,,,8.7,97.66,485.39,,,9.55,,,,,,,,,,,0.08460000000000001,,,,,,,65.2,,,0.1341,7.06,0.0608,31741.3,179.06,,,,,0.0741,,
1978-09-30,,24.46,,0.0483,56.38,0.1114,,,8.98,103.9,506.3,,,9.94,,,,,,,,,,,0.0842,,,,,,,66.5,,,0.1306,7.13,0.0525,31973.23,180.58,,,,,0.08310000000000001,222.58,0.0106
1978-12-31,,24.27,,0.0528,59.02,0.1283,,,7.79,96.11,460.04,,,9.01,,,,,,,,,,,0.0901,,,,,,,67.7,0.267,2.48,0.1445,7.23,0.0666,32313.48,182.7,17729.66,15064.81,0.1099,58510.0,0.0902,,
1979-03-31,,24.14,,0.0519,61.75,0.1329,,,7.53,100.1,464.73,,,9.07,,,,,,,,,,,0.09119999999999999,,,,,,,69.8,,,0.147,7.24,0.06509999999999999,32282.33,185.57,,,,,0.1009,,
1979-06-30,,23.93,,0.0525,62.66,0.1375,,,7.27,101.7,455.83,,,8.85,,,,,,,,,,,0.0891,,,,,,,72.3,,,0.11130000000000001,7.25,0.026600000000000002,32228.01,184.55,,,,,0.10890000000000001,,
1979-09-30,,23.93,,0.0507,63.55,0.13470000000000001,,,7.42,108.6,471.75,,,9.11,,,,,,,,,,,0.0933,,,,,,,74.6,,,0.11380000000000001,7.3,0.0239,32385.67,182.77,,,,,0.12179999999999999,225.06,0.0111
1979-12-31,,23.87,,0.0524,62.78,0.1378,,,7.25,107.8,455.45,,,8.75,,,,,,,,,,,0.1039,,,,,,,76.7,0.25,2.72,0.09970000000000001,7.32,0.0128,32388.73,181.38,19553.96,16461.74,0.09269999999999999,58400.0,0.1329,,
1980-03-31,,23.46,,0.0554,61.86,0.146,,,6.85,104.7,423.58,,,8.08,,,,,,,,,,,0.1275,,,,,,,80.1,,,0.1042,7.34,0.014199999999999999,32412.82,176.5,,,,,0.1476,,
1980-06-30,,23.28,,0.0518,58.54,0.1304,,,7.67,114.6,449.05,,,8.51,,,,,,,,,,,0.0978,,,,,,,82.7,,,0.0795,7.19,-0.0078000000000000005,31669.16,173.6,,,,,0.1438,,
1980-09-30,,23.42,,0.048,56.48,0.1157,,,8.64,126.5,488.01,,,9.2,,,,,,,,,,,0.1151,,,,,,,84.0,,,0.0708,7.18,-0.016200000000000003,31554.48,176.18,,,,,0.126,227.22,0.0096
1980-12-31,,23.13,,0.0461,55.65,0.111,,,9.01,133.5,501.29,,,9.39,,,,,,,,,,,0.1284,,,,,,,86.3,0.255,2.99,0.09609999999999999,7.32,-0.0004,32064.02,171.91,21064.61,17709.3,0.0758,56580.0,0.1252,,
1981-03-31,,23.0,,0.0471,53.39,0.10949999999999999,,,9.14,133.2,487.73,,,9.08,,,,,,,,,,,0.13119999999999998,,,,,,,88.5,,,0.1199,7.46,0.016,32612.21,168.68,,,,,0.10490000000000001,,
1981-06-30,,22.86,,0.0483,53.69,0.11349999999999999,,,8.81,132.3,473.2,,,8.77,,,,,,,,,,,0.13470000000000001,,,,,,,90.6,,,0.1305,7.4,0.0297,32291.43,168.72,,,,,0.0955,,
1981-09-30,,22.67,,0.055099999999999996,53.09,0.1291,,,7.75,118.3,411.33,,,7.58,,,,,,,,,,,0.1532,,,,,,,93.2,,,0.14150000000000001,7.49,0.0433,32599.46,166.24,,,,,0.10949999999999999,229.47,0.009899999999999999
1981-12-31,,22.86,,0.0536,52.95,0.1241,,,8.06,123.8,426.79,,,7.83,,,,,,,,,,,0.13720000000000002,,,,,,,94.0,0.252,3.28,0.0989,7.41,0.013000000000000001,32167.32,165.34,22788.6,19075.08,0.0771,55630.0,0.0892,,
1982-03-31,,23.04,,0.060599999999999994,50.79,0.13369999999999999,,,7.48,110.8,379.95,,,6.95,,,,,,,,,,,0.1386,,,,,,,94.5,,,0.048,7.3,-0.0219,31592.18,166.21,,,,,0.0678,,
1982-06-30,,22.75,,0.0621,47.34,0.1292,,,7.74,109.7,366.48,,,6.69,,,,,,,,,,,0.14300000000000002,,,,,,,97.0,,,0.0536,7.33,-0.0101,31660.93,162.69,,,,,0.0706,,
1982-09-30,,22.67,,0.055999999999999994,44.88,0.1108,,,9.03,122.4,405.15,,,7.4,,,,,,,,,,,0.1234,,,,,,,97.9,,,0.032400000000000005,7.3,-0.0256,31466.79,160.19,,,,,0.0504,231.66,0.0096
1982-12-31,,22.81,,0.0493,41.97,0.0907,,,11.03,139.4,462.84,,,8.47,,,,,,,,,,,0.1054,,,,,,,97.6,0.27899999999999997,3.4,0.0371,7.3,-0.0144,31407.39,161.85,24309.09,20170.91,0.0574,55470.0,0.0383,,
1983-03-31,,22.87,,0.0455,41.11,0.0818,,,12.23,151.9,502.8,,,9.23,,,,,,,,,,,0.1051,,,,,,,97.9,,,0.0608,7.4,0.0143,31748.66,164.31,,,,,0.036000000000000004,,
1983-06-30,,22.6,,0.0417,41.0,0.0757,,,13.22,166.4,541.94,,,10.0,,,,,,,,,,,0.1085,,,,,,,99.5,,,0.0741,7.57,0.0327,32397.17,163.61,,,,,0.0258,,
1983-09-30,,22.53,,0.04190000000000001,42.8,0.0795,,,12.57,167.2,538.05,,,9.98,,,,,,,,,,,0.1165,,,,,,,100.7,,,0.0959,7.72,0.0574,32971.93,162.68,,,,,0.0286,233.79,0.0092
1983-12-31,,22.68,,0.0431,44.88,0.08529999999999999,,,11.72,164.4,525.91,,,9.82,,,,,,,,,,,0.1183,,,,,,,101.3,0.322,3.79,0.1152,7.88,0.079,33586.88,162.31,25400.76,20884.39,0.0354,55120.0,0.0379,,
1984-03-31,,22.68,,0.045599999999999995,48.2,0.09699999999999999,,,10.31,157.4,497.14,,,9.33,,,,,,,,,,,0.1232,,,,,,,102.6,,,0.1251,8.03,0.0858,34169.43,162.63,,,,,0.048,,
1984-06-30,,22.84,,0.04769999999999999,50.62,0.1058,,,9.45,153.1,478.42,,,9.01,,,,,,,,,,,0.1356,,,,,,,103.7,,,0.1204,8.17,0.08,34684.83,163.52,,,,,0.042199999999999994,,
1984-09-30,,22.78,,0.0444,51.11,0.09970000000000001,,,10.03,166.1,512.62,,,9.69,,,,,,,,,,,0.1252,,,,,,,105.0,,,0.10710000000000001,8.25,0.069,34942.2,163.08,,,,,0.042699999999999995,235.82,0.0087
1984-12-31,,23.17,,0.0458,51.21,0.1012,,,9.89,164.5,506.24,,,9.6,,,,,,,,,,,0.115,,,,,,,105.3,0.331,4.15,0.0932,8.32,0.0558,35150.9,164.16,27462.96,22414.07,0.0732,56780.0,0.0395,,
1985-03-31,,23.33,,0.042699999999999995,49.92,0.09140000000000001,,,10.95,179.4,546.38,,,10.37,,,,,,,,,,,0.1186,,,,,,,106.4,,,0.0824,8.4,0.0455,35413.0,164.72,,,,,0.037000000000000005,,
1985-06-30,,23.31,,0.040999999999999995,47.01,0.08259999999999999,,,12.1,188.9,568.9,,,10.81,,,,,,,,,,,0.1016,,,,,,,107.6,,,0.0712,8.47,0.0368,35645.96,165.47,,,,,0.037599999999999995,,
1985-09-30,,23.46,,0.0426,45.57,0.0827,,,12.09,184.1,550.86,,,10.47,,,,,,,,,,,0.10369999999999999,,,,,,,108.3,,,0.0741,8.6,0.0426,36107.89,167.2,,,,,0.031400000000000004,237.92,0.0089
1985-12-31,,23.42,,0.0381,43.32,0.0705,,,14.19,207.3,614.61,,,11.69,,,,,,,,,,,0.0926,,,,,,,109.3,0.353,4.44,0.0712,8.67,0.0418,36292.22,167.66,29066.19,23617.05,0.0537,57860.0,0.038,,
1986-03-31,,23.89,,0.0345,43.25,0.0625,,,16.0,232.3,691.89,,,13.19,,,,,,,,,,,0.07780000000000001,,,,,,,108.8,,,0.06570000000000001,8.75,0.0415,36546.59,171.72,,,,,0.0226,,
1986-06-30,,23.97,,0.033,43.53,0.06,,,16.68,245.3,725.94,,,13.89,,,,,,,,,,,0.078,,,,,,,109.5,,,0.0583,8.79,0.037000000000000005,36626.66,174.15,,,,,0.0177,,
1986-09-30,,24.2,,0.0345,43.67,0.0623,,,16.05,238.3,700.74,,,13.47,,,,,,,,,,,0.0745,,,,,,,110.2,,,0.0504,8.87,0.031200000000000002,36893.5,175.9,,,,,0.0175,240.13,0.009300000000000001
1986-12-31,,24.28,,0.0333,42.46,0.0582,,,17.17,248.6,729.05,,,14.09,,,,,,,,,,,0.0711,,,,,,,110.5,0.385,4.66,0.048,8.92,0.0291,37008.45,178.17,30759.73,24897.38,0.0542,60010.0,0.011000000000000001,,
1987-03-31,,24.11,,0.0285,43.65,0.0516,,,19.37,292.5,845.55,,,16.43,,,,,,,,,,,0.0725,,,,,,,112.1,,,0.0475,8.99,0.0271,37199.81,186.43,,,,,0.030299999999999997,,
1987-06-30,,24.33,,0.028300000000000002,41.17,0.0478,,,20.9,301.4,860.53,,,16.83,,,,,,,,,,,0.084,,,,,,,113.5,,,0.0574,9.08,0.0335,37517.18,189.12,,,,,0.0365,,
1987-09-30,,24.4,,0.027200000000000002,44.69,0.049800000000000004,,,20.09,318.7,898.05,,,17.68,,,,,,,,,,,0.0942,,,,,,,115.0,,,0.0601,9.16,0.0326,37757.06,190.6,,,,,0.0436,242.29,0.009000000000000001
1987-12-31,,24.74,,0.0366,49.14,0.0726,,,13.77,241.0,676.75,,,13.39,,,,,,,,,,,0.08990000000000001,,,,,,,115.4,0.396,5.01,0.07519999999999999,9.32,0.0447,38318.08,191.96,32409.2,26061.18,0.0467,60760.0,0.0443,,
1988-03-31,,24.9,,0.0337,51.71,0.07,,,14.29,265.7,739.07,,,14.67,,,,,,,,,,,0.0837,,,,,,,116.5,,,0.07440000000000001,9.37,0.0424,38428.84,192.87,,,,,0.0393,,
1988-06-30,,25.35,,0.0341,59.51,0.0801,,,12.49,270.7,743.4,,,14.77,,,,,,,,,,,0.0892,,,,,,,118.0,,,0.0799,9.49,0.044800000000000006,38845.76,195.2,,,,,0.039599999999999996,,
1988-09-30,,25.59,,0.0353,61.48,0.0848,,,11.79,268.0,724.93,,,14.37,,,,,,,,,,,0.0898,,,,,,,119.8,,,0.0815,9.55,0.04190000000000001,38982.29,196.33,,,,,0.0417,244.5,0.0091
1988-12-31,,26.22,,0.0353,63.87,0.0859,,,11.64,276.5,743.58,,,14.7,,,,,,,,,,,0.0911,,,,,,,120.5,0.39899999999999997,5.4,0.0782,9.67,0.038,39408.37,197.09,34017.04,27225.19,0.0447,61210.0,0.044199999999999996,,
1989-03-31,,26.53,,0.0342,66.14,0.08529999999999999,,,11.73,292.7,775.56,,,15.3,,,,,,,,,,,0.09359999999999999,,,,,,,122.3,,,0.0863,9.77,0.0432,39715.06,197.16,,,,,0.049800000000000004,,
1989-06-30,,27.07,,0.032,65.86,0.0779,,,12.84,323.7,845.26,,,16.64,,,,,,,,,,,0.0828,,,,,,,124.1,,,0.0814,9.85,0.0375,39924.01,197.67,,,,,0.051699999999999996,,
1989-09-30,,27.83,,0.030899999999999997,61.41,0.0682,,,14.66,347.3,900.35,,,17.71,,,,,,,,,,,0.0819,,,,,,,125.0,,,0.0781,9.92,0.0391,40117.02,198.14,,,,,0.0434,246.82,0.0095
1989-12-31,,28.41,0.1338,0.0317,58.77,0.06559999999999999,-0.0371,-0.07980000000000001,15.24,348.6,895.84,,,17.65,,,,,,,,,,,0.0784,,,,,,,126.1,0.39399999999999996,5.75,0.0644,9.94,0.0274,40089.48,196.59,36522.43,28907.79,0.061799999999999994,62260.0,0.04650000000000001,,
1990-03-31,,28.5,0.1306,0.0334,54.56,0.064,-0.1318,-0.175,15.62,338.46,852.21,,,16.83,,,,,,0.0828,0.08349999999999999,0.0863,0.0863,0.086,0.0859,,0.08560000000000001,,,,,128.7,,,0.06559999999999999,10.05,0.0282,40420.45,193.35,,,,,0.052300000000000006,,
1990-06-30,,29.1,0.1249,0.032400000000000005,53.04,0.059000000000000004,-0.157,-0.19469999999999998,16.95,360.39,899.04,,,17.82,,,,,,0.0805,0.081,0.08349999999999999,0.084,0.0843,0.0848,,0.08460000000000001,,,,,129.9,,,0.061900000000000004,10.08,0.0241,40442.72,193.33,,,,,0.0467,249.34,
1990-09-30,,28.9,0.1025,0.0375,53.09,0.0689,-0.0823,-0.1356,14.51,315.41,770.23,,,15.3,,,,,,0.077,0.0776,0.0808,0.0827,0.0851,0.0889,,0.09029999999999999,,,,,132.7,,,0.056100000000000004,10.09,0.0173,40324.96,188.57,,,,,0.0616,250.23,0.011399999999999999
1990-12-31,,29.27,0.0933,0.0368,51.68,0.0649,-0.0669,-0.1206,15.41,328.75,796.21,,,15.85,,,,,,0.0703,0.0705,0.0731,0.0747,0.07730000000000001,0.08070000000000001,,0.0824,,,,,133.8,0.409,6.0,0.044800000000000006,10.0,0.006,39835.53,183.99,37402.29,29943.26,0.0358,61500.0,0.0611,251.0,
1991-03-31,,29.07,0.07,0.0325,50.26,0.0562,-0.0337,-0.0788,17.78,372.28,893.62,,,17.82,,,,,,0.062,0.064,0.071,0.0735,0.07769999999999999,0.08109999999999999,,0.08289999999999999,,,,,135.0,,,0.0277,9.95,-0.0095,39541.68,180.37,,,,,0.049,251.68,
1991-06-30,,28.94,0.0415,0.0321,46.25,0.0513,-0.087,-0.128,19.49,378.29,901.37,,,18.01,,,,,,0.0602,0.0636,0.0696,0.0739,0.0794,0.0828,,0.08470000000000001,,,,,136.0,,,0.027999999999999997,10.03,-0.0054,39692.37,181.68,,,,,0.047,252.68,0.0134
1991-09-30,,28.99,0.0373,0.0317,42.09,0.046,-0.18030000000000002,-0.2072,21.73,387.2,914.53,,,18.36,,,,,,0.0548,0.0557,0.061799999999999994,0.065,0.07139999999999999,0.0765,,0.0795,,,,,137.2,,,0.0317,10.08,-0.001,39740.9,180.85,,,,,0.0339,253.65,0.0137
1991-12-31,,28.68,0.0097,0.031400000000000004,37.53,0.041100000000000005,-0.2516,-0.27390000000000003,24.33,388.51,912.97,,,18.44,,,,,,0.0426,0.0438,0.050300000000000004,0.053899999999999997,0.061900000000000004,0.0709,,0.077,,,,,137.9,0.441,6.26,0.0433,10.12,0.011699999999999999,39741.71,178.19,37923.93,30128.23,0.0062,59710.0,0.030600000000000002,254.53,0.0141
1992-03-31,,28.67,0.0177,0.030299999999999997,37.66,0.0397,-0.2268,-0.2507,25.16,407.36,947.64,,,19.28,,,,,,0.0433,0.0463,0.056799999999999996,0.061799999999999994,0.0695,0.0754,,0.0797,,,,,139.3,,,0.054299999999999994,10.24,0.0286,40097.63,176.36,,,,,0.0319,255.29,0.0143
1992-06-30,,28.48,0.014199999999999999,0.0302,39.41,0.0418,-0.1216,-0.1479,23.95,408.27,943.66,,,19.31,,,,,,0.038900000000000004,0.0417,0.050499999999999996,0.055999999999999994,0.06480000000000001,0.0726,,0.0784,,,,,140.2,,,0.056100000000000004,10.35,0.0317,40388.05,177.05,,,,,0.030899999999999997,256.2,0.0139
1992-09-30,,28.43,0.0098,0.0296,41.37,0.0431,0.0123,-0.017,23.2,418.48,959.73,,,19.71,,,,,,0.0304,0.0318,0.038900000000000004,0.044199999999999996,0.0538,0.0642,,0.07339999999999999,,,,,141.3,,,0.0581,10.45,0.036699999999999997,40630.75,175.74,,,,,0.029900000000000003,257.19,0.013999999999999999
1992-12-31,,28.28,0.0149,0.028399999999999998,43.6,0.0438,0.1954,0.1617,22.82,435.64,994.86,,,20.45,,,,,,0.0347,0.0371,0.0467,0.0521,0.0608,0.0677,,0.07440000000000001,,,,,141.9,0.46799999999999997,6.68,0.0664,10.56,0.0438,40915.15,174.63,38840.37,30634.58,0.0168,59210.0,0.028999999999999998,258.06,0.0139
1993-03-31,,28.16,0.0126,0.0277,44.77,0.0441,0.2254,0.1888,22.69,450.16,1015.85,,,20.85,,,,,,0.0315,0.0333,0.0395,0.044000000000000004,0.0519,0.059800000000000006,,0.0682,,,,,143.6,,,0.0576,10.58,0.0332,40865.8,172.38,,,,,0.030899999999999997,258.81,0.0138
1993-06-30,,28.1,0.0165,0.0279,43.38,0.0431,0.13369999999999999,0.1007,23.18,448.06,1005.51,,,20.61,,,,,,0.0329,0.0354,0.0416,0.0453,0.052199999999999996,0.0596,,0.0681,,,,,144.4,,,0.052300000000000006,10.64,0.0281,40974.13,173.97,,,,,0.03,259.62,0.0134
1993-09-30,,27.96,0.01,0.0273,45.58,0.0444,0.13140000000000002,0.1017,22.5,459.24,1025.63,,,20.99,,,,,,0.0315,0.0336,0.0385,0.0417,0.0473,0.0536,,0.06,,,,,145.1,,,0.048,10.69,0.0229,41025.27,174.65,,,,,0.0269,260.54,0.013000000000000001
1993-12-31,,27.95,0.0155,0.027000000000000003,48.65,0.047,0.1467,0.11599999999999999,21.29,465.95,1035.62,,,21.16,,,,,,0.0334,0.0361,0.0421,0.0454,0.051500000000000004,0.057699999999999994,0.064,0.0625,,,,,145.8,0.479,7.01,0.049800000000000004,10.83,0.026099999999999998,41453.64,173.63,41429.93,31239.46,0.0197,58920.0,0.0275,261.35,0.0127
1994-03-31,,27.97,0.0183,0.0274,50.0,0.049,0.1447,0.1167,20.42,463.81,1021.06,,,20.83,,,,,,0.0391,0.0432,0.05,0.054000000000000006,0.0594,0.06480000000000001,0.07,0.0691,,,,,147.2,,,0.0574,10.94,0.034300000000000004,41746.67,172.51,,,,,0.025099999999999997,262.04,0.0125
1994-06-30,,28.1,0.024900000000000002,0.0282,55.18,0.0554,0.3037,0.272,18.05,454.83,995.87,,,20.29,,,,,,0.0472,0.0527,0.0593,0.06269999999999999,0.067,0.071,0.0751,0.0739,,,,,148.0,,,0.0643,11.09,0.042300000000000004,42182.75,174.53,,,,,0.024900000000000002,262.84,0.0124
1994-09-30,,28.03,0.0323,0.0277,59.28,0.058499999999999996,0.33899999999999997,0.3005,17.09,466.96,1012.85,,,20.57,,,,,,0.0524,0.0576,0.0639,0.0669,0.0708,0.0746,0.0787,0.0771,,,,,149.4,,,0.0652,11.15,0.0434,42288.62,174.28,,,,,0.0296,263.72,0.012199999999999999
1994-12-31,,28.51,0.0471,0.028900000000000002,66.24,0.0672,0.3979,0.3615,14.88,455.19,985.34,,,19.91,,,,,,0.065,0.07139999999999999,0.0759,0.0771,0.07780000000000001,0.0781,0.0799,0.0787,,,,,149.7,0.478,7.46,0.063,11.28,0.0412,42644.32,173.37,43132.2,32263.82,0.032799999999999996,59550.0,0.026699999999999998,264.51,0.0121
1995-03-31,,28.19,0.0364,0.026699999999999998,69.67,0.066,0.43329999999999996,0.3935,15.15,493.15,1055.53,,,21.15,,,,,,0.0617,0.0643,0.0678,0.0689,0.0705,0.07200000000000001,0.0757,0.0745,,,,,151.4,,,0.0571,11.32,0.0348,42683.11,171.44,,,,,0.0285,265.21,0.0121
1995-06-30,,28.39,0.040999999999999995,0.0248,73.16,0.0638,0.3663,0.326,15.67,539.35,1146.09,,,22.72,,,,,,0.056600000000000004,0.0564,0.0572,0.057999999999999996,0.0593,0.0617,0.0659,0.06570000000000001,,,,,152.5,,,0.0461,11.35,0.024,42684.76,172.31,,,,,0.0304,265.99,0.012
1995-09-30,,28.71,0.050499999999999996,0.0235,74.41,0.0608,0.2872,0.2553,16.45,578.77,1224.23,,,23.94,,,,,,0.0554,0.0562,0.0581,0.058899999999999994,0.06,0.062,0.0665,0.0655,,,,,153.2,,,0.048,11.45,0.026699999999999998,42904.75,172.94,,,,,0.0254,266.88,0.012
1995-12-31,,29.11,0.046900000000000004,0.022400000000000003,71.69,0.0553,0.10980000000000001,0.0823,18.1,614.57,1297.42,,,25.03,,,,,,0.0535,0.053099999999999994,0.053200000000000004,0.053899999999999997,0.055099999999999996,0.0571,0.061200000000000004,0.060599999999999994,,,,,153.5,0.47700000000000004,7.77,0.0426,11.53,0.022000000000000002,43067.83,172.14,44939.76,34075.02,0.056100000000000004,61440.0,0.0254,267.67,0.011899999999999999
1996-03-31,,29.35,0.0709,0.0218,70.85,0.0526,0.0458,0.0169,19.01,647.07,1346.73,,,25.63,,,,,,0.0516,0.053399999999999996,0.056600000000000004,0.0579,0.059699999999999996,0.06269999999999999,0.0674,0.066,,,,,155.7,,,0.046,11.61,0.026000000000000002,43285.15,170.02,,,,,0.028399999999999998,268.32,0.011699999999999999
1996-06-30,,29.52,0.0683,0.021400000000000002,72.19,0.052199999999999996,0.0139,-0.0132,19.15,668.5,1382.45,,,25.96,,,,,,0.0546,0.0581,0.063,0.0649,0.0669,0.0691,0.0722,0.0706,,,,,156.7,,,0.0596,11.81,0.04,43878.13,171.81,,,,,0.0275,269.11,0.011699999999999999
1996-09-30,,30.11,0.0802,0.0217,73.93,0.0533,0.0233,-0.006500000000000001,18.75,674.88,1385.92,,,25.68,,,,,,0.0545,0.0583,0.0623,0.0641,0.066,0.0683,0.0717,0.0703,,,,,157.8,,,0.0583,11.91,0.0405,44123.68,171.95,,,,,0.03,270.02,0.0118
1996-12-31,,30.44,0.0806,0.02,79.13,0.0521,0.1405,0.1038,19.19,743.25,1518.62,,,27.72,,,,,,0.0524,0.0547,0.057800000000000004,0.0591,0.060700000000000004,0.063,0.0665,0.0655,,,,,158.6,0.47,8.26,0.06269999999999999,12.04,0.044199999999999996,44442.98,170.65,47122.48,35492.71,0.0416,62350.0,0.0332,270.86,0.011899999999999999
1997-03-31,,30.5,0.0677,0.019,81.5,0.0508,0.1821,0.15039999999999998,19.69,792.16,1604.39,,,28.8,,,,,,0.0548,0.057999999999999996,0.0622,0.0638,0.0654,0.0669,0.0705,0.0693,,,,,160.0,,,0.06280000000000001,12.12,0.0431,44615.16,170.01,,,,,0.0276,271.56,0.012
1997-06-30,,30.65,0.0622,0.0173,81.97,0.0463,0.1616,0.1355,21.61,876.29,1771.46,,,31.25,,,,,,0.053399999999999996,0.056900000000000006,0.060899999999999996,0.062400000000000004,0.0638,0.0649,0.0684,0.0677,,,,,160.3,,,0.0605,12.32,0.0431,45224.52,172.7,,,,,0.023,272.36,0.0121
1997-09-30,,30.82,0.045599999999999995,0.016399999999999998,81.7,0.0434,0.12890000000000001,0.1051,23.06,937.02,1883.65,,,32.66,,,,,,0.053,0.0552,0.0588,0.059800000000000006,0.0611,0.0621,0.06559999999999999,0.065,,,,,161.2,,,0.0654,12.47,0.0467,45632.62,173.57,,,,,0.0215,273.29,0.0121
1997-12-31,,31.13,0.0401,0.0161,79.8,0.041299999999999996,0.0256,0.0084,24.23,962.37,1933.42,,,33.03,,,,,,0.0545,0.0553,0.0572,0.0574,0.057699999999999994,0.0581,0.060700000000000004,0.0599,,,,,161.3,0.446,8.77,0.0613,12.58,0.044800000000000006,45884.47,174.54,49690.9,37003.61,0.0426,63640.0,0.017,274.11,0.012
1998-03-31,,31.25,0.038599999999999995,0.014499999999999999,79.0,0.036699999999999997,-0.0174,-0.030699999999999998,27.23,1076.83,2151.36,,,36.29,,,,,,0.0525,0.053899999999999997,0.0556,0.0557,0.056100000000000004,0.0565,0.0601,0.059500000000000004,,,,,162.2,,,0.0602,12.7,0.048600000000000004,46231.82,175.63,,,,,0.0138,274.78,0.011899999999999999
1998-06-30,,31.71,0.052000000000000005,0.0144,77.47,0.0352,-0.039,-0.054900000000000004,28.44,1108.39,2203.55,,,36.8,,,,,,0.053200000000000004,0.0541,0.0552,0.0552,0.0552,0.055,0.057999999999999996,0.057,,,,,163.0,,,0.0529,12.82,0.0409,46526.18,179.38,,,,,0.0168,275.57,0.0118
1998-09-30,,31.98,0.0528,0.0158,75.45,0.0373,-0.06269999999999999,-0.0765,26.8,1020.64,2021.65,,,33.53,,,,,,0.0481,0.0471,0.0467,0.0462,0.0462,0.0481,0.0538,0.052000000000000005,,,,,163.6,,,0.0529,12.98,0.040999999999999995,46961.55,181.8,,,,,0.0149,276.45,0.0116
1998-12-31,,32.02,0.045,0.013600000000000001,74.56,0.0317,-0.0506,-0.06570000000000001,31.56,1190.05,2352.9,,,38.82,,,,,,0.045700000000000005,0.0452,0.0451,0.044800000000000006,0.044500000000000005,0.0464,0.0536,0.0506,,,,,163.9,0.41700000000000004,9.29,0.0602,13.19,0.048799999999999996,47577.09,182.83,51853.98,38887.54,0.0509,65980.0,0.0161,277.27,0.0115
1999-03-31,,32.31,0.051699999999999996,0.0128,75.38,0.029900000000000003,-0.029300000000000003,-0.0458,33.39,1281.66,2517.13,,,41.35,,,,,,0.04650000000000001,0.0478,0.050499999999999996,0.051100000000000007,0.051399999999999994,0.052300000000000006,0.0587,0.0558,,,,,165.0,,,0.061500000000000006,13.32,0.0482,47907.87,183.91,,,,,0.0173,277.94,0.0115
1999-06-30,,32.07,0.031200000000000002,0.0124,79.98,0.031,0.0526,0.0323,32.24,1322.55,2578.69,,,42.18,,,,,,0.050300000000000004,0.051,0.0562,0.057,0.0581,0.059000000000000004,0.0636,0.0604,,,,,166.2,,,0.062,13.43,0.0472,48168.37,187.96,,,,,0.0196,278.75,0.0115
1999-09-30,,32.12,0.0308,0.0126,84.84,0.0333,0.15410000000000001,0.1246,29.99,1318.17,2544.12,,,41.32,,,,,,0.0508,0.0525,0.056600000000000004,0.0575,0.057999999999999996,0.0592,0.065,0.060700000000000004,,,,,167.9,,,0.062,13.6,0.0479,48648.92,189.99,,,,,0.0263,279.65,0.0116
1999-12-31,290.68,32.14,0.030699999999999998,0.011699999999999999,92.75,0.0337,0.2774,0.244,29.66,1428.68,2750.86,5.05,,44.19,,,,,,0.056799999999999996,0.0584,0.061,0.061399999999999996,0.061900000000000004,0.06280000000000001,0.0669,0.0635,,,,,168.3,0.38299999999999995,9.9,0.0652,13.83,0.0482,49303.48,191.74,54738.34,40697.32,0.04650000000000001,67650.0,0.0268,280.47,0.0115
2000-03-31,295.94,31.73,0.019,0.0116,96.44,0.0353,0.3275,0.27940000000000004,28.31,1442.21,2729.87,5.06,,43.22,,,,,,0.0611,0.0622,0.0653,0.0653,0.065,0.0626,0.0638,0.0605,,,,,171.2,,,0.06269999999999999,13.88,0.042199999999999994,49360.61,192.07,,,,,0.037599999999999995,281.16,0.0116
2000-06-30,312.94,31.4,0.015600000000000001,0.011399999999999999,97.59,0.0355,0.2657,0.2202,28.16,1461.96,2747.99,4.65,,42.78,,,,,,0.062400000000000004,0.0617,0.06480000000000001,0.0643,0.063,0.061,0.06280000000000001,0.0593,,,,,172.4,,,0.0757,14.13,0.0524,50129.61,197.1,,,,,0.0373,281.89,0.0113
2000-09-30,319.6,30.5,-0.0177,0.0111,100.18,0.0366,0.2216,0.1808,27.34,1468.05,2738.79,4.49,,41.89,,,,,,0.0625,0.0613,0.0608,0.0602,0.0593,0.057999999999999996,0.060899999999999996,0.0583,,,,,173.7,,,0.0652,14.15,0.0397,50037.66,199.88,,,,,0.0345,282.69,0.0109
2000-12-31,325.8,30.3,-0.0252,0.012199999999999999,93.12,0.037599999999999995,0.038,0.004,26.62,1330.93,2478.7,4.05,1.77,37.27,745.7,,1398.1,,,0.0592,0.055999999999999994,0.0535,0.0526,0.051699999999999996,0.0524,0.0564,0.054900000000000004,,,,,174.0,0.337,10.44,0.0541,14.23,0.0291,50204.21,202.61,57136.18,41988.65,0.0317,67470.0,0.0339,283.44,0.0106
2001-03-31,347.25,29.38,-0.0471,0.013500000000000002,83.57,0.0383,-0.1081,-0.1335,26.1,1185.85,2180.93,3.34,1.54,32.32,751.27,,1398.64,,,0.0444,0.043,0.0434,0.0443,0.0464,0.0489,0.054900000000000004,0.053399999999999996,,,,,176.2,,,0.046799999999999994,14.18,0.022000000000000002,49932.29,203.04,,,,,0.0292,284.05,0.0103
2001-06-30,345.87,28.56,-0.060899999999999996,0.0127,66.98,0.0297,-0.2914,-0.31370000000000003,33.67,1238.71,2255.11,3.54,1.64,33.07,748.23,,1382.11,,,0.0356,0.0358,0.0408,0.0435,0.0481,0.0528,0.0582,0.0567,,,,,178.0,,,0.034300000000000004,14.27,0.01,50123.88,206.21,,,,,0.0325,284.73,0.0101
2001-09-30,339.4,28.6,-0.0374,0.0151,51.45,0.0271,-0.4728,-0.4864,36.9,1044.64,1898.6,3.07,1.41,27.67,738.81,,1355.93,,0.0268,0.0271,0.0282,0.031200000000000002,0.0345,0.0412,0.0473,0.0553,0.0548,,,,,178.3,,,0.0271,14.21,0.0049,49789.23,209.86,,,,,0.0265,285.49,0.009899999999999999
2001-12-31,338.37,28.87,-0.0326,0.0137,45.28,0.0216,-0.5062,-0.5136999999999999,46.37,1144.93,2099.71,3.39,1.56,30.5,736.88,-0.0118,1346.96,-0.0366,0.0172,0.0182,0.0222,0.0311,0.0362,0.043899999999999995,0.0509,0.0576,0.0548,,,,,176.7,0.315,10.66,0.0215,14.25,0.0017000000000000001,49813.46,212.84,58208.18,42229.09,0.005699999999999999,66360.0,0.0155,286.14,0.0095
2002-03-31,332.74,28.51,-0.0152,0.013600000000000001,44.77,0.021400000000000002,-0.45640000000000003,-0.4643,46.71,1153.79,2091.11,3.45,1.6,30.29,718.01,-0.0443,1307.78,-0.065,0.0178,0.0206,0.025699999999999997,0.0356,0.0414,0.047400000000000005,0.0528,0.0593,0.054000000000000006,,,,,178.8,,,0.029900000000000003,14.37,0.0134,50127.69,213.73,,,,,0.0148,286.72,0.009399999999999999
2002-06-30,329.52,28.89,0.0225,0.0158,48.17,0.0264,-0.2732,-0.2808,37.92,1014.02,1826.55,3.0,1.39,26.39,710.31,-0.0507,1290.39,-0.0664,0.0172,0.0183,0.022000000000000002,0.029900000000000003,0.0348,0.04190000000000001,0.0493,0.0565,,,,,,179.9,,,0.027200000000000002,14.46,0.013300000000000001,50317.23,220.35,,,,,0.010700000000000001,287.39,0.009399999999999999
2002-09-30,334.92,28.29,0.004,0.0182,53.78,0.0346,0.0611,0.0453,28.89,867.81,1553.69,2.43,1.17,22.36,697.75,-0.0556,1263.06,-0.06849999999999999,0.0167,0.016399999999999998,0.0172,0.02,0.0232,0.0294,0.0387,0.0487,,,,,,181.0,,,0.0364,14.52,0.0215,50392.65,224.67,,,,,0.0151,288.13,0.0092
2002-12-31,321.72,28.79,0.0212,0.0179,49.42,0.030699999999999998,0.1175,0.0915,32.59,899.18,1610.74,2.73,1.3,23.1,674.59,-0.08449999999999999,1213.52,-0.09910000000000001,0.012,0.0127,0.014499999999999999,0.0184,0.0223,0.030299999999999997,0.0403,0.0501,,,,,,180.9,0.327,11.06,0.037599999999999995,14.54,0.0199,50337.07,227.77,57851.27,42407.52,0.0042,65820.0,0.023799999999999998,288.8,0.009300000000000001
2003-03-31,328.72,28.54,0.031400000000000004,0.0192,53.34,0.0358,0.2275,0.19149999999999998,27.92,846.63,1489.43,2.58,1.25,21.31,678.6,-0.054900000000000004,1211.69,-0.0735,0.0118,0.0116,0.0124,0.015700000000000002,0.019799999999999998,0.0278,0.0381,0.0482,,0.0109,0.0194,,,184.2,,,0.0362,14.61,0.0168,50522.74,227.49,,,,,0.0302,289.26,0.0088
2003-06-30,346.32,28.52,0.0079,0.016399999999999998,60.95,0.035,0.2921,0.26530000000000004,28.6,988.0,1742.87,2.81,1.42,24.83,684.42,-0.0364,1215.43,-0.0581,0.0097,0.009399999999999999,0.0101,0.0123,0.0151,0.0227,0.0333,0.0434,,0.0091,0.0172,,,183.7,,,0.0391,14.74,0.0196,50871.54,235.02,,,,,0.021099999999999997,289.82,0.0084
2003-09-30,351.89,29.02,0.049800000000000004,0.0163,67.51,0.0378,0.2843,0.2552,26.42,1019.44,1783.77,2.83,1.43,25.24,697.9,0.0002,1232.27,-0.024399999999999998,0.0091,0.0103,0.0124,0.0171,0.0223,0.0318,0.042699999999999995,0.0521,,0.0129,0.0219,,,185.2,,,0.053,14.99,0.0323,51568.72,239.86,,,,,0.0232,290.66,0.0088
2003-12-31,367.17,30.57,0.0816,0.0161,85.7,0.0451,0.7666,0.7340000000000001,22.17,1080.64,1900.09,3.03,1.56,26.64,710.81,0.0537,1249.48,0.0296,0.0089,0.0101,0.0131,0.0191,0.024399999999999998,0.0327,0.042699999999999995,0.051100000000000007,,0.0123,0.019799999999999998,,,184.3,0.34700000000000003,11.77,0.0643,15.16,0.043,52040.57,245.51,59069.66,43317.32,0.0215,65860.0,0.018799999999999997,291.36,0.0089
2004-03-31,376.47,31.17,0.1109,0.016,89.92,0.0463,0.715,0.6858,21.61,1123.98,1943.6,2.99,1.55,26.89,726.93,0.0712,1272.22,0.0499,0.0096,0.0101,0.011899999999999999,0.0158,0.02,0.0279,0.0383,0.0472,,0.0052,0.0147,,,187.4,,,0.06709999999999999,15.25,0.0434,52241.5,249.16,,,,,0.0174,291.89,0.0091
2004-06-30,386.23,31.78,0.1508,0.016399999999999998,95.92,0.0496,0.6252,0.5738,20.17,1132.76,1935.03,2.95,1.54,26.4,739.42,0.08039999999999999,1283.44,0.055999999999999994,0.0105,0.016399999999999998,0.0212,0.0276,0.0326,0.0393,0.0473,0.0545,,0.0141,0.0215,,,189.7,,,0.0707,15.37,0.042300000000000004,52523.36,257.12,,,,,0.0327,292.57,0.0095
2004-09-30,402.52,32.7,0.15539999999999998,0.0171,98.58,0.051699999999999996,0.4974,0.4603,19.35,1117.66,1907.23,2.77,1.47,25.67,756.88,0.08449999999999999,1305.46,0.0594,0.0155,0.0191,0.0212,0.0253,0.028300000000000002,0.0336,0.041299999999999996,0.0489,,0.011000000000000001,0.018000000000000002,0.0216,,189.9,,,0.0639,15.51,0.0349,52888.31,264.69,,,,,0.0254,293.31,0.0091
2004-12-31,414.75,33.11,0.1183,0.016200000000000003,99.7,0.048799999999999996,0.20129999999999998,0.1634,20.48,1199.21,2042.09,2.92,1.54,27.14,788.17,0.10880000000000001,1348.83,0.0795,0.0196,0.025,0.026699999999999998,0.0301,0.0321,0.036000000000000004,0.042300000000000004,0.048799999999999996,,0.0092,0.0167,0.0202,,190.3,0.35700000000000004,12.53,0.0641,15.67,0.0335,53299.55,270.19,60468.24,44334.84,0.0235,65760.0,0.0326,294.02,0.0091
2005-03-31,426.79,33.91,0.12210000000000001,0.0169,100.95,0.0504,0.15810000000000002,0.12269999999999999,19.84,1194.9,2003.17,2.77,1.46,26.34,806.94,0.1101,1370.41,0.07719999999999999,0.0265,0.030899999999999997,0.033,0.0373,0.0391,0.0417,0.045,0.0489,,0.0129,0.0179,0.0195,,193.3,,,0.0708,15.84,0.0391,53791.41,275.91,,,,,0.0315,294.56,0.0091
2005-06-30,436.9,34.86,0.1249,0.0174,105.4,0.0526,0.1266,0.09880000000000001,19.0,1202.25,2003.05,2.73,1.44,26.07,828.1,0.1199,1397.5,0.0889,0.028300000000000002,0.0322,0.0336,0.0364,0.0368,0.0377,0.04,0.0435,,0.0139,0.0167,0.018000000000000002,,194.5,,,0.0669,15.92,0.0362,53927.5,286.58,,,,,0.0253,295.26,0.0092
2005-09-30,441.77,35.0,0.1204,0.0175,108.35,0.0542,0.1506,0.09910000000000001,18.44,1225.92,1998.31,2.78,1.44,25.73,851.94,0.12560000000000002,1421.3,0.08869999999999999,0.0323,0.0379,0.0385,0.0395,0.039599999999999996,0.0401,0.042,0.0451,,0.013999999999999999,0.017,0.019299999999999998,,198.8,,,0.068,16.05,0.0345,54207.46,289.51,,,,,0.046900000000000004,296.04,0.009300000000000001
2005-12-31,453.06,36.58,0.1427,0.0176,114.98,0.0553,0.19269999999999998,0.1533,18.07,1262.07,2078.14,2.76,1.43,26.44,874.32,0.1093,1446.34,0.0723,0.0369,0.0433,0.0435,0.044000000000000004,0.043899999999999995,0.043899999999999995,0.0447,0.0473,,0.0209,0.0212,0.021400000000000002,,196.8,0.358,13.32,0.0636,16.14,0.0297,54375.96,296.57,63343.18,46326.33,0.0449,66780.0,0.0342,296.76,0.009300000000000001
2006-03-31,468.63,36.95,0.1265,0.0176,117.86,0.0562,0.20670000000000002,0.1675,17.8,1293.74,2098.31,2.76,1.44,26.33,898.02,0.11289999999999999,1473.54,0.0753,0.0455,0.0479,0.04769999999999999,0.0473,0.047400000000000005,0.0472,0.0472,0.049100000000000005,0.0473,0.0209,0.022000000000000002,0.0217,,199.8,,,0.0652,16.35,0.0321,54985.1,296.4,,,,,0.0336,297.42,0.0097
2006-06-30,474.91,37.43,0.12,0.0187,118.97,0.0594,0.1775,0.1288,16.82,1253.17,2001.45,2.67,1.38,24.75,917.93,0.1085,1490.52,0.0666,0.0471,0.051699999999999996,0.0516,0.0512,0.0509,0.0507,0.051100000000000007,0.0529,0.051500000000000004,0.0245,0.0253,0.0254,,202.9,,,0.0643,16.4,0.0297,54998.84,294.75,,,,,0.0432,298.12,0.0097
2006-09-30,491.96,38.48,0.1223,0.0183,125.49,0.0596,0.182,0.1582,16.77,1317.74,2104.58,2.72,1.43,25.64,936.83,0.09960000000000001,1513.43,0.06480000000000001,0.04769999999999999,0.0508,0.049699999999999994,0.04769999999999999,0.046900000000000004,0.0467,0.0472,0.0493,0.048499999999999995,0.023799999999999998,0.0232,0.0231,,202.9,,,0.0554,16.42,0.0233,54935.69,294.2,,,,,0.0206,298.91,0.0097
2006-12-31,504.39,39.96,0.1201,0.0176,130.89,0.0575,0.1673,0.1383,17.38,1416.42,2274.51,2.81,1.49,27.28,952.51,0.0894,1529.12,0.0572,0.0487,0.0507,0.049400000000000006,0.0467,0.0458,0.0453,0.045599999999999995,0.0478,0.046799999999999994,0.022799999999999997,0.0225,0.0226,,201.8,0.354,14.04,0.0537,16.56,0.0263,55269.19,294.25,66573.64,48199.14,0.0404,67520.0,0.0254,299.66,0.0098
2007-03-31,508.99,40.23,0.1189,0.0181,131.21,0.0591,0.1442,0.1133,16.92,1406.95,2220.23,2.79,1.47,26.23,965.19,0.0748,1539.05,0.044500000000000005,0.0521,0.051,0.0492,0.045700000000000005,0.0451,0.044800000000000006,0.045599999999999995,0.0481,0.0472,0.0204,0.0218,0.0227,,205.35,,,0.0453,16.61,0.0158,55319.12,287.52,,,,,0.0278,300.29,0.0096
2007-06-30,516.91,40.7,0.1166,0.0173,132.08,0.056100000000000004,0.14,0.11019999999999999,17.83,1514.19,2355.05,2.91,1.52,27.42,986.11,0.07429999999999999,1561.78,0.0478,0.0452,0.0495,0.0496,0.049800000000000004,0.05,0.050300000000000004,0.051,0.0529,0.052000000000000005,0.0265,0.0269,0.026699999999999998,,208.35,,,0.0472,16.71,0.019299999999999998,55531.82,282.37,,,,,0.0269,300.97,0.0096
2007-09-30,524.0,41.93,0.11960000000000001,0.018000000000000002,122.17,0.0525,0.0004,-0.0264,19.05,1497.12,2326.96,2.91,1.52,26.73,1005.12,0.0729,1581.06,0.0447,0.0378,0.042,0.0414,0.0401,0.0406,0.042,0.0452,0.0484,0.0479,0.021400000000000002,0.0226,0.023,,208.49,,,0.05,16.81,0.023700000000000002,55702.9,278.42,,,,,0.0276,301.77,0.0096
2007-12-31,529.59,42.79,0.11449999999999999,0.0187,102.11,0.0447,-0.1881,-0.21989999999999998,22.35,1479.22,2282.21,2.77,1.43,25.96,1025.08,0.0762,1596.23,0.043899999999999995,0.0286,0.0334,0.0326,0.031200000000000002,0.0313,0.0349,0.040999999999999995,0.045700000000000005,0.0453,0.0127,0.0179,0.0208,,210.04,0.35200000000000004,14.72,0.0481,16.92,0.0213,55911.82,267.45,67607.08,50233.07,0.042199999999999994,68610.0,0.0408,302.53,0.0096
2008-03-31,530.94,42.95,0.1101,0.0215,91.65,0.045899999999999996,-0.2737,-0.3015,21.81,1316.94,1998.61,2.49,1.26,22.61,1048.32,0.0861,1616.84,0.050499999999999996,0.013500000000000002,0.0151,0.0154,0.016200000000000003,0.018000000000000002,0.0248,0.0351,0.0436,0.043899999999999995,0.0023,0.0109,0.0176,,213.53,,,0.0345,16.84,0.0139,55553.54,254.84,,,,,0.0398,303.19,0.0096
2008-06-30,530.7,42.52,0.0971,0.021400000000000002,76.08,0.0383,-0.3951,-0.424,26.11,1341.25,1986.32,2.41,1.19,22.42,1071.22,0.0863,1631.75,0.044800000000000006,0.0172,0.0219,0.0242,0.0277,0.0308,0.0349,0.040999999999999995,0.047400000000000005,0.046900000000000004,0.0097,0.0163,0.0219,,218.82,,,0.0322,16.94,0.0138,55762.57,246.65,,,,,0.050199999999999995,303.85,0.0096
2008-09-30,514.6,42.74,0.0695,0.023700000000000002,68.06,0.0378,-0.4154,-0.4429,26.48,1216.95,1802.51,2.27,1.08,20.36,1080.41,0.07490000000000001,1626.43,0.0287,0.0089,0.016399999999999998,0.0191,0.0208,0.0232,0.0288,0.0369,0.0432,0.042699999999999995,0.0155,0.018500000000000003,0.0225,,218.78,,,0.023,16.85,0.0027,55329.97,239.85,,,,,0.049400000000000006,304.61,0.009399999999999999
2008-12-31,451.37,43.76,0.0236,0.0323,22.94,0.017,-0.7752,-0.7754000000000001,58.98,877.56,1352.71,2.0,0.87,15.38,1042.46,0.017,1567.56,-0.018000000000000002,0.0003,0.0026,0.0049,0.008199999999999999,0.010700000000000001,0.0152,0.0242,0.0318,0.0287,0.0176,0.0217,0.0232,,210.23,0.392,14.61,-0.0073,16.49,-0.0254,53997.43,235.16,68423.8,50306.48,0.0015,66280.0,0.0009,305.3,0.0091
2009-03-31,449.43,41.52,-0.037000000000000005,0.036000000000000004,10.45,0.0091,-0.8864,-0.8859999999999999,110.37,757.13,1153.46,1.78,0.8,13.32,998.54,-0.0475,1502.2,-0.0709,0.001,0.0043,0.0064,0.009300000000000001,0.0131,0.0182,0.0282,0.0378,0.0364,0.0123,0.0171,0.0226,,212.71,,,-0.0187,16.3,-0.0323,53276.16,223.23,,,,,-0.0038,305.92,0.009000000000000001
2009-06-30,487.69,38.45,-0.10859999999999999,0.0276,11.28,0.008100000000000001,-0.8538,-0.8517,123.32,926.12,1391.39,1.89,0.97,16.38,943.25,-0.1195,1425.1,-0.1266,0.001,0.0031,0.0051,0.0118,0.0176,0.0271,0.037200000000000004,0.0451,0.0452,0.0118,0.018600000000000002,0.0236,,215.69,,,-0.0326,16.27,-0.0398,53073.29,225.07,,,,,-0.0143,306.54,0.0089
2009-09-30,498.43,35.86,-0.17170000000000002,0.0229,18.82,0.012,-0.7271,-0.7234999999999999,83.3,1044.55,1567.31,2.12,1.17,18.83,902.59,-0.1646,1369.27,-0.15810000000000002,0.0006,0.0021,0.004,0.0096,0.0148,0.023700000000000002,0.034,0.0414,0.04190000000000001,0.0103,0.016399999999999998,0.0213,,215.97,,,-0.0302,16.33,-0.0313,53133.7,224.53,,,,,-0.0129,307.27,0.0087
2009-12-31,513.58,33.62,-0.2107,0.0202,76.49,0.045899999999999996,2.4254,2.3346999999999998,21.78,1110.38,1666.24,2.17,1.23,20.32,908.4,-0.1286,1368.58,-0.12689999999999999,0.0003,0.0017000000000000001,0.0037,0.0087,0.0138,0.023399999999999997,0.0359,0.044000000000000004,0.0449,0.0043,0.013600000000000001,0.0199,,215.95,0.522,14.65,0.0029,16.5,0.0011,53588.3,220.11,67974.91,49779.23,-0.0105,65850.0,0.027200000000000002,307.95,0.0087
2010-03-31,530.95,32.62,-0.1963,0.019,90.73,0.0529,7.881900000000001,7.681,18.91,1152.05,1715.41,2.2,1.27,21.0,918.98,-0.0797,1376.7,-0.08349999999999999,0.0012,0.0023,0.004,0.0096,0.0151,0.024300000000000002,0.0373,0.0449,0.0464,0.005600000000000001,0.0151,0.019799999999999998,0.0215,217.63,,,0.0231,16.58,0.0175,53741.24,213.82,,,,,0.0231,308.57,0.0086
2010-06-30,541.6,32.76,-0.139,0.0203,99.76,0.061900000000000004,7.9348,7.8416,16.15,1083.36,1610.66,1.9,1.11,19.74,932.49,-0.011399999999999999,1393.29,-0.0223,0.0008,0.0019,0.0032,0.0072,0.011699999999999999,0.02,0.032,0.0395,0.041299999999999996,0.0034000000000000002,0.0126,0.0169,0.0177,217.96,,,0.0416,16.74,0.0291,54163.44,219.57,,,,,0.0105,309.12,0.0084
2010-09-30,567.95,33.16,-0.06480000000000001,0.0199,106.6,0.064,4.7305,4.6657,15.61,1122.08,1664.6,2.01,1.21,20.38,945.99,0.0481,1409.46,0.0294,0.0012,0.0019,0.0026,0.0048,0.0074,0.0141,0.0265,0.0347,0.0377,0.0013,0.0091,0.0158,0.0166,218.44,,,0.0479,16.87,0.0334,54468.22,214.5,,,,,0.011399999999999999,309.76,0.008100000000000001
2010-12-31,579.14,33.6,0.014499999999999999,0.0183,114.36,0.0623,0.5176,0.49520000000000003,16.05,1241.53,1835.59,2.17,1.31,22.4,962.71,0.059800000000000006,1428.95,0.0441,0.0009,0.0019,0.0029,0.0062,0.009899999999999999,0.019299999999999998,0.0329,0.0417,0.044199999999999996,0.002,0.0104,0.0167,0.0189,219.18,0.606,15.31,0.0449,16.96,0.0278,54651.0,207.92,67390.27,49274.44,-0.0101,64300.0,0.015,310.35,0.0078000000000000005
2011-03-31,594.05,33.98,0.0697,0.018000000000000002,117.91,0.0623,0.3345,0.29960000000000003,16.04,1304.49,1891.67,2.23,1.35,22.9,981.21,0.0677,1446.75,0.0509,0.0006,0.0016,0.0026,0.006999999999999999,0.011699999999999999,0.021099999999999997,0.0341,0.042699999999999995,0.0451,-0.0009,0.0096,0.0158,0.0189,223.47,,,0.0397,16.92,0.0204,54436.56,199.81,,,,,0.0268,310.83,0.0073
2011-06-30,613.08,34.94,0.10460000000000001,0.0189,120.41,0.0652,0.24989999999999998,0.207,15.35,1287.29,1848.08,2.15,1.31,22.1,1007.77,0.08070000000000001,1472.79,0.0571,0.0002,0.001,0.0018,0.0040999999999999995,0.0070999999999999995,0.0158,0.03,0.0391,0.042300000000000004,-0.0038,0.0076,0.015300000000000001,0.0178,225.72,,,0.0385,17.04,0.0174,54713.5,203.76,,,,,0.0356,311.35,0.0072
2011-09-30,613.18,35.96,0.1265,0.0215,124.23,0.0741,0.2104,0.1653,13.5,1173.88,1676.59,1.85,1.1,19.7,1032.93,0.0919,1495.41,0.061,0.0001,0.0004,0.001,0.0021,0.0034999999999999996,0.009000000000000001,0.019799999999999998,0.028300000000000002,0.0318,-0.0072,0.0008,0.0069,0.0102,226.89,,,0.0334,17.03,0.009399999999999999,54587.97,200.18,,,,,0.0387,312.0,0.0072
2011-12-31,613.14,37.95,0.16260000000000002,0.0213,124.86,0.0699,0.1241,0.09179999999999999,14.3,1243.32,1785.35,2.05,1.19,20.52,1052.83,0.09359999999999999,1513.24,0.059000000000000004,0.0,0.0005,0.0012,0.0026,0.0039000000000000003,0.0089,0.019799999999999998,0.026699999999999998,0.0298,-0.0078000000000000005,-0.0003,0.005600000000000001,0.0078000000000000005,225.67,0.655,15.84,0.0348,17.22,0.0154,55096.68,194.08,69680.32,50053.84,0.0158,63350.0,0.0296,312.59,0.0072
2012-03-31,633.04,38.64,0.1674,0.0197,125.08,0.0637,0.0889,0.0608,15.69,1389.24,1962.53,2.22,1.32,22.05,1069.27,0.0897,1527.07,0.0555,0.0006,0.0014000000000000002,0.0019,0.0034000000000000002,0.0051,0.0102,0.0217,0.0294,0.032799999999999996,-0.0103,-0.0014000000000000002,0.005600000000000001,0.0087,229.39,,,0.0467,17.37,0.0264,55465.73,191.95,,,,,0.0265,313.11,0.0073
2012-06-30,639.45,39.99,0.1635,0.021400000000000002,124.15,0.0664,0.0483,0.0311,15.05,1323.48,1868.93,2.13,1.27,20.55,1073.99,0.06570000000000001,1527.53,0.037200000000000004,0.0005,0.0015,0.0019,0.0029,0.0039000000000000003,0.0070999999999999995,0.016200000000000003,0.0231,0.027000000000000003,-0.0105,-0.005,0.001,0.005,229.48,,,0.0418,17.44,0.024,55620.57,202.2,,,,,0.0166,313.63,0.0073
2012-09-30,661.93,41.44,0.1751,0.020499999999999997,121.13,0.0599,-0.0055000000000000005,-0.024900000000000002,16.69,1443.42,2021.31,2.18,1.34,21.78,1076.99,0.042699999999999995,1524.32,0.019299999999999998,0.0008,0.0014000000000000002,0.0018,0.0026,0.0034000000000000002,0.0067,0.0172,0.024900000000000002,0.0288,-0.0147,-0.0070999999999999995,0.0002,0.0044,231.41,,,0.0429,17.47,0.025699999999999997,55585.76,202.17,,,,,0.0199,314.28,0.0073
2012-12-31,666.97,44.1,0.1825,0.022000000000000002,122.1,0.0608,-0.0051,-0.022099999999999998,16.44,1422.29,2007.39,2.14,1.31,21.24,1092.37,0.037599999999999995,1539.33,0.0172,0.0004,0.0012,0.0016,0.0026,0.0034999999999999996,0.006999999999999999,0.0172,0.024700000000000003,0.0288,-0.013999999999999999,-0.0076,0.0,0.0033,229.6,0.7,16.42,0.0365,17.49,0.0155,55545.82,203.08,71275.16,51020.13,0.019299999999999998,63350.0,0.0174,314.87,0.0073
2013-03-31,679.09,44.7,0.174,0.0207,122.09,0.056600000000000004,-0.0095,-0.0239,17.68,1550.83,2158.98,2.31,1.43,22.42,1095.81,0.0248,1538.64,0.0076,0.0008,0.0011,0.0015,0.0026,0.0039000000000000003,0.008199999999999999,0.0196,0.0278,0.0316,-0.0143,-0.0058,0.0019,0.0062,232.77,,,0.0361,17.66,0.017,56017.43,206.02,,,,,0.0147,315.3,0.006999999999999999
2013-06-30,679.15,46.17,0.1747,0.0206,126.22,0.0562,0.0345,0.0166,17.8,1618.77,2246.51,2.37,1.45,22.93,1104.96,0.0288,1544.8,0.0113,0.0003,0.0009,0.0014000000000000002,0.0033,0.0058,0.012,0.023,0.030699999999999998,0.034,-0.0059,0.0025,0.0098,0.0121,233.5,,,0.0322,17.71,0.0152,56077.53,217.13,,,,,0.0175,315.81,0.0069
2013-09-30,693.22,47.61,0.16269999999999998,0.0204,130.6,0.0559,0.091,0.0782,17.88,1687.17,2334.98,2.43,1.51,23.44,1115.38,0.0356,1554.81,0.02,0.0002,0.0004,0.0012,0.004,0.0078000000000000005,0.016,0.0281,0.0353,0.0379,-0.0017000000000000001,0.0066,0.012199999999999999,0.015,234.15,,,0.038900000000000004,17.86,0.022400000000000003,56443.0,221.02,,,,,0.0118,316.43,0.0068000000000000005
2013-12-31,715.84,48.66,0.1199,0.0194,139.33,0.0554,0.1582,0.1411,18.04,1807.78,2513.71,2.58,1.66,24.86,1116.81,0.022400000000000003,1550.79,0.0074,0.0002,0.001,0.0013,0.0034000000000000002,0.0069,0.0158,0.028999999999999998,0.0363,0.038900000000000004,-0.0009,0.0074,0.0132,0.0161,233.05,0.718,17.19,0.047,18.02,0.0301,56823.3,221.55,72644.49,51940.16,0.018000000000000002,63720.0,0.015,317.06,0.0069
2014-03-31,717.81,49.68,0.1282,0.0194,138.31,0.0541,0.1499,0.1328,18.48,1863.52,2555.65,2.61,1.66,24.96,1126.0,0.0275,1557.78,0.0124,0.0005,0.0008,0.0013,0.004,0.008199999999999999,0.016399999999999998,0.027200000000000002,0.0335,0.0362,-0.0014000000000000002,0.005600000000000001,0.0105,0.013300000000000001,236.29,,,0.033,17.95,0.0165,56536.55,221.13,,,,,0.0151,317.56,0.0072
2014-06-30,733.84,50.82,0.12369999999999999,0.0192,140.2,0.053,0.1338,0.1108,18.88,1947.09,2647.29,2.67,1.72,25.56,1141.19,0.032799999999999996,1570.62,0.0167,0.0002,0.0006,0.001,0.0045000000000000005,0.009000000000000001,0.0168,0.026000000000000002,0.0315,0.0342,-0.0029,0.0037,0.0084,0.0111,238.34,,,0.0472,18.19,0.0269,57169.39,226.04,,,,,0.0207,318.11,0.0073
2014-09-30,736.78,52.41,0.1189,0.019299999999999998,144.25,0.053200000000000004,0.12279999999999999,0.1045,18.81,1993.23,2713.57,2.68,1.71,25.92,1154.86,0.0354,1582.93,0.0181,0.0001,0.0004,0.0011,0.005699999999999999,0.0105,0.0177,0.0253,0.0301,0.0326,0.001,0.0046,0.008100000000000001,0.0105,238.03,,,0.050199999999999995,18.41,0.030600000000000002,57742.86,227.75,,,,,0.0166,318.77,0.0074
2014-12-31,726.96,54.43,0.1272,0.0192,141.19,0.049800000000000004,0.021099999999999997,0.0134,20.08,2054.27,2835.01,2.83,1.77,26.79,1163.32,0.0416,1591.57,0.0263,0.0003,0.0011,0.0021,0.0064,0.0106,0.016399999999999998,0.022099999999999998,0.0255,0.028300000000000002,0.0037,0.0051,0.0073,0.0089,234.81,0.733,17.91,0.04190000000000001,18.5,0.0269,57919.0,229.81,75736.15,53654.36,0.033,64900.0,0.0076,319.41,0.0074
2015-03-31,729.29,56.0,0.1264,0.0196,136.21,0.04769999999999999,-0.0159,-0.0151,20.96,2079.99,2854.62,2.84,1.79,26.73,1156.54,0.0271,1582.56,0.0159,0.0002,0.0011,0.0025,0.0064,0.0102,0.0152,0.0204,0.0241,0.0263,0.0004,0.0028000000000000004,0.0055000000000000005,0.0073,236.12,,,0.050300000000000004,18.67,0.0397,58353.14,230.79,,,,,-0.0007000000000000001,319.89,0.0073
2015-06-30,735.9,56.68,0.1167,0.0199,128.88,0.0452,-0.0796,-0.0808,22.12,2099.29,2850.69,2.8,1.8,26.5,1145.54,0.0038,1567.12,-0.0022,0.0001,0.0009,0.0028000000000000004,0.0069,0.010700000000000001,0.0168,0.0236,0.0285,0.0311,0.0005,0.005,0.0089,0.0113,238.64,,,0.0435,18.78,0.032799999999999996,58615.65,235.64,,,,,0.0012,320.43,0.0073
2015-09-30,744.68,57.89,0.1043,0.0219,123.47,0.0466,-0.1444,-0.1441,21.45,1944.41,2648.06,2.58,1.69,24.5,1136.16,-0.016200000000000003,1554.5,-0.018000000000000002,0.0001,0.0018,0.0037,0.0070999999999999995,0.0101,0.0149,0.0217,0.0262,0.029500000000000002,0.0033,0.006500000000000001,0.0101,0.0124,237.95,,,0.0336,18.86,0.0245,58731.2,238.52,,,,,-0.0004,321.08,0.0072
2015-12-31,740.29,59.44,0.1,0.021099999999999997,118.55,0.0421,-0.1542,-0.1604,23.74,2054.08,2814.22,2.76,1.81,25.97,1127.13,-0.0311,1539.15,-0.0329,0.0017000000000000001,0.005,0.006500000000000001,0.0098,0.0128,0.017,0.022400000000000003,0.026099999999999998,0.0297,0.0046,0.0073,0.0106,0.0126,236.52,0.722,18.44,0.0292,18.89,0.0212,58724.27,240.09,79265.59,56514.42,0.0533,68410.0,0.0073,321.71,0.0072
2016-03-31,752.77,59.71,0.07519999999999999,0.0217,117.63,0.042800000000000005,-0.1291,-0.1364,23.39,2021.95,2751.5,2.74,1.83,25.37,1127.97,-0.024700000000000003,1537.12,-0.0287,0.0025,0.004699999999999999,0.0066,0.0088,0.0104,0.0138,0.0189,0.022799999999999997,0.0268,-0.0003,0.0034000000000000002,0.0073,0.009899999999999999,238.13,,,0.0256,19.0,0.018000000000000002,58975.49,240.5,,,,,0.0085,322.2,0.0072
2016-06-30,765.12,59.78,0.06509999999999999,0.0213,116.87,0.0417,-0.0842,-0.0932,23.97,2083.89,2801.84,2.74,1.86,25.84,1131.21,-0.0125,1537.71,-0.018799999999999997,0.0022,0.004,0.0055000000000000005,0.0073,0.0086,0.011699999999999999,0.016399999999999998,0.0202,0.0245,-0.0027,0.0017000000000000001,0.0062,0.008199999999999999,241.02,,,0.0236,19.06,0.0149,59066.29,244.8,,,,,0.01,322.73,0.0072
2016-09-30,779.61,60.44,0.0592,0.0209,119.58,0.041299999999999996,-0.0173,-0.0315,24.22,2157.69,2896.14,2.78,1.9,26.73,1138.43,0.002,1541.83,-0.008199999999999999,0.0019,0.004699999999999999,0.0059,0.0077,0.009000000000000001,0.0118,0.0163,0.0202,0.0235,-0.0017000000000000001,0.0012,0.004699999999999999,0.0064,241.43,,,0.026699999999999998,19.2,0.0181,59372.66,247.19,,,,,0.0146,323.35,0.0070999999999999995
2016-12-31,768.98,61.34,0.0533,0.0203,126.91,0.0421,0.09269999999999999,0.0705,23.76,2246.63,3015.46,2.91,1.95,27.87,1150.68,0.0209,1550.22,0.0072,0.0042,0.0064,0.0087,0.012,0.0149,0.0196,0.024900000000000002,0.028399999999999998,0.0311,0.0015,0.005600000000000001,0.0089,0.0104,241.43,0.76,19.09,0.0355,19.3,0.0218,59598.36,247.89,83143.48,59040.54,0.0447,70840.0,0.0207,323.91,0.0068000000000000005
2017-03-31,785.18,61.65,0.0571,0.0196,133.3,0.0424,0.1602,0.1332,23.6,2366.82,3145.92,3.01,2.02,29.09,1169.42,0.0368,1566.46,0.0191,0.0066,0.0089,0.0101,0.0131,0.0159,0.020099999999999996,0.0248,0.028300000000000002,0.0308,0.0018,0.0049,0.0079,0.009899999999999999,243.8,,,0.0407,19.4,0.0209,59808.15,248.34,,,,,0.023799999999999998,324.34,0.0067
2017-06-30,798.64,62.47,0.0621,0.0194,137.61,0.042699999999999995,0.1967,0.1775,23.4,2433.99,3219.96,3.03,2.04,29.75,1185.81,0.0483,1581.99,0.0288,0.0084,0.0111,0.012,0.0134,0.0149,0.0177,0.0219,0.0254,0.027999999999999997,0.0014000000000000002,0.0046,0.0075,0.009300000000000001,244.96,,,0.0388,19.51,0.0233,60058.0,254.83,,,,,0.0163,324.8,0.0064
2017-09-30,817.82,63.25,0.0699,0.019299999999999998,140.59,0.043,0.20190000000000002,0.1757,23.28,2492.84,3272.9,3.08,2.09,30.17,1203.1,0.056799999999999996,1596.16,0.0352,0.009899999999999999,0.011699999999999999,0.0128,0.0138,0.0151,0.018000000000000002,0.022000000000000002,0.0253,0.0278,0.0012,0.0037,0.0067,0.0087,246.82,,,0.042300000000000004,19.66,0.0241,60431.47,256.43,,,,,0.0223,325.34,0.0062
2017-12-31,826.52,64.32,0.0707,0.0184,144.44,0.0412,0.16210000000000002,0.1381,24.25,2664.34,3502.26,3.23,2.17,32.09,1231.57,0.0703,1625.24,0.0484,0.012,0.015,0.017,0.0184,0.0196,0.0218,0.024,0.026000000000000002,0.0277,0.0042,0.005,0.0068000000000000005,0.008,246.52,0.757,20.04,0.0496,19.88,0.029900000000000003,61025.86,257.01,86249.54,61375.41,0.0395,72370.0,0.021099999999999997,325.8,0.0058
2018-03-31,833.44,64.93,0.0781,0.018500000000000003,149.9,0.042699999999999995,0.15109999999999998,0.1245,23.41,2702.77,3509.64,3.17,2.1,31.81,1259.18,0.0768,1652.12,0.0547,0.016399999999999998,0.0192,0.0206,0.022799999999999997,0.0242,0.0263,0.028399999999999998,0.0297,0.030899999999999997,0.0060999999999999995,0.0075,0.0089,0.009899999999999999,249.55,,,0.054400000000000004,20.04,0.0333,61458.32,,,,,,0.0236,326.14,0.0055000000000000005
2018-06-30,836.39,65.57,0.0799,0.018500000000000003,157.51,0.044500000000000005,0.1775,0.1446,22.49,2754.35,3542.05,3.25,2.1,31.63,1292.84,0.09029999999999999,1684.29,0.0647,0.0181,0.021099999999999997,0.0233,0.0253,0.0265,0.0278,0.0291,0.0298,0.0305,0.0070999999999999995,0.0079,0.0087,0.009300000000000001,251.99,,,0.0588,20.15,0.033,61710.34,,,,,,0.0287,326.53,0.0053
2018-09-30,843.58,67.19,0.08650000000000001,0.018000000000000002,167.38,0.0449,0.2177,0.1906,22.25,2901.5,3724.63,3.45,2.2,32.62,1325.89,0.10210000000000001,1717.71,0.0762,0.0204,0.023399999999999997,0.0256,0.0277,0.028399999999999998,0.028900000000000002,0.03,0.0308,0.0315,0.0089,0.0088,0.0095,0.01,252.44,,,0.0562,20.28,0.0313,62004.38,,,,,,0.022799999999999997,327.01,0.0051
2018-12-31,851.62,69.33,0.0984,0.0209,170.76,0.0516,0.20489999999999997,0.18230000000000002,19.39,2567.31,3311.46,2.94,1.87,28.29,1343.01,0.09050000000000001,1731.66,0.0655,0.023700000000000002,0.0254,0.026600000000000002,0.0268,0.026699999999999998,0.0268,0.028300000000000002,0.0298,0.031,0.0108,0.0102,0.0111,0.011899999999999999,251.23,0.7709999999999999,20.92,0.044000000000000004,20.3,0.0213,62012.66,,90063.33,63182.76,0.0294,73030.0,0.0191,327.43,0.005
2019-03-31,868.42,70.03,0.0987,0.0196,171.32,0.0479,0.1642,0.1429,20.86,2803.98,3574.48,3.26,2.08,29.58,1361.47,0.0812,1747.59,0.057800000000000004,0.0245,0.025099999999999997,0.024900000000000002,0.0241,0.023700000000000002,0.023700000000000002,0.025699999999999997,0.027999999999999997,0.0298,0.005600000000000001,0.0066,0.0085,0.0102,254.2,,,0.0385,20.43,0.019299999999999998,62342.23,,,,,,0.018600000000000002,327.73,0.0049
2019-06-30,884.74,70.94,0.0998,0.0194,171.13,0.046799999999999994,0.10439999999999999,0.08650000000000001,21.37,2890.17,3656.44,3.32,2.13,29.28,1378.74,0.0664,1762.47,0.0464,0.0222,0.0217,0.02,0.0181,0.0177,0.0183,0.0207,0.0236,0.025699999999999997,0.0028000000000000004,0.0037,0.0059,0.0079,256.14,,,0.0397,20.6,0.022400000000000003,62793.54,,,,,,0.0165,328.1,0.0048
2019-09-30,902.94,72.22,0.0932,0.0192,167.73,0.0446,0.0192,0.0021,22.44,2982.16,3763.76,3.3,2.14,29.23,1392.48,0.050199999999999995,1772.44,0.0319,0.0199,0.0189,0.018000000000000002,0.0165,0.0159,0.015700000000000002,0.017,0.0197,0.0216,0.0017000000000000001,0.0011,0.0032,0.0051,256.76,,,0.044199999999999996,20.84,0.027999999999999997,63434.93,,,,,,0.0171,328.58,0.0048
2019-12-31,914.49,73.44,0.0836,0.0183,175.88,0.043899999999999995,0.0535,0.029900000000000003,22.78,3176.75,4006.0,3.53,2.28,30.33,1415.01,0.0536,1790.85,0.0342,0.0155,0.0158,0.0155,0.0161,0.0163,0.0168,0.018600000000000002,0.0216,0.023,0.0006,0.0014000000000000002,0.0034999999999999996,0.0052,256.97,0.79,21.93,0.048499999999999995,20.99,0.0335,63781.88,,98069.73,68701.49,0.0873,78250.0,0.0229,329.02,0.0048
2020-03-31,885.59,74.8,0.08449999999999999,0.0225,146.05,0.043899999999999995,-0.1344,-0.1475,22.8,2652.39,3329.98,2.92,1.83,24.82,1408.74,0.0347,1776.44,0.0165,0.0037,0.003,0.0033,0.0045000000000000005,0.005,0.0059,0.0087,0.0126,0.0146,-0.0008,-0.0012,0.0003,0.0016,258.11,,,0.030299999999999997,20.71,0.013600000000000001,62880.4,,,,,,0.0154,329.34,0.0049
2020-06-30,901.97,75.02,0.0643,0.0192,124.73,0.032,-0.2664,-0.2711,31.29,3104.66,3902.6,3.44,2.26,28.84,1372.44,-0.0046,1727.95,-0.0196,0.0013,0.0018,0.0018,0.0019,0.0022,0.0034000000000000002,0.0073,0.0127,0.0149,-0.0067,-0.0054,-0.0028000000000000004,-0.0006,257.8,,,-0.0673,19.08,-0.07400000000000001,57546.88,,,,,,0.006500000000000001,331.52,0.0104
2020-09-30,920.34,73.27,0.0285,0.0175,122.29,0.0292,-0.2609,-0.2709,34.27,3365.52,4190.14,3.65,2.47,30.84,1364.13,-0.0204,1711.55,-0.0344,0.0009,0.0012,0.0013,0.0013,0.0016,0.0027,0.0068000000000000005,0.0121,0.014199999999999999,-0.0126,-0.0098,-0.0059,-0.0034000000000000002,260.28,,,-0.0006,20.56,-0.013600000000000001,61975.3,,,,,,0.0137,331.73,0.0096
2020-12-31,927.52,72.5,0.0007000000000000001,0.0158,117.11,0.0255,-0.3251,-0.3342,39.26,3695.31,4597.31,4.05,2.76,33.77,1362.39,-0.037200000000000004,1703.11,-0.049,0.0008,0.0009,0.001,0.0014000000000000002,0.0019,0.0039000000000000003,0.009300000000000001,0.0147,0.0167,-0.0148,-0.0098,-0.0054,-0.0033,260.47,0.987,22.09,0.006999999999999999,20.79,-0.0092,62647.04,,97495.18,68007.1,-0.0101,76660.0,0.013600000000000001,331.89,0.0087
2021-03-31,938.53,70.51,-0.0327,0.0147,156.84,0.032799999999999996,0.102,0.0739,30.5,3910.51,4784.17,4.23,2.85,35.04,1393.85,-0.0106,1730.95,-0.0256,0.0002,0.0005,0.0008,0.0015,0.0032,0.008199999999999999,0.0161,0.022400000000000003,0.023399999999999997,-0.0167,-0.0066,-0.0014000000000000002,0.0011,264.88,,,0.042699999999999995,21.08,0.018000000000000002,63539.13,,,,,,0.0262,331.8,0.0075
2021-06-30,969.73,69.02,-0.0305,0.0137,189.35,0.0375,0.5999,0.5181,26.7,4238.49,5055.28,4.43,2.94,36.7,1462.75,0.0658,1792.83,0.0375,0.0003,0.0005,0.0007000000000000001,0.002,0.0039000000000000003,0.0084,0.0152,0.0209,0.0216,-0.0163,-0.008199999999999999,-0.0034000000000000002,-0.0013,271.7,,,0.17370000000000002,21.44,0.12390000000000001,64580.87,,,,,,0.053899999999999997,332.0,0.0014000000000000002
2021-09-30,983.04,70.0,0.0069,0.013300000000000001,207.17,0.0394,0.7855,0.6942,25.35,4445.54,5251.71,4.38,2.85,37.62,1511.1,0.10769999999999999,1827.88,0.068,0.0005,0.0005,0.0008,0.0024,0.004699999999999999,0.0086,0.0137,0.0187,0.0194,-0.0163,-0.0097,-0.0051,-0.003,274.31,,,0.105,21.62,0.051500000000000004,65020.52,,,,,,0.053899999999999997,332.48,0.0023
2021-12-31,1008.02,70.2,0.0363,0.0129,229.99,0.042300000000000004,1.1020999999999999,0.9639,23.63,4674.77,5433.53,4.73,3.04,38.31,1566.8,0.15,1862.56,0.09359999999999999,0.0004,0.0015,0.003,0.0068000000000000005,0.0095,0.0123,0.0147,0.019,0.018500000000000003,-0.0152,-0.009899999999999999,-0.0060999999999999995,-0.0042,278.8,0.972,24.81,0.1234,21.99,0.0576,66043.34,,102291.64,70788.04,0.0409,76330.0,0.0704,332.94,0.0032
2022-03-31,1005.63,69.85,0.07519999999999999,0.0141,223.07,0.0451,0.5438000000000001,0.42229999999999995,22.19,4391.27,4949.52,4.51,2.8,34.27,1616.48,0.1597,1883.5,0.08810000000000001,0.0018,0.0086,0.0134,0.0191,0.0209,0.021099999999999997,0.0213,0.025099999999999997,0.0241,-0.013000000000000001,-0.0072,-0.003,-0.0008,287.5,,,0.1133,21.93,0.0403,65810.52,,,,,,0.08539999999999999,333.27,0.0044
2022-06-30,1001.47,70.01,0.10640000000000001,0.016399999999999998,210.26,0.0493,0.21100000000000002,0.1104,20.28,3898.95,4264.0,3.78,2.28,29.05,1663.36,0.1371,1896.68,0.0579,0.0106,0.0217,0.0265,0.03,0.0315,0.0319,0.031400000000000004,0.0348,0.0325,0.003,0.0053,0.006999999999999999,0.0078000000000000005,296.31,,,0.10400000000000001,21.97,0.0245,65805.45,,,,,,0.0906,333.82,0.0055000000000000005
2022-09-30,996.29,71.31,0.1023,0.017,204.25,0.048600000000000004,0.0668,-0.0141,20.58,3850.52,4203.99,3.6,2.09,28.23,1714.63,0.13470000000000001,1917.27,0.0489,0.026099999999999998,0.0371,0.038900000000000004,0.038599999999999995,0.0388,0.037000000000000005,0.0352,0.0382,0.0356,0.0125,0.011399999999999999,0.0121,0.0129,296.81,,,0.09820000000000001,22.13,0.0235,66137.92,,,,,,0.08199999999999999,334.54,0.0062
2022-12-31,1024.56,73.07,0.10800000000000001,0.0171,188.61,0.044199999999999996,-0.127,-0.17989999999999998,22.65,3912.38,4271.68,3.75,2.19,28.32,1752.9,0.1188,1929.23,0.0358,0.039,0.0471,0.046799999999999994,0.0429,0.0405,0.037599999999999995,0.0362,0.0387,0.0366,0.014499999999999999,0.013600000000000001,0.0137,0.013999999999999999,296.8,0.958,26.77,0.0789,22.28,0.0132,66452.1,,106400.0,74580.0,0.0536,74580.0,0.0645,335.25,0.0069
2023-03-31,1045.27,73.23,0.1007,0.0172,188.06,0.0441,-0.1149,-0.15689999999999998,22.66,3968.56,4260.68,3.93,2.29,27.94,1790.6,0.10769999999999999,1947.57,0.034,0.0449,0.0499,0.046799999999999994,0.043,0.0409,0.0382,0.0366,0.0394,0.0377,0.014499999999999999,0.013600000000000001,0.0143,0.0151,301.84,,,0.0779,22.44,0.0231,66809.2,,,,,,0.049800000000000004,335.88,0.0078000000000000005
2023-06-30,1061.91,72.98,0.0733,0.0158,192.25,0.0417,-0.058499999999999996,-0.0857,24.01,4345.37,4615.19,4.19,2.44,29.94,1821.35,0.095,1966.62,0.0369,0.052000000000000005,0.0542,0.0524,0.0464,0.042699999999999995,0.0395,0.0375,0.0404,0.0387,0.0181,0.0155,0.015600000000000001,0.016399999999999998,305.11,,,0.0645,22.58,0.0279,67093.59,,,,,,0.0297,336.55,0.008199999999999999
2023-09-30,1076.24,72.98,0.061200000000000004,0.015700000000000002,193.99,0.0418,-0.0151,-0.050300000000000004,23.93,4409.1,4642.09,3.98,2.33,29.8,1843.54,0.07519999999999999,1972.6,0.028900000000000002,0.0553,0.055099999999999996,0.054400000000000004,0.050199999999999995,0.047400000000000005,0.0449,0.0438,0.04650000000000001,0.0447,0.0223,0.0204,0.0207,0.0213,307.79,,,0.066,22.84,0.0323,67695.17,,,,,,0.037000000000000005,337.41,0.0086
2023-12-31,1106.21,74.27,0.050499999999999996,0.015,203.29,0.041100000000000005,0.1139,0.07780000000000001,24.35,4685.05,4949.4,4.31,2.55,31.45,1872.3,0.0681,1986.64,0.0298,0.0554,0.053399999999999996,0.0496,0.0446,0.04190000000000001,0.04,0.04019999999999999,0.0432,0.0414,0.018799999999999997,0.0184,0.019,0.0195,306.75,0.972,28.42,0.061799999999999994,23.03,0.0339,68095.07,,,,,,0.0335,338.26,0.009000000000000001
2024-03-31,1116.73,73.48,0.0383,0.0137,198.57,0.037000000000000005,0.0926,0.0559,27.02,5170.57,5364.63,4.71,2.78,33.76,1892.81,0.0571,1991.63,0.0226,0.055099999999999996,0.0536,0.0499,0.045899999999999996,0.0438,0.042,0.0421,0.0446,0.0436,0.0182,0.019,0.020099999999999996,0.0209,312.33,,,0.0548,23.08,0.0286,68088.7,,,,,,0.0348,339.0,0.009300000000000001
2024-06-30,1139.31,74.24,0.0475,0.013300000000000001,202.09,0.0362,0.0824,0.0512,27.64,5415.14,5585.42,4.79,2.84,34.81,1919.38,0.0538,2004.88,0.0195,0.0546,0.0537,0.051100000000000007,0.047400000000000005,0.045,0.0432,0.0431,0.0454,0.0444,0.021,0.020499999999999997,0.021099999999999997,0.0217,314.17,,,0.0587,23.29,0.0313,68525.04,,,,,,0.0297,339.82,0.0097
2024-09-30,1166.35,75.44,0.059000000000000004,0.013000000000000001,205.83,0.0356,0.08689999999999999,0.0611,28.09,5626.12,5782.31,4.94,2.95,35.7,1952.21,0.058899999999999994,2026.87,0.0275,0.0506,0.0455,0.0403,0.0362,0.0351,0.035,0.037200000000000004,0.040999999999999995,0.0404,0.015300000000000001,0.016200000000000003,0.018000000000000002,0.019299999999999998,315.3,,,0.0512,23.48,0.0279,68955.4,,,,,,0.024399999999999998,340.49,0.0091
2024-12-31,1178.57,76.84,0.0644,0.0124,215.8,0.035,0.0922,0.061500000000000006,28.6,6010.91,6171.83,4.99,2.98,37.72,1970.6,0.0525,2031.21,0.022400000000000003,0.045,0.0432,0.042300000000000004,0.042300000000000004,0.042199999999999994,0.0425,0.043899999999999995,0.0466,0.0458,0.0189,0.0209,0.022400000000000003,0.0231,315.61,,29.83,0.0493,23.59,0.024,69167.75,,,,,,0.028900000000000002,341.0,0.008100000000000001
2025-03-31,1197.11,77.16,0.0751,0.0134,219.57,0.0381,0.1322,0.1058,26.23,5683.98,5759.61,4.69,2.82,34.79,1987.07,0.049800000000000004,2036.47,0.0225,0.0437,0.042699999999999995,0.0406,0.0397,0.039599999999999996,0.0404,0.042800000000000005,0.0463,0.046,0.0151,0.0195,0.0222,0.0235,319.8,,,0.04650000000000001,23.55,0.0202,68972.63,,,,,,0.0239,341.41,0.0070999999999999995
2025-06-30,1238.93,77.71,0.0746,0.0128,223.56,0.0369,0.1358,0.10619999999999999,27.1,6029.95,6057.86,5.01,3.08,36.12,2012.05,0.0483,2048.46,0.0217,0.0424,0.043,0.0406,0.038900000000000004,0.038599999999999995,0.039599999999999996,0.0438,0.049,0.0489,0.016399999999999998,0.0209,0.024399999999999998,0.026099999999999998,322.56,,,0.045899999999999996,23.77,0.0208,69532.35,,,,,,0.026699999999999998,341.87,0.006
2025-09-30,1270.32,78.3,0.0692,0.011899999999999999,233.52,0.0355,0.16870000000000002,0.13449999999999998,28.13,6584.02,6568.9,5.27,3.28,38.59,2042.16,0.0461,2063.44,0.018000000000000002,0.0424,0.0384,0.0366,0.035699999999999996,0.0355,0.0366,0.0412,0.0471,0.047400000000000005,0.0124,0.0175,0.0223,0.024900000000000002,324.8,,31.1,0.0538,24.03,0.023399999999999997,70170.52,,,,,,0.0301,342.41,0.005600000000000001
2025-12-31,,78.92,0.0546,0.0115,,,,,,6853.03,6853.03,,,39.84,,,,,0.0377,0.0363,0.0354,0.035,0.0355,0.037000000000000005,0.0414,0.047599999999999996,0.048,0.014199999999999999,0.019,0.0235,0.0258,324.05,,,,,,,,,,,,0.0268,342.91,0.005600000000000001
2026-03-31,,,,,,,,,,6872.1,6872.1,,,39.74,,,,,0.037200000000000004,0.0359,0.0342,0.034,0.034300000000000004,0.0361,0.0404,0.0464,0.046900000000000004,0.011899999999999999,0.0177,0.022400000000000003,0.0246,,,,,,,,,,,,,,,
