,10yr_ustreas,10yr_ustreas_d1,10yr_ustreas_d2,10yr_ustreas_d3,credit_spread,credit_spread_d1,credit_spread_d2,credit_spread_d3,div_minus_baa,div_minus_baa_d1,div_minus_baa_d2,div_minus_baa_d3,fred_aaa,fred_aaa_d1,fred_aaa_d2,fred_aaa_d3,fred_baa,fred_baa_d1,fred_baa_d2,fred_baa_d3,fred_gs10,fred_gs10_d1,fred_gs10_d2,fred_gs10_d3,fred_tb3ms,fred_tb3ms_d1,fred_tb3ms_d2,fred_tb3ms_d3,gdp_growth,gdp_growth_d1,gdp_growth_d2,gdp_growth_d3,log_cape_shiller,log_cape_shiller_d1,log_cape_shiller_d2,log_cape_shiller_d3,log_cpi,log_cpi_d1,log_cpi_d2,log_cpi_d3,log_div_yield,log_div_yield2,log_div_yield2_d1,log_div_yield2_d2,log_div_yield2_d3,log_div_yield_d1,log_div_yield_d2,log_div_yield_d3,log_dividend,log_dividend_d1,log_dividend_d2,log_dividend_d3,log_earn,log_earn_d1,log_earn_d2,log_earn_d3,log_earn_yld,log_earn_yld_d1,log_earn_yld_d2,log_earn_yld_d3,log_fed_debt,log_fed_debt_d1,log_fed_debt_d2,log_fed_debt_d3,log_fred_cpi,log_fred_cpi_d1,log_fred_cpi_d2,log_fred_cpi_d3,log_fred_gdp,log_fred_gdp_d1,log_fred_gdp_d2,log_fred_gdp_d3,log_fred_gnp,log_fred_gnp_d1,log_fred_gnp_d2,log_fred_gnp_d3,log_gdp,log_gdp_d1,log_gdp_d2,log_gdp_d3,log_price_div,log_price_div_d1,log_price_div_d2,log_price_div_d3,log_price_gdp,log_price_gdp2,log_price_gdp2_d1,log_price_gdp2_d2,log_price_gdp2_d3,log_price_gdp_d1,log_price_gdp_d2,log_price_gdp_d3,log_price_gnp2,log_price_gnp2_d1,log_price_gnp2_d2,log_price_gnp2_d3,log_real_gdp,log_real_gdp_d1,log_real_gdp_d2,log_real_gdp_d3,log_real_price2,log_real_price2_d1,log_real_price2_d2,log_real_price2_d3,log_real_price3,log_real_price3_d1,log_real_price3_d2,log_real_price3_d3,log_real_price_gdp2,log_real_price_gdp2_d1,log_real_price_gdp2_d2,log_real_price_gdp2_d3,log_sp500,log_sp500_adj,log_sp500_adj_d1,log_sp500_adj_d2,log_sp500_adj_d3,log_sp500_d1,log_sp500_d2,log_sp500_d3,log_us_pop,log_us_pop_d1,log_us_pop_d2,log_us_pop_d3,real_gdp_growth,real_gdp_growth_d1,real_gdp_growth_d2,real_gdp_growth_d3,real_gdp_per_cap,real_gdp_per_cap_d1,real_gdp_per_cap_d2,real_gdp_per_cap_d3,sp500_pe,sp500_pe_d1,sp500_pe_d2,sp500_pe_d3,us_infl,us_infl_d1,us_infl_d2,us_infl_d3,us_pop_growth,us_pop_growth_d1,us_pop_growth_d2,us_pop_growth_d3,market_code
1950-03-31,0.0236,3.66071301655764e-06,2.519099104810857e-09,-7.825720061547096e-12,0.006600000000000002,-2.8947987349626645e-06,4.709549987122907e-09,9.041977808826146e-12,0.034999999999999996,1.2687452624195315e-05,-5.432940757041897e-08,-1.0871367204172236e-10,2.58,0.0003186207073858526,8.220639724803917e-07,-1.2657580014994652e-09,3.24,2.914083388958504e-05,1.2930189711926776e-06,-3.615602206168171e-10,3.1200583649545233,0.0009401673851964029,-2.1618528204036132e-07,-5.842432795500179e-09,1.12,0.00045064295113297095,1.0521827330831786e-06,-1.5545485054739691e-09,0.021099999999999997,0.0002782818385713967,-3.4306016854528474e-07,-1.928120510631965e-09,2.3896797998449792,6.384141846472045e-05,2.3096575552977746e-07,-1.292738167762367e-10,3.1612467120315646,0.00014028667890850766,1.2339583515329852e-07,-5.503696714273776e-10,-2.6971102610638757,-0.07663832664344707,4.4580341088848765e-05,-7.286260885801718e-07,-1.1590241735757698e-09,0.00018613699468023512,-6.073234523510658e-07,-1.7154069319585535e-09,2.776954179749421,0.00032730197369641153,-2.6269565537512273e-07,-2.0113632292541975e-09,3.482470101790892,0.00012194243247039503,-7.81295728010149e-07,-1.0494727351650999e-09,-1.9906983318454474,-2.0954140244015568e-05,-1.1234268427123408e-06,-7.453733754001459e-10,-0.21164275031266058,-9.439031504658911e-05,-6.454906275276214e-07,-7.853833002526971e-11,3.1629401925378975,0.0001397189568093809,1.1569418202529766e-07,-5.188374062542245e-10,5.600741489029677,0.0002859028966102251,3.5657264584740155e-07,-9.30649044316385e-10,5.604919323852329,0.0002875339994878827,3.5713179836021715e-07,-9.316766898970559e-10,-1.1607306543692808,6.563474247442258e-05,4.115707487154871e-07,3.675312700542245e-11,0.07663832664344702,-4.4580341088848846e-05,7.286260885801721e-07,1.1590241735757702e-09,4.099953125810308,-2.747148982636809,-3.1812640026602728e-06,1.0935778735764657e-07,7.830998863794507e-11,5.368455899293118e-05,1.5747249955361905e-07,8.057456129908658e-11,-2.7513268174594603,-4.812366880323275e-06,1.0879863484484366e-07,7.93376342186006e-11,0.8544153281560676,0.00015387492220584408,1.402526054024757e-07,-5.144618339439886e-10,-0.3076542056386961,0.0001424349536990529,3.4253459805175566e-07,-3.019693842510601e-10,-0.30934768614502917,0.0001430026757981795,3.5023625117975034e-07,-3.335016494241812e-10,6.667353547198578,3.066627737251215e-05,-5.425989317054159e-08,1.153804418894773e-10,2.8535925063928684,5.473236593575229,0.0001424456756955962,3.425149923092055e-07,-3.020142765985763e-10,0.00028272163260756046,4.659304332050565e-07,-8.523390556784531e-10,5.0208854666433345,2.08144768562504e-05,5.316095166033676e-08,6.365688748055529e-12,0.0377,0.00011894080555475778,-3.119392102358456e-07,-6.611468906401194e-10,15512.08,2.082411948304866,0.0016598277169299173,-8.246962933587363e-06,7.32,0.0001661636092320297,9.20740301747409e-06,7.86290437099379e-09,-0.0084,0.000167935916872125,-6.44397929691187e-08,-1.2243217449937413e-09,0.020869214489384978,-3.0878752139879202e-06,-1.1619428805874457e-08,2.0631395488786244e-11,1
1950-06-30,0.0242,4.062119144220008e-06,1.9390179674025938e-09,-9.381442600415755e-12,0.006599999999999997,-2.5790594483128303e-06,5.67292596253352e-09,5.7373357626909275e-12,0.031200000000000006,9.878558624593904e-06,-6.876564629808276e-08,-8.940737900829295e-11,2.62,0.0003974992673339955,8.379195366627115e-07,-1.896581941746341e-09,3.28,0.0001395933225027106,1.405212132916062e-06,-1.3228483654772165e-09,3.3709856389419475,0.000998332762509099,-6.655128226746437e-07,-6.739919922190557e-09,1.15,0.0005614692335758787,9.360460925763783e-07,-1.9015668828346618e-09,0.0701,0.00027247427907188245,-5.248730339117111e-07,-1.875654170025444e-09,2.446685436967803,8.567188431800462e-05,2.4245725124531625e-07,-2.532299863436908e-10,3.169685580677429,0.00015611454947052933,8.670412713122998e-08,-6.641495599692747e-10,-2.7488721956224653,-0.13704418737841928,4.546126714455464e-06,-8.908974925804109e-07,-9.266109093254465e-10,0.00016188995907264608,-8.068481606425603e-07,-1.5959734024430433e-09,2.7936160894318567,0.00033817257316305296,-4.581421506310333e-07,-2.0770731225020112e-09,3.5432754802551445,7.42437987294748e-05,-9.212775062551402e-07,-6.391626417172148e-10,-1.9987836386623814,-0.00010357651601646454,-1.266850534625826e-06,-1.511975007653461e-10,-0.22109762745689857,-0.00015328255222119122,-6.885385193092996e-07,2.8952579746126223e-10,3.1730412885244013,0.00015384816583402592,8.430331750536663e-08,-6.271743079623555e-10,5.637742382280151,0.0003296308914657766,3.074812425115728e-07,-1.2385405574773028e-09,5.642105632783689,0.0003312652892102828,3.0780066568954434e-07,-1.2406931011194396e-09,-1.1539786491971085,0.00010318778646959881,4.3874188669683085e-07,-2.0117274353563928e-10,0.13704418737841925,-4.546126714455525e-06,8.908974925804114e-07,9.266109093254465e-10,4.106686675820357,-2.707082105469875,3.995554982823703e-06,1.2527409943780216e-07,8.807834430072083e-11,6.825764253767097e-05,1.716961958737102e-07,2.1067184287742642e-11,-2.7114453559734133,2.3611572383134137e-06,1.2495467625984566e-07,9.023088794283515e-11,0.883767540168595,0.00017638369847862713,1.0478567654880818e-07,-6.194408783281892e-10,-0.23902530386715304,0.00017751189697806592,3.4605121481815014e-07,-4.863126532072983e-10,-0.24238101171412524,0.0001797782806145687,3.4845202444401325e-07,-5.232879052141854e-10,6.672349577620093,2.610703940983543e-05,-5.168889414922388e-08,2.024799192688436e-10,2.930660276810276,5.541890799373754,0.0001775212501563585,3.4603793338813296e-07,-4.863577632990905e-10,0.0003336264464485957,4.327553419493828e-07,-1.1504622131765904e-09,5.023206742843724,2.601911086230623e-05,5.7181209944604384e-08,-1.6415257347864152e-11,0.073,0.00010352409968021602,-3.944225144176075e-07,-5.265970376240861e-10,15904.29,2.3815815178990363,0.0010534306873760278,-9.636695969796504e-06,7.38,0.0008391101518462513,1.046836932007313e-05,3.2963773110529074e-09,-0.0042,0.00017266683386898995,-1.6868919478013688e-07,-1.2948375562215617e-09,0.02078309634085465,-4.278721862991278e-06,-1.1191980796916644e-08,3.0302950183076355e-11,1
1950-09-30,0.024900000000000002,4.134703983810084e-06,1.3652414691417007e-09,-8.759695238914718e-12,0.0056999999999999985,-2.0870577570460954e-06,6.474871571692312e-09,5.691710970459274e-13,0.0376,4.70641141373688e-06,-7.295373039672975e-08,-4.477513347283002e-11,2.64,0.00044802781395084535,6.437700323535427e-07,-2.2027323088454954e-09,3.21,0.00023932203824623337,1.291257189522775e-06,-2.1458151991408766e-09,3.5586175745982747,0.0009266712226090347,-1.1314427272182221e-06,-6.716608325905928e-09,1.3,0.000650414736829335,8.087519970497166e-07,-2.0388373023567545e-09,0.1292,0.00023016855567205272,-6.694003242626444e-07,-1.4632008023193463e-09,2.428336298299606,0.00010020406093996662,2.162000601731474e-07,-3.8168784461378324e-10,3.1945831322991562,0.00016354999560902662,3.547164053988406e-08,-7.180664638035298e-10,-2.663554961215659,-0.07733847084432642,-6.454384837657182e-05,-9.23062226947413e-07,-3.495533989485693e-10,9.991665634042358e-05,-8.906493820108932e-07,-1.0694625275052496e-09,2.8713021951758138,0.00029744443863090754,-5.836639975447092e-07,-1.7017797719553972e-09,3.5868467285487844,-5.620532030737452e-06,-9.754521022282287e-07,7.128089845246773e-11,-1.9477117710019414,-0.00020440724627337342,-1.2783869225915893e-06,7.077474672816848e-10,-0.23085365908118985,-0.00020502034071858606,-6.864259555352905e-07,6.653977461341741e-10,3.1921210875593813,0.00016067750554553249,3.2091365231164106e-08,-6.82583418075724e-10,5.671200741292208,0.0003507775430302225,2.2258562813585866e-07,-1.373323342775623e-09,5.675722448688163,0.0003525793014611364,2.2297016749912768e-07,-1.378056791829244e-09,-1.1468543562305547,0.0001360909389423396,4.355395686778298e-07,-4.4349014605876524e-10,0.0773384708443265,6.454384837657177e-05,9.230622269474134e-07,3.495533989485691e-10,4.114263210892744,-2.7225600752720673,1.1210743977258996e-05,1.1681260126684325e-07,2.1096969768781964e-11,8.019000903080326e-05,1.763320612633761e-07,-5.90485459797221e-11,-2.7270817826680225,9.4089855463415e-06,1.164280619035851e-07,2.5830418822382912e-11,0.9202827531436925,0.00018069062259873142,6.532944243888101e-08,-5.969654804322171e-10,-0.2459424662790158,0.00019843829139845238,3.039265888628224e-07,-6.341599092033083e-10,-0.2434804215392408,0.0002013107814619438,3.07306864171542e-07,-6.696429549310806e-10,6.678128904034202,2.078290461484369e-05,-3.971266312552335e-08,2.676048731591838e-10,2.9486406660201405,5.534969267887039,0.00019844216670492028,3.0389843139005077e-07,-6.341914087961856e-10,0.00036198828700747854,3.393982294027062e-07,-1.3522263730068548e-09,5.025655260852641,2.9606989253374053e-05,5.6336264473018846e-08,-3.374812699003719e-11,0.10310000000000001,7.212896208147948e-05,-4.2651138281119473e-07,-2.3014879063030554e-10,16444.21,2.413724854764723,0.00042958162227754927,-9.049832808605234e-06,7.01,0.0016753847492200409,1.0769496804401235e-05,-3.7379392145255486e-09,0.0209,0.0001631923490358419,-2.7088215524206326e-07,-1.1945583999583518e-09,0.0207,-5.0414783057113665e-06,-8.722725923794108e-09,3.653703458805873e-11,1
1950-12-31,0.0255,4.16080451668182e-06,-4.756675709352857e-11,-6.4193550429018474e-12,0.005300000000000003,-1.4280721714746255e-06,6.939324546929476e-09,-7.357993011460953e-12,0.04240000000000001,-6.432589523553447e-06,-8.074600529528349e-08,4.840346730986935e-11,2.67,0.0005613543068924483,2.8413269989524023e-07,-2.6887933198409237e-09,3.2,0.00041854708974498403,9.780651545881924e-07,-3.4245926209870024e-09,3.6863255223963343,0.0007735334253805834,-2.0618739450217856e-06,-6.319495067935143e-09,1.34,0.0007170699158152343,5.574140192755585e-07,-2.0695277426534943e-09,0.1822,0.00014282583115969165,-8.930211745679618e-07,-5.888935647858184e-10,2.425687290128029,0.00013238052923634502,1.6229500075972088e-07,-7.045878413988407e-10,3.2188758248682006,0.0001687413840256162,-5.465995858834529e-08,-7.564484730617595e-10,-2.5982993371430907,-0.03608638977442087,-0.00020729941732706487,-1.0056295736188569e-06,8.7014762464362e-10,-3.804352269701668e-05,-1.0641553531167117e-06,1.170714146104178e-10,2.94706710157271,0.0002006399230509024,-8.497161911284661e-07,-8.682579457861185e-10,3.60576954739093,-0.00013267163328758297,-1.0213744439541727e-06,1.3386136041973432e-09,-1.9393318336951906,-0.0003723809988274457,-1.2310316124271833e-06,2.323460558041494e-09,-0.2407984865529306,-0.0002791947444887303,-6.031920412058341e-07,1.2932893492815911e-09,3.2180755046974316,0.00016798785098231934,-5.478741268572391e-08,-7.409318395964528e-10,5.730596412879279,0.00037256075244305185,2.7358488819330694e-08,-1.5305714297018994e-09,5.735797804088212,0.00037432734480237343,2.777430683897049e-08,-1.5382622721477358e-09,-1.1394342831883648,0.00018354687858781904,3.7965515830161436e-07,-8.538699649930127e-10,0.03608638977442077,0.00020729941732706487,1.0056295736188573e-06,-8.701476246436205e-10,4.1225877745354955,-2.747442921532148,3.537858793491618e-05,1.2855489367105495e-07,-2.0783414072784372e-10,9.903510858784645e-05,1.6834423965446425e-07,-2.5663225558579596e-10,-2.7526443127410816,3.361199557559286e-05,1.2813907565141875e-07,-2.001432982820394e-10,0.9400072584914712,0.0001811270208450254,-3.219066542472396e-08,-5.354327856126494e-10,-0.23572233352106983,0.00023919795635234985,2.1057334107874072e-07,-9.819570973679807e-10,-0.23492201335030075,0.00023995148939564623,2.1070079517611893e-07,-9.974737308332713e-10,6.684611727667927,1.530382562560384e-05,-7.721636199522769e-09,3.052351413583068e-10,2.9831534913471307,5.545177444479562,0.00023920609424155984,2.1053085745552405e-07,-9.820117953679176e-10,0.000407939340377967,1.559133824903914e-07,-1.7384055704297606e-09,5.0286539666600385,3.598144716426277e-05,4.931987753859064e-08,-6.964087901295494e-11,0.13369999999999999,9.400765830118581e-06,-4.768372548135942e-07,3.4137531392885863e-10,16687.9,2.3568145142855257,-0.0010359205399730956,-7.609690680162514e-06,6.95,0.0030451494345228565,1.0677775082134897e-05,-1.7220650099123352e-08,0.0593,0.00013214392846140564,-4.261193411735941e-07,-8.791831648361208e-10,0.0203820327300167,-6.315680693186047e-06,-3.5580093330755778e-09,4.6430932525095684e-11,1
1951-03-31,0.0259,4.171216967935326e-06,-1.1967807245011037e-09,-4.231582983528641e-12,0.004500000000000001,-5.341217408171424e-07,5.7512310058132075e-09,-1.5138766957584438e-11,0.038,-1.5726738116704176e-05,-7.889516445680069e-08,1.3759668481353693e-10,2.78,0.0006105565440312506,-4.631272366396479e-08,-2.41427946577036e-09,3.23,0.0005571443699495353,5.288103769173619e-07,-3.9281561615288015e-09,3.7595299196931355,0.000561595696456902,-2.850830521468786e-06,-5.35065658643804e-09,1.4,0.0007579060753791203,2.740283799054912e-07,-2.0853084789079557e-09,0.19649999999999998,3.5850317760443443e-05,-9.849414121231679e-07,5.183232592628875e-10,2.4714836294558595,0.0001508937214960853,1.02587126604966e-07,-1.054218615114926e-09,3.250374491927572,0.00015961220116697886,-1.4742532844466994e-07,-6.790468064281037e-10,-2.6549834801655177,-0.12491660222731113,-0.00031597573134367445,-9.674511225076067e-07,2.056618949035258e-09,-0.00015624268587984962,-1.1184706954693063e-06,1.3849810931643486e-09,2.949164637737656,0.00010731815195101566,-1.000012727853818e-06,5.702906656994847e-11,3.5709401562492498,-0.00024988042963422914,-8.720666546483306e-07,2.6256572487857185e-09,-2.034085839959039,-0.0005137925047666691,-9.85902686383476e-07,3.947254400439622e-09,-0.26015582518621944,-0.00035379324277773404,-4.347039927246267e-07,1.8880319554127435e-09,3.2534704696327,0.00015923473162020307,-1.4117524659338148e-07,-6.745515313435451e-10,5.768149106021572,0.0003802381618781228,-1.707785426139218e-07,-1.490959558561224e-09,5.773165492248484,0.0003819672324483214,-1.713767467388565e-07,-1.5016472347613866e-09,-1.1261819649916598,0.00023075987678316048,2.7023527843833493e-07,-1.2428436442101306e-09,0.12491660222731107,0.00031597573134367455,9.67451122507607e-07,-2.056618949035259e-09,4.132145711056625,-2.694067866056604,4.305572141656798e-05,1.38216937267703e-07,-5.086303239040891e-10,0.00011916715220095727,1.4795471324654818e-07,-5.470206600192121e-10,-2.699084252283517,4.1326650846369716e-05,1.3881514139264037e-07,-4.979426477039594e-10,0.9516578757114463,0.0001804218303938253,-1.0522438641785873e-07,-4.247443795435532e-10,-0.1762932519626044,0.00026368168212770993,1.1486372309846115e-07,-1.320543076037202e-09,-0.1793892296677324,0.0002640591516744862,1.08613641247178e-07,-1.325038351121756e-09,6.688920931414458,1.2717651469321133e-05,4.423584328247173e-08,2.1329941149107764e-10,3.0740812399649675,5.604624903122983,0.00026368675408521556,1.1482680165848345e-07,-1.320576193879498e-09,0.00042329388329468906,-3.256160534621344e-08,-1.9995898824653183e-09,5.033880500283275,4.2209210908603775e-05,4.094389388663054e-08,-1.0163746564743608e-10,0.1056,-4.4849905590011146e-05,-4.505656774382909e-07,9.003796065334177e-10,16842.95,2.274938742021831,-0.0020914928619427896,-5.445247301160972e-06,7.64,0.004271637763648394,8.913329648330088e-06,-3.1654768788528626e-08,0.0932,7.614030157431474e-05,-5.457602578018873e-07,-3.4463436793041205e-10,0.018908428490241547,-6.860622433313575e-06,2.0605005451605888e-09,4.8915101174219857e-11,1
1951-06-30,0.0262,3.990396303686291e-06,-1.1698616474949996e-09,-5.134309026493848e-12,0.005500000000000002,3.2398516771742e-07,3.286711707259104e-09,-2.012889905351812e-11,0.037500000000000006,-2.2642112419284464e-05,-5.6308923130258087e-08,2.103264809454995e-10,2.94,0.0005359458523945433,-3.357234354605277e-07,-1.3141393978965264e-09,3.49,0.0005683443691662856,-7.052264734611766e-09,-3.327029303248351e-09,3.7878016464480164,0.00023012132905326778,-3.2563930026807105e-06,-3.3880163443928075e-09,1.45,0.0007709830702540483,9.012853573283391e-08,-2.508695994498049e-09,0.185,-8.309182544916235e-05,-8.568149626342968e-07,1.6897103956789868e-09,2.4527277514237653,0.00015231242176809434,-2.6076428213407085e-10,-1.2687490252947624e-09,3.254242968705492,0.00013793262897928912,-2.2347076471589662e-07,-4.668158626846484e-10,-2.6255489795904663,-0.09893623556481046,-0.0003973476301765426,-6.480231083704851e-07,3.0606006273141496e-09,-0.00025974723368959036,-8.732358044236923e-07,2.6046879074970627e-09,2.9714395809849465,4.020693996991537e-06,-8.830709075895143e-07,1.1412961811815976e-09,3.5272424885128144,-0.0003482293082235764,-4.915893847885999e-07,3.656731239355254e-09,-2.0698873288750246,-0.0006116252225597689,-4.781976424095612e-07,5.108384732905594e-09,-0.3297858941651998,-0.0004016048766348829,-2.1002686835525483e-07,2.206591263756079e-09,3.255400599550573,0.0001358350521900413,-2.183392988768118e-07,-4.610793825049681e-10,5.817111159963204,0.00035097747577723796,-3.182144247363784e-07,-1.0888565448446721e-09,5.821675133933326,0.0003528629495042436,-3.2053155894218933e-07,-1.1026959109836496e-09,-1.0823521263513347,0.0002598562133663652,1.2354948710830246e-07,-1.4470701678388544e-09,0.09893623556481045,0.0003973476301765427,6.480231083704854e-07,-3.060600627314152e-09,4.146365784414523,-2.746735343413447,5.039084839629712e-05,8.316662551734482e-08,-8.304479012878784e-10,0.00013424963036342552,9.93450422026376e-08,-8.532887993385692e-10,-2.7512993173835687,4.850537466928873e-05,8.548375972315729e-08,-8.166085351489102e-10,0.9707789171582248,0.00016421507567462786,-1.2335700304078773e-07,-2.094668644819115e-10,-0.18386715215573513,0.00026343569519424436,-1.1577034503131239e-08,-1.4524885834479077e-09,-0.1850247830008162,0.00026553327198349154,-1.6708500342209345e-08,-1.458225063627579e-09,6.6798638536548545,1.6860890225670054e-05,8.776636450741632e-08,-3.02899984729735e-11,3.070375816549757,5.597050648811833,0.00026342785853894837,-1.1615443702484395e-08,-1.4524378019656042e-09,0.00040136832417353235,-2.350477992190344e-07,-1.91930444613255e-09,5.0392957653270205,4.5533908273390905e-05,3.0642331434491864e-08,-1.1087425131652549e-10,0.0915,-9.09337659859706e-05,-3.025308046658097e-07,1.3240420902987523e-09,17062.5,1.9805770517401442,-0.002238943100565503,-1.9818559408685424e-06,7.92,0.005209118998260778,4.883686071503928e-06,-4.3065425658924163e-08,0.0882,9.011134352845305e-06,-5.686545444813052e-07,3.4856465342907673e-10,0.01741440460580418,-6.092255051425258e-06,7.566751400188489e-09,3.8628775813438626e-11,1
1951-09-30,0.0264,3.6843815454976222e-06,-2.1178821028356712e-10,-1.0107314550786206e-11,0.006200000000000001,5.184853535219529e-07,4.312594516681209e-10,-1.800338036335137e-11,0.030099999999999995,-2.849292730488195e-05,-2.254910812518982e-08,2.6203665581089156e-10,2.84,0.00043988809372808924,-4.573144877717842e-07,-2.363269714538386e-10,3.46,0.0004917366290802854,-4.141885426049685e-07,-2.0366650077889947e-09,3.7760317842377176,-0.0001735238048794878,-3.388038839421057e-06,-7.933064397169153e-10,1.63,0.0007504352123148862,1.3586012663705034e-08,-3.821725422898724e-09,0.14029999999999998,-0.0001801900576517424,-5.486321336916416e-07,2.5579979540212213e-09,2.5209170873110334,0.00014538048178188296,-1.7047707958669792e-07,-1.3210682124300527e-09,3.261935314328648,0.00010889406219374357,-2.5584774814077787e-07,-1.6219945436085672e-10,-2.7379940774752822,-0.21857563557943688,-0.0004719499164440085,-1.7613163901889568e-07,3.794906472447271e-09,-0.00036375427025127534,-4.3193224532475076e-07,3.645469507852444e-09,2.9375733593804587,-0.00011441111447322989,-6.289033957062824e-07,2.257951124874548e-09,3.4391352210025476,-0.0003871632385933972,7.282403861140122e-09,4.060593694482447e-09,-2.2358614609511376,-0.0006358028006574555,2.059080787526144e-07,5.4338025866013996e-09,-0.401770783796719,-0.00039547380834042706,5.364500608258024e-08,2.096133476083537e-09,3.259249719006474,0.00010811011523277069,-2.572658944304363e-07,-1.6891598479045752e-10,5.8409032510617624,0.00028919180919933786,-4.1279064263347427e-07,-4.421889244834555e-10,5.846360737330779,0.0002909530566798442,-4.1657400266596726e-07,-4.5609062074675073e-10,-1.0368357753513706,0.0002547693683361501,-5.0905716429462574e-08,-1.3693779573334415e-09,0.21857563557943682,0.00047194991644400867,1.761316390188959e-07,-3.794906472447273e-09,4.161953802471758,-2.6847542561018667,6.834699277143974e-05,-3.9981114053915926e-08,-1.0947664230892531e-09,0.0001410730321863493,-4.828836608069161e-09,-1.0683763210973048e-09,-2.6902117423708836,6.658574529092992e-05,-3.619775402142621e-08,-1.0808647268259495e-09,0.9895411936137477,0.00013633084012284192,-1.2000993412905682e-07,1.5165027883450862e-11,-0.10578631936875203,0.0002486447397770354,-1.9692400854660394e-07,-1.3747558932118747e-09,-0.10310072404657832,0.00024942868673800777,-1.9550586225694427e-07,-1.3680393627822698e-09,6.671442087030038,3.2950217561744656e-05,8.331100425891641e-08,-3.647680549627535e-10,3.1561489949598958,5.675108614071593,0.00024863406159515293,-1.9696949902748239e-07,-1.374642937784212e-09,0.0003575388019707769,-4.5277175668738885e-07,-1.5369553475727098e-09,5.042650623528266,4.622667357777957e-05,1.6142316137729756e-08,-9.996112510629666e-11,0.0725,-0.00012172922173794806,-9.284166715433688e-08,1.4660791650766551e-09,17339.65,1.5340117536565856,-0.0019888821914949306,1.2355128871195931e-06,9.35,0.0055342323390262915,-9.062133248662293e-07,-4.768169935454486e-08,0.0697,-5.6360782619071677e-05,-4.654630872672096e-07,1.0622679994546575e-09,0.0171,-4.521051576689698e-06,1.196025765798063e-08,2.013004135674774e-11,1
1951-12-31,0.026699999999999998,3.4133424190444915e-06,-3.174127915460024e-10,-2.1060093385199204e-11,0.006000000000000001,4.1205527663110036e-08,-2.0947522062803236e-09,-7.938677101653403e-12,0.024099999999999996,-2.893850174534422e-05,6.909006430650246e-09,2.5087017898984586e-10,3.01,0.00036236962135037726,-2.601418720785554e-07,1.2361120218924554e-10,3.61,0.0003664901741166883,-4.696170927065887e-07,-6.702565079761104e-10,3.7301788877555135,-0.0005078627744020674,-3.285192968640377e-06,1.2491027055989674e-09,1.73,0.0007113841610990573,-1.69042708690969e-07,-6.241885853254156e-09,0.11320000000000001,-0.00021563645145541085,-1.6672824783831833e-07,2.6465035260959335e-09,2.4973291697865574,0.00013402490751493432,-3.363535242522938e-07,-1.0977523184570472e-09,3.2771447329921766,7.607254874988367e-05,-2.405113771118131e-07,1.4890487343597096e-10,-2.810082926667362,-0.3059310162672725,-0.0004716312104167472,2.465904597784431e-07,3.5861014502779115e-09,-0.0003959994394854394,7.078240885931996e-09,3.743363781647397e-09,2.847232265235547,-0.0001637075846525244,-3.5531680039273394e-07,2.695438048489693e-09,3.3958497753355603,-0.0003387803628042259,4.96318835209376e-07,3.5161986617213e-09,-2.2614431496628704,-0.0005703731170302876,8.584272200572074e-07,4.552055486915246e-09,-0.4231200433468851,-0.00035791569692771746,2.954785840830329e-07,1.6589369716166577e-09,3.27601201623901,7.751279820890147e-05,-2.411052951951879e-07,1.3104760622852741e-10,5.861882488444638,0.000234172601846043,-4.1610528344425547e-07,9.966710940309873e-11,5.86754679499943,0.00023529497062394557,-4.2135843245996704e-07,9.132324909555908e-11,-1.0216512475319814,0.00023008645544825672,-2.0987128709964575e-07,-1.0655531168515382e-09,0.3059310162672725,0.00047163121041674726,-2.4659045977844325e-07,-3.5861014502779136e-09,4.174814529034801,-2.708719206941819,7.375102391817857e-05,-1.85801976726926e-07,-9.903305111913064e-10,0.00014217216513165155,-1.4874317717027745e-07,-1.0228862789240659e-09,-2.714383513496611,7.262865514027425e-05,-1.8054882771121536e-07,-9.819866508837552e-10,0.9932517730102834,0.00012418791725152446,-9.681690917159483e-08,4.675533126784533e-11,-0.12398145148935717,0.00023185107701433833,-3.613958830593597e-07,-1.039568275224197e-09,-0.12284873473619046,0.0002304108275553225,-3.6080196497598316e-07,-1.0217110080167616e-09,6.678586668955339,5.473220306069782e-05,1.7709735487224445e-08,-5.669157039808956e-10,3.1531632815028194,5.656935421423358,0.00023184151820723615,-3.614228045172587e-07,-1.039417748351665e-09,0.00030792362576421983,-6.019072601711748e-07,-8.906634017881922e-10,5.046001365668754,4.668685675545264e-05,4.451790432245385e-09,-8.039037041279e-11,0.0547,-0.00011365878455115801,9.599422952867591e-08,1.1275298393117473e-09,17303.12,1.3455281243228143,-0.0014845060375244655,1.1284664351966084e-06,9.59,0.0051015932629973944,-6.814431822332271e-06,-4.1647509734599973e-08,0.06,-0.00010567217944801694,-2.8447510890490653e-07,1.5271601613584647e-09,0.017060306815817678,-2.892326082264951e-06,1.274245492370071e-08,1.1356701696790596e-12,0
1952-03-31,0.027000000000000003,3.799966842375974e-06,-2.985400158759205e-09,-3.9108767506704044e-11,0.005499999999999998,-5.900686388925956e-07,-2.8938705607940844e-09,4.6708281995230964e-12,0.0245,-2.4106954224202966e-05,3.212648869273197e-08,1.7008660481959452e-10,2.96,0.0003374728146645474,-2.155288165585041e-09,-6.253532708229896e-10,3.51,0.00027846595077528835,-2.9154234424499815e-07,-1.582704508706914e-10,3.657679355926457,-0.0007689560392662338,-2.983195979486293e-06,2.6599888617564208e-09,1.59,0.0007362244431738368,-7.46032403099908e-07,-9.140682507071693e-09,0.0709,-0.00019253731668663953,1.5762655132679476e-07,1.94724013216382e-09,2.514465452029545,9.800188247044463e-05,-4.470851646027103e-07,-3.149700267316758e-10,3.269568939183719,5.178088424706642e-05,-2.0250320974430486e-07,3.5717817090443087e-10,-2.820099704910833,-0.30790477956930307,-0.0003912473678054222,6.287977844177007e-07,2.227980697934889e-09,-0.00033918604568333456,4.283333817095798e-07,2.5852207764837843e-09,2.8622008809294686,-0.0001449366442564725,-2.688033117777443e-08,2.402986897105138e-09,3.3867603338643857,-0.00024531858003155047,8.525630148092483e-07,2.2466040430118518e-09,-2.294616923344869,-0.00043932516942694585,1.3061392737858635e-06,2.4232733545665187e-09,-0.4371721008914479,-0.00031518347097635445,4.311471739877914e-07,1.0811712705845234e-09,3.2729851505152325,5.1520892234301065e-05,-2.005437530972613e-07,3.549956032345682e-10,5.875430605893682,0.00019679720733123824,-3.245093103641957e-07,3.90833383181622e-10,5.881454349524805,0.00019711896355994186,-3.3108207048036966e-07,3.908961334146088e-10,-1.0112603758753715,0.00020053072292914657,-2.97305659776629e-07,-6.329107208287534e-10,0.307904779569303,0.00039124736780542235,-6.287977844177013e-07,-2.2279806979348917e-09,4.187558411441351,-2.70532494539491,4.9513516217711276e-05,-3.311688052312803e-07,-2.1582718401137143e-10,0.00012737988007439568,-2.884272199801925e-07,-4.942931232550126e-10,-2.711348689026034,4.9191759989005576e-05,-3.2459604511509964e-07,-2.1588993424433617e-10,1.0043016091968684,0.00012432356047638765,-5.9421750887976966e-08,-8.443079016050082e-11,-0.09946327868494753,0.00019452983930188362,-4.531749058511701e-07,-1.82171971734199e-10,-0.10287949001646142,0.0001947898313146499,-4.551343624982087e-07,-1.799894040643391e-10,6.689300589947635,6.2190940382284e-05,-9.531601643667097e-08,-3.2864542020501916e-10,3.170105660498771,5.6814346109922935,0.00019451664327251457,-4.5317278919857664e-07,-1.8196184032184472e-10,0.00024631072354894674,-6.556781155954718e-07,1.7500619917027224e-10,5.051077423032572,4.671364472175893e-05,-2.038604556724371e-10,-5.197714232545905e-11,0.051699999999999996,-8.016940021252206e-05,2.1360283314955032e-07,4.2827790784194036e-10,17413.09,1.372121415908873,-0.0008988288183603543,-1.7542338267931531e-06,9.92,0.0040480333873776485,-1.1155215520526619e-05,-2.3614641303359826e-08,0.0194,-0.00011801211689237349,-8.741528417919209e-08,1.5504506480143876e-09,0.017186815849829895,-1.5062485295841205e-06,1.017744154574978e-08,-1.3869163523188546e-11,0
1952-06-30,0.0274,4.321366215949255e-06,-7.399694878150004e-09,-5.418190423645949e-11,0.005600000000000001,-9.987802171693894e-07,-9.206696466086612e-10,1.3747131735657408e-11,0.0245,-1.8614604062287585e-05,4.8234358574900176e-08,6.173689318755575e-11,2.94,0.0004128802574632939,3.105965121166247e-08,-2.4584645145044805e-09,3.5,0.0003130022357463548,-6.100731344920597e-08,-1.0837513409387396e-09,3.5645094551286323,-0.0009941166567488864,-2.6407003523969433e-06,4.108890232341674e-09,1.7,0.0007486802482383377,-1.8994566952504294e-06,-1.1101252269416701e-08,0.0492,-0.0001299867937795949,3.106909932796447e-07,8.434906700225616e-10,2.5217206229107165,2.9529636975112953e-05,-4.977319106437897e-07,1.0140339088993025e-09,3.2771447329921766,4.2355972391076165e-05,-1.463094845954465e-07,4.0178281176521407e-10,-2.821778966430553,-0.3185050039670088,-0.0002929535035405662,8.730632356330281e-07,3.0022136287702183e-10,-0.0002502000566695046,7.289330450801632e-07,6.967728558087926e-10,2.8752581200861167,-0.00012251080666335866,2.469342883591785e-07,1.8863525018951243e-09,3.3537563070620187,-0.00012890959219316324,9.71535379605134e-07,7.238731238846256e-10,-2.3434070875143007,-0.0002567130438593711,1.451459549331698e-06,-4.6471218737147274e-10,-0.4657120740766586,-0.0002667924506163764,4.4861870604661563e-07,4.786818309918928e-10,3.2782761681496484,4.029338801319754e-05,-1.485342756567715e-07,4.1923174289899596e-10,5.885603906408473,0.00017726592347542953,-2.211608965622783e-07,4.2106636618612056e-10,5.891149614394503,0.0001769812695526174,-2.274767232755486e-07,4.295518915381443e-10,-0.9949170766083575,0.00016601868494552744,-3.056923401786262e-07,-1.4755418942681742e-10,0.3185050039670089,0.0002929535035405664,-8.730632356330288e-07,-3.0022136287702364e-10,4.200786801731686,-2.691840782355348,-6.8232265982237635e-06,-4.0496805071157033e-07,1.1650647728319875e-09,8.638878125369343e-05,-3.731296222785515e-07,5.655864975638469e-10,-2.6973864903413776,-6.538572675413718e-06,-3.986522239982929e-07,1.1565792474799913e-09,1.0043016091968684,0.0001269397999389802,-6.245868520861909e-08,-2.4165798666871435e-10,-0.08338160893905114,0.0001280867244861329,-4.79819462678404e-07,1.1843483272528632e-09,-0.08451304409652291,0.00013014930886401168,-4.775946716170758e-07,1.1668993961190875e-09,6.700821967150522,4.267421196504362e-05,-2.0225763596241181e-07,4.685494421350558e-10,3.1937631240531252,5.6975296329904355,0.00012807175756722258,-4.797981347711071e-07,1.1845980286614898e-09,0.00017044269687720715,-6.261289472738427e-07,1.586131139018108e-09,5.056201765052682,4.609388406852724e-05,-1.043238122129792e-09,-1.9354502390023343e-11,0.036000000000000004,-3.9662451122964276e-05,2.0287152647573795e-07,-2.9288495647759865e-10,17376.23,1.433715158543049,-0.001069373308328416,-4.95967185486718e-06,10.42,0.0024265156297729367,-1.2908623989463197e-05,2.846609442216078e-09,0.0232,-9.938956022199075e-05,9.08328678156576e-08,1.1894697745002522e-09,0.017320568162094797,-6.977892798219656e-07,6.7044123645142974e-09,-2.026185383400307e-11,0
1952-09-30,0.0278,3.5187008557201933e-06,-1.4180291354785211e-08,-4.9753713526818486e-11,0.0056999999999999985,-1.1263387926213868e-06,2.653561511310344e-09,1.5336443337006203e-11,0.023299999999999994,-1.3574562059457085e-05,4.618685163858408e-08,-4.569660092240401e-11,2.95,0.0004936272684749707,-3.0402112217065875e-07,-4.219786753216048e-09,3.52,0.0003809933892128303,-3.8664971039625e-08,-2.686142419515412e-09,3.4557343679732324,-0.0012229801306645408,-2.3268187786561562e-06,6.109003475708144e-09,1.71,0.0006224323640797415,-3.4381179570072925e-06,-1.0285480360298891e-08,0.0464,-7.144049255195892e-05,2.706419253208593e-07,-1.1438537331835852e-10,2.5201129055226197,-3.3361878421753544e-05,-4.050673685024926e-07,2.441100168841848e-09,3.2846635654062037,3.4824500406539784e-05,-8.870749113149437e-08,3.4422163829591436e-10,-2.8387285247443264,-0.34213797415689035,-0.00019695834723643677,7.926204003489899e-07,-1.691203643724669e-09,-0.00016184021671836676,7.040269487100885e-07,-1.354668314411155e-09,2.8678989020441064,-9.322553261564594e-05,3.3465375890525897e-07,1.2625337105534152e-09,3.3548043420924447,-1.6066448039846887e-05,8.8528575106731e-07,-5.408587944645373e-10,-2.3517753371848173,-8.479767934658835e-05,1.2538614491544e-06,-3.15331938524242e-09,-0.49476290278316304,-0.00021797646115977913,4.27597944980607e-07,1.0718606429450063e-11,3.282038399825841,3.401656412782492e-05,-9.150090621615727e-08,3.6349645991089247e-10,5.888961057373135,0.00017251690089750417,-1.793716761223179e-07,2.2635377490401752e-10,5.894537811380925,0.00017161175533111084,-1.835945340603827e-07,2.435848960291925e-10,-0.9783283245343113,0.00013245125989292915,-2.7744173297079405e-07,2.6588718529881514e-10,0.3421379741568903,0.00019695834723643663,-7.926204003489907e-07,1.691203643724669e-09,4.214047194364935,-2.6789241811721385,-6.878408627671411e-05,-2.785949653214163e-07,2.727383579374072e-09,3.12111741730986e-05,-3.1468840359422664e-07,1.9113635815693748e-09,-2.6845009351799285,-6.787894071032183e-05,-2.7437210738334414e-07,2.710152458248906e-09,1.0116009116784799,0.00012860788437871543,-1.239442635495839e-07,-3.303856558507743e-10,-0.07462668920520736,6.890831421425132e-05,-3.6925915031223895e-07,2.609515715982154e-09,-0.07200152362484441,6.971625049296752e-05,-3.6646573522757474e-07,2.590240894367175e-09,6.71237025217263,3.4531165015727616e-06,-1.8224524867144559e-07,1.6584293105593359e-09,3.2100368762009963,5.7062793548547885,6.889611631849744e-05,-3.692184579574447e-07,2.609722348584445e-09,0.0001037328146207904,-4.579666414437212e-07,2.9537373542780807e-09,5.0597428682032835,4.571049328005242e-05,-1.152147596596208e-09,2.8709689625126412e-12,0.022400000000000003,-9.037440221519697e-06,7.746793208803372e-08,-7.087997408176655e-10,17428.28,1.4551375154069348,-0.0022340978256799073,-6.510394387308617e-06,10.5,0.0008337630442838709,-1.1431773645191897e-05,2.8772953711175335e-08,0.023,-7.674328648891562e-05,1.9190099485226454e-07,6.621931104580926e-10,0.0173,-5.869820495425977e-07,4.056603649975685e-09,-1.6349038830688483e-11,0
1952-12-31,0.0282,1.3786686379973102e-06,-2.302427340040614e-08,-2.2715158346776398e-11,0.005399999999999996,-6.682544678228751e-07,5.3350092998292856e-09,7.096194659451849e-12,0.019000000000000003,-8.26293522110182e-06,3.0448025630988195e-08,-1.411453307901351e-10,2.97,0.0004788522834220092,-1.0731041917726755e-06,-4.5237336706575876e-09,3.51,0.0004120268366397201,-5.396032617897475e-07,-3.814114204712383e-09,3.3387879972654035,-0.0014546670325400767,-1.8858713032309196e-06,8.762089920058968e-09,2.09,0.00021070709718697643,-4.829410556486677e-06,-4.9135886749740805e-09,0.0692,-4.905431849793027e-05,1.0410971150918259e-07,-4.932162764474018e-10,2.559550192783766,-7.779540464274044e-05,-5.140464752222697e-08,3.6203696315980288e-09,3.2846635654062037,2.640602158233349e-05,-6.419932665149199e-08,2.393820478083506e-10,-2.916921093129701,-0.4199707294362663,-9.823302540235747e-05,4.176078726982619e-07,-3.4414457087675617e-09,-7.129779362576513e-05,3.5161813206907556e-07,-3.210945987283548e-09,2.839663087904102,-4.313715987537721e-05,3.495307912810417e-07,5.637931994306658e-10,3.3717685709713434,6.01409095483306e-05,6.864143405889538e-07,-1.1292048173258923e-09,-2.3837951484195887,3.1688302986744925e-05,6.894364781898783e-07,-4.898247549995195e-09,-0.5091603444469295,-0.00018448095595306112,4.0769264491763407e-07,-2.025255151951244e-10,3.2850380271218693,2.625048117551876e-05,-5.965430436047461e-08,2.598921469882072e-10,5.907270107911905,0.00017034229508097187,-1.9721790327131562e-07,1.1804963325734774e-11,5.9126458816556795,0.0001688790374579488,-1.990051776544174e-07,3.556071483052878e-11,-0.9675840262617056,0.00011009683415320465,-2.3027132542676273e-07,5.21518067414752e-10,0.41997072943626645,9.823302540235725e-05,-4.1760787269826294e-07,3.4414457087675634e-09,4.227217843602074,-2.647636290571536,-0.00011524642955399178,1.291408218540922e-07,3.993433944872496e-09,-2.0002879371713857e-05,-3.984093055009654e-08,3.167214629821426e-09,-2.653012064315311,-0.00011378317193096766,1.3092809623720485e-07,3.969678193367688e-09,1.0438040521731147,0.00011713709725057978,-1.9825318833786926e-07,-2.2359120056047884e-10,-0.02502974806583539,2.8689843944646158e-05,-3.877754765735255e-09,3.765856860389874e-09,-0.025404209781501114,2.884538435146311e-05,-8.422777056748721e-09,3.745346761210006e-09,6.723452814116238,-4.109641399051983e-05,5.676937537021922e-08,2.899966404440741e-09,3.2596338173403683,5.755868787854532,2.868564430856049e-05,-3.8101455953509215e-09,3.765959537065494e-09,5.509586552698009e-05,-6.8077081417216e-08,4.005238908198218e-09,5.063241644508204,4.587926484465321e-05,2.0447375059459234e-10,1.1203816175460787e-11,0.0536,-8.934578483590265e-06,-8.141750251770383e-08,-5.971857971539085e-10,17925.97,1.2291905054674743,-0.003622648257542415,-4.231308099621925e-06,10.85,-0.0002907062379188405,-6.172832896242094e-06,4.668179498630147e-08,0.0075,-5.1346922339878626e-05,1.9161533258532438e-07,1.1932775968742258e-10,0.017218732168749768,-7.139280759067362e-07,2.8666419488010564e-09,-7.679924028308154e-12,0
1953-03-31,0.0277,-1.061387860505381e-06,-2.7154148156031086e-08,2.0793312388344643e-11,0.004499999999999997,3.763138173013664e-07,5.641509222463204e-09,-8.884451165372468e-12,0.0186,-5.0991861642665244e-06,1.0226608636692376e-08,-1.957734948911022e-10,3.12,0.00035460322528129003,-1.8958287582916506e-06,-2.8325618676816347e-09,3.57,0.0003922346070114269,-1.3316778360453274e-06,-3.721006984218866e-09,3.222733993219587,-0.0016421422039855547,-1.0458859801057211e-06,1.1705371224640366e-08,2.01,-0.0004797420711310441,-5.494065977252874e-06,4.989919622994641e-09,0.0783,-6.247097015228684e-05,-5.134992002298983e-08,-2.0117220166450064e-10,2.551786178627545,-9.805488968689345e-05,4.6803192030581364e-07,4.25988127147614e-09,3.2809112157876537,2.4629568563531296e-05,-6.443464090630604e-08,1.0789120513909346e-10,-2.9132310520422475,-0.41396593209728955,-4.714208816299888e-05,-7.39793721839924e-08,-4.342151613268553e-09,-2.2188725685477403e-05,-1.404416442569995e-07,-4.240234300586275e-09,2.8437459165561094,-9.615423822527392e-06,3.860460718421689e-07,1.5481038013823164e-10,3.3877743613300146,0.00010226522911169073,4.770988653075601e-07,-9.687933163818587e-10,-2.369793842687496,8.949519093206688e-05,-4.799187400517288e-08,-5.360390755695851e-09,-0.5207369893402068,-0.0001587076467158095,3.7953635433836937e-07,-2.818672383896573e-10,3.282038399825841,2.3548097246731818e-05,-5.497619941423169e-08,1.3090619164614644e-10,5.94230581502574,0.00015140231610319687,-2.4794713443487135e-07,3.2922988458697396e-11,5.947384647205837,0.0001499634937270719,-2.4740811653552606e-07,5.654221127734605e-11,-0.9589581372825039,9.521788467890067e-05,-1.6596745598707018e-07,6.722590446702186e-10,0.4139659320972896,4.714208816299866e-05,7.397937218399167e-08,4.342151613268556e-09,4.231524566947701,-2.6845939663723417,-0.00011387565176272652,7.079725784610327e-07,4.4640390049481054e-09,-3.8728808881747376e-05,4.0059785945750197e-07,3.827586688565872e-09,-2.689672798552438,-0.00011243682938660119,7.074335605616972e-07,4.440419782129431e-09,1.0647107369924282,8.667966052249704e-05,-2.414254261304362e-07,1.4490207024242503e-10,-0.023199367134254637,1.2897095776939435e-05,5.244600849324601e-07,4.3890707882676985e-09,-0.024326551172441972,1.3978567093741123e-05,5.150016434403905e-07,4.3660558017606296e-09,6.725699095036101,-5.701872799072361e-05,4.699217385964882e-07,3.6226646891545226e-09,3.2577118486533987,5.757702316645632,1.2900677643137848e-05,5.245482766175114e-07,4.389062390430339e-09,3.7526664340473136e-05,4.60025444026162e-07,4.496961993406765e-09,5.067747812268565,4.6086147589643325e-05,2.6047459227208586e-09,1.2824979193712719e-11,0.061900000000000004,-4.0575567572904376e-05,-1.857329443555525e-07,1.3919889157952073e-11,18183.82,0.6791079726166174,-0.004417335924075942,2.6744047307236382e-06,10.7,-0.0008795550939808092,1.0312345069660182e-06,5.257678292040029e-08,0.011399999999999999,-2.7942233538539792e-05,1.455171232255198e-07,-2.8770560467503056e-10,0.01698624276079624,-5.878528400608818e-07,3.3226980314043556e-09,-1.382767776678405e-12,1
1953-06-30,0.0311,-4.648641669498325e-06,-2.1681900546829657e-08,7.630051355098264e-11,0.0046,1.4686533618148266e-06,3.4758131206619774e-09,-2.4702440957217365e-11,0.020700000000000003,-5.7630339107229605e-06,-1.2771896510878014e-08,-1.8946886888648133e-10,3.4,7.315872774983631e-05,-2.210548838285209e-06,8.540240182402926e-10,3.86,0.0002200240639313185,-1.8629675262190058e-06,-1.6162200774814302e-09,3.11,-0.0017579620726958524,3.3264172195879846e-07,1.4090408761644678e-08,2.11,-0.0011953390345540939,-4.83210201513897e-06,1.6490958118065803e-08,0.0851,-9.711048281353862e-05,-6.32114922859424e-08,5.278992867850398e-10,2.4527277514237653,-4.020340837938736e-05,9.667944285050653e-07,3.811058706674288e-09,3.288401887516811,2.2127915771157775e-05,-6.326697495243784e-08,2.830688271436524e-11,-2.8251459729784574,-0.33280464894754,-9.139697364974625e-05,-5.890882452846033e-07,-3.901729652594753e-09,-6.964104151577257e-05,-6.543939229086317e-07,-3.873554750306692e-09,2.843163674909384,6.596730165147474e-06,3.8058106230946267e-07,6.708802212509571e-11,3.4127965175055075,0.00012263086429547404,3.7772267499365036e-07,-2.8748190392094137e-10,-2.2557015070951953,4.6801829524044725e-05,-6.561849591071671e-07,-4.228931190774321e-09,-0.5337288331057277,-0.0001239354816514132,3.564967251124332e-07,-4.2508399844498056e-10,3.2872818575322613,2.195386748599232e-05,-5.3764045887892515e-08,3.67151447995266e-11,5.96095379190296,0.00011679209597159485,-2.8492782898493426e-07,3.473662032188908e-10,5.9658595183925875,0.0001158020426602152,-2.815524745601005e-07,3.6563679826606525e-10,-0.955165696884482,8.198175170204044e-05,-9.903420016204288e-08,7.888148862254032e-10,0.33280464894753997,9.139697364974591e-05,5.890882452846032e-07,3.901729652594756e-09,4.188970703191242,-2.784985468046036,-1.879839215670441e-05,1.254597136579e-06,3.6214514715009886e-09,2.0024032281977523e-05,8.981916590298855e-07,3.3890953862506667e-09,-2.789891194535663,-1.7808338845322e-05,1.25122178215417e-06,3.603180876453776e-09,1.0715836162801904,4.9680447603231943e-05,-2.1772851269370792e-07,6.428972841339907e-10,-0.11243356365988676,7.586578804373395e-05,1.032936282546501e-06,3.940510792005505e-09,-0.1113135336753369,7.603983632890142e-05,1.0234333534819567e-06,3.932102529920324e-09,6.681626919868604,6.65951934708392e-06,9.571765069501173e-07,3.2372242123566347e-09,3.175968323856924,5.668466129528634,7.587656392983935e-05,1.0330117487301474e-06,3.9403765994645165e-09,9.799370381489495e-05,9.69669307594068e-07,3.968817674719836e-09,5.072437215956116,4.625727649708242e-05,4.217124541583873e-09,1.1076697468221943e-11,0.0678,-8.113613985086796e-05,-1.5396873867021196e-07,8.161373577613193e-10,18249.04,0.016135776937898073,-0.003932814411355646,1.1789819907791145e-05,9.54,-0.00041931248634689556,7.157128055289457e-06,4.2250919091652746e-08,0.0113,-2.0641628346630255e-05,8.842698841923922e-08,-4.163155224128278e-10,0.016759282561343233,-1.2712335829959174e-07,4.617278482085917e-09,-3.9629702163313377e-13,1
1953-09-30,0.0287,-8.240237203971586e-06,-9.462379599990215e-09,1.2415205661357854e-10,0.005899999999999999,1.7754698218381115e-06,-7.398078637121559e-10,-3.1467624557203835e-11,0.022199999999999998,-9.149099597245046e-06,-3.555143755481451e-08,-1.364050423520148e-10,3.29,-0.00029927501247636114,-1.8740222964796656e-06,5.411817542740463e-09,3.88,-0.00012172803029254984,-1.9480030828508757e-06,2.2650550870200863e-09,2.87,-0.0017259804993392026,2.033056008861262e-06,1.4530350076882619e-08,1.79,-0.0017130372404771377,-2.2984413806456895e-06,2.5726777828936652e-08,0.0638,-0.0001286902903921932,8.37904212091648e-08,1.2121577086919502e-09,2.410542234499138,0.00012160008266660464,1.3838507116914087e-06,2.1292845571148345e-09,3.292126286607793,1.3081870905263388e-05,-6.568246772020627e-08,4.962721922907996e-11,-2.796881414808826,-0.30750188941009826,-0.00021143757011413011,-1.0448290955618413e-06,-2.3623398869342388e-09,-0.0001989261333027941,-1.1124456716713135e-06,-2.308938901043011e-09,2.839663087904102,4.566671290055571e-05,3.520081446912932e-07,-4.350537784003038e-11,3.4249139082794713,0.00013119104246335153,4.181210373814966e-07,5.055001295855202e-10,-2.210917904468222,-0.0001128362156597406,-1.045862581927228e-06,-1.7635955436472711e-09,-0.5468336180118752,-8.525878561863668e-05,3.3845662899448923e-07,-6.431989172778078e-10,3.2917544702807735,1.5208020075135887e-05,-5.674016369965739e-08,3.124553680495318e-11,5.9706213285845,7.78102825604629e-05,-2.47429818816335e-07,8.174677522737225e-10,5.975845705561882,7.718429120949221e-05,-2.419980974240284e-07,8.290462033043364e-10,-0.9511753093669126,7.401790481957656e-05,-2.8380294278527357e-08,8.5509378188131e-10,0.3075018894100982,0.00021143757011412976,1.0448290955618413e-06,2.3623398869342433e-09,4.146266696431889,-2.8234563512702993,0.00017929400045422136,1.6442670590694731e-06,1.5013667568205078e-09,0.00015751558070165804,1.3232341947751993e-06,1.8440980527461485e-09,-2.828680728247682,0.00017991999180519516,1.6388353376771637e-06,1.489788305789852e-09,1.0647107369924282,2.1554869211972036e-05,-1.0823171720903994e-07,1.0300081011963725e-09,-0.14496130929359308,0.0002440224121094197,1.4625197079733404e-06,2.269207289865163e-09,-0.14458949296657303,0.00024189626293954995,1.4535774039527878e-06,2.2875889722892593e-09,6.637347813794917,0.00015041824307681083,1.3840375419723465e-06,1.7091746554701188e-09,3.1471649773142003,5.635931807748027,0.0002440452369468736,1.4625610635300771e-06,2.268927228226826e-09,0.00025710428301468495,1.396837240253134e-06,2.3188345090942124e-09,5.0762981828955365,4.6734532370103916e-05,4.691518109068106e-09,5.198422611034354e-12,0.0542,-0.00011143646432688306,2.5459599760245246e-08,1.389906164615108e-09,18068.12,-0.5010806025984266,-0.0018977625761694213,1.889586392251099e-05,9.13,0.0012557494128130064,1.1267508066306612e-05,1.7706258504221144e-08,0.0075,-2.198126307867431e-05,2.611550107440694e-08,-3.190611609190827e-10,0.0167,5.32028634562791e-07,5.175561594277472e-09,-4.297563911727032e-12,2
1953-12-31,0.0259,-8.716396131832661e-06,7.1151581359262054e-09,1.374340283042959e-10,0.006100000000000003,1.2083109028577182e-06,-5.665895749472533e-09,-2.5746343518422854e-11,0.020999999999999998,-1.377118844370472e-05,-4.8692258004029805e-08,-5.659723692910804e-11,3.13,-0.0005267894162283467,-9.541570748082431e-07,8.691819571256104e-09,3.74,-0.00040595832594257435,-1.520746649755491e-06,6.1171852194138146e-09,2.59,-0.0014416672458546706,3.7007783387630943e-06,1.1978524793541782e-08,1.6,-0.0019197185321557712,1.5764009306633518e-06,3.0087156709552095e-08,0.013500000000000002,-0.00011832351420069332,3.212309138279902e-07,1.341187818923198e-09,2.463853240590168,0.00030552742337280474,1.5958202125523687e-06,-1.6966628717843666e-10,3.292126286607793,4.840559731484479e-06,-6.982963919693423e-08,1.2493803300538487e-10,-2.8404393891479556,-0.3515674753741101,-0.000348269602300306,-1.2494417955904812e-06,-2.8692092727629306e-10,-0.00034400357363903076,-1.3205455403625338e-06,-1.570006548504386e-10,2.8604851241459652,9.211220109315716e-05,3.6989326624887117e-07,-1.7952234337482516e-10,3.4091655513113324,0.00016061845443078175,5.604599566020466e-07,8.643721612361283e-10,-2.2916451529557116,-0.00027502861979483115,-1.1301550096005865e-06,8.837949558611455e-10,-0.5586162876023391,-5.209990610474313e-05,2.8035649517588543e-07,-8.887982882471951e-10,3.2910104226273997,8.602289661685525e-06,-6.284107503449475e-08,8.436974120386233e-11,5.969144804533487,4.5544317151677285e-05,-1.1888331973725693e-07,1.2281174013166442e-09,5.97375871998905,4.546092763080822e-05,-1.132908636331006e-07,1.2311202708912308e-09,-0.941608539858445,7.267536114472506e-05,5.921855702450429e-08,8.460413565598591e-10,0.35156747537411004,0.0003482696023003057,1.2494417955904816e-06,2.869209272762967e-10,4.15366113937852,-2.757092205013412,0.000394837486241785,1.7382183815766204e-06,-1.120718817415167e-09,0.0003286836219709918,1.4777546819370328e-06,-3.541963585399929e-10,-2.7617061204689746,0.00039492087576265683,1.7326259254724568e-06,-1.123721686989781e-09,1.0508216248317612,1.4280400898783116e-05,5.704862001051408e-08,1.1168828557079404e-09,-0.08007368708771817,0.00043554124366197656,1.6891647010362897e-06,-1.753944910388926e-11,-0.07895782310732476,0.00043177951373177866,1.6821761368738445e-06,2.3028842697603103e-11,6.642453370527304,0.0003279139022636421,1.5332543545146854e-06,-5.165799267201108e-10,3.2120525995200753,5.700844830668858,0.00043557190922025935,1.6891767657993881e-06,-1.78864906408209e-11,0.0004403818033934637,1.6193350618393513e-06,1.0739858390147468e-10,5.08019629719907,4.745423604234147e-05,4.747041413595557e-09,-2.0149248742150683e-12,0.0052,-0.000105472822968257,2.726216453444309e-07,1.3787556349617152e-09,17716.28,-0.6310607080335302,0.001088720706646537,2.044093910134101e-05,9.89,0.002976085747411121,1.2266933626711222e-05,-9.328259669449167e-09,0.0075,-2.1599376328849086e-05,-4.336204425329217e-09,-1.2827139533156454e-10,0.016755043877439573,1.2244597387979863e-06,4.246941227751936e-09,-1.0911468402384093e-11,2
1954-03-31,0.023700000000000002,-6.236660139623398e-06,2.554525094807697e-08,1.1344804840255217e-10,0.006499999999999999,1.4296427514472974e-07,-8.979939586618928e-09,-9.984796603659745e-12,0.020200000000000003,-1.9804984417272605e-05,-4.7714626287628315e-08,3.673040009448718e-11,2.86,-0.0005253923575967899,3.789805863052127e-07,9.527526544140858e-09,3.51,-0.0005110959300823157,-5.19013372356675e-07,8.529046883774869e-09,2.37,-0.000932205336761903,4.9583728418685974e-06,6.868627471286462e-09,1.03,-0.0016531915452438946,5.2715190790015e-06,2.7507514689483887e-08,-0.0068000000000000005,-6.049134138420119e-05,5.431400777288677e-07,7.494715997206893e-10,2.519308076505333,0.0004696663879532964,1.4252955276188657e-06,-2.519357229759833e-09,3.292126286607793,-1.6666882820773332e-06,-5.725611250545954e-08,2.145105876223903e-10,-2.8949823704538478,-0.40565330797697996,-0.00048746409194805286,-1.1022684925326836e-06,1.9218086419125687e-09,-0.0004895837754505354,-1.160070956916802e-06,2.1414435436539348e-09,2.8741294517947424,0.00011960321704382604,3.7396054544975746e-07,-2.276241119226148e-10,3.4249139082794713,0.00022692065830004008,7.548666999127212e-07,4.5427527472056045e-10,-2.3434070875143007,-0.0003821703676046825,-7.795972069926652e-07,2.823489538830433e-09,-0.5658425374324131,-2.4696170407858575e-05,1.6886275694567296e-07,-1.1462373570638742e-09,3.2932409068235073,2.4147121260781334e-06,-5.4850332247521336e-08,1.6548629779633444e-10,5.9557596462372056,3.680231171272891e-05,6.118912911524277e-08,1.3509763615712223e-09,5.960484585497676,3.7584161951276227e-05,6.624827376920926e-08,1.3445948494526396e-09,-0.9323684302231104,7.94337899925026e-05,1.5212644575479857e-07,7.303767616830569e-10,0.4056533079769799,0.00048746409194805253,1.1022684925326847e-06,-1.9218086419125666e-09,4.187204176066086,-2.675976886465483,0.0005702649972791497,1.4150399088672098e-06,-3.500409115406413e-09,0.0005048959242174835,1.2620262053964593e-06,-2.6848087733558213e-09,-2.6807018257259543,0.0005694831470406031,1.4099807642132335e-06,-3.4940276032878306e-09,1.0473189942805592,3.28520646135623e-05,2.1080176574813492e-07,8.334273112908151e-10,-0.012343526836071247,0.0006087339972739553,1.5334851504879087e-06,-2.363943341457564e-09,-0.013458147051785366,0.0006046525968658012,1.5310793702299628e-06,-2.3149190516315197e-09,6.674776324275073,0.0005107554621173197,1.2979705804887618e-06,-2.9216862805165222e-09,3.279782759771722,5.76857096454898,0.0006087562495642365,1.533458044768993e-06,-2.3642187937186e-09,0.0006070673089918794,1.4762290379824449e-06,-2.1494327538351813e-09,5.084833888825473,4.7993179713035766e-05,4.3448755730606385e-09,-6.7534938238580205e-12,-0.0178,-5.316980797422275e-05,4.7515100093805806e-07,6.866352620564922e-10,17554.39,-0.27324470621639135,0.003874754951837503,1.5123469320388901e-05,10.42,0.004153851732910538,8.635962837173947e-06,-2.964738614697817e-08,0.0113,-2.630008830397303e-05,7.835014010478783e-09,9.752847353628154e-11,0.01719297006743723,1.698648786004517e-06,2.3002665005875353e-09,-1.6232228289074746e-11,2
1954-06-30,0.023799999999999998,-2.203544463029461e-06,3.7545255473013276e-08,6.52137274144684e-11,0.005900000000000003,-1.1010820167276512e-06,-8.829579847207962e-09,1.1327772929217861e-11,0.015199999999999998,-2.60038589726689e-05,-3.642558878629969e-08,1.195516370558145e-10,2.9,-0.0003611300015953042,1.584464075243997e-06,8.151339965335637e-09,3.49,-0.00047123820326806716,7.015060905232031e-07,9.284117258257402e-09,2.38,-0.0003176933363883808,5.372427345368082e-06,5.717748131191838e-10,0.64,-0.0007219599266209719,7.893310534572336e-06,1.722793727315416e-08,-0.0144,2.3129293536433728e-05,6.187925114323249e-07,-3.333998507914488e-10,2.5922651681085,0.0006189554794229495,9.425398939959158e-07,-4.621174017804029e-09,3.292126286607793,-7.331580738170057e-06,-2.673461578562474e-08,3.0892090287955554e-10,-2.993734270891318,-0.5054304433715505,-0.0006125552965429273,-7.183046546198518e-07,3.78947941419083e-09,-0.000620347823118244,-7.448729009991423e-07,4.105132275981647e-09,2.8604851241459652,0.0001490808370327154,3.207718491222123e-07,-3.8440094896126053e-10,3.4518904959776733,0.00031436811901131706,8.709538438488559e-07,-6.717211621514848e-10,-2.4024054282762566,-0.0004552046124805975,-1.9529528506303238e-07,3.818480275430906e-09,-0.551744036496414,-9.778152138757366e-06,3.473798726029424e-08,-1.3095134692962917e-09,3.293612170982218,-4.4000036657651506e-06,-3.1888635158398154e-08,2.665125638746696e-10,5.954139036922489,5.8444847665335695e-05,2.3756197786373786e-07,1.0748421466182086e-09,5.959315768772062,5.969991840930194e-05,2.4182973927605867e-07,1.0631285686781621e-09,-0.929871035260568,9.9892546622753e-05,2.3029069044813503e-07,4.5278145229456325e-10,0.5054304433715505,0.000612555296542927,7.18304654619853e-07,-3.78947941419083e-09,4.308140887288991,-2.588223469404973,0.0007031912859103096,8.015145258783328e-07,-5.2487225097703336e-09,0.0006440561242441065,7.919107281307024e-07,-4.511228123237194e-09,-2.5934002012545463,0.0007019362151663416,7.97246764466004e-07,-5.237008931830259e-09,1.0473189942805592,7.147005524693381e-05,2.903666425793122e-07,2.554826156234031e-10,0.07378928090972228,0.000768967714313812,1.0658111195276988e-06,-4.482801266031651e-09,0.07230339653529776,0.0007660361372414069,1.07096513890046e-06,-4.440392927026758e-09,6.800857529971597,0.0006542399993348727,8.000591647133661e-07,-4.828036416354901e-09,3.365915567517516,5.854699359973061,0.0007689832212226889,1.0657382160006066e-06,-4.482957001955042e-09,0.0007616361335756432,1.0390765037420696e-06,-4.173880363152093e-09,5.0896658937877834,4.825496433281118e-05,3.1788252671313113e-09,-8.757630564071219e-12,-0.024300000000000002,2.5122701448721452e-05,5.29605441024753e-07,-4.3279322754439475e-10,17496.91,0.435435532144291,0.005346118477204739,4.546704775773755e-06,11.05,0.004999579821247322,2.4666090321727875e-06,-4.055549188782292e-08,0.0037,-2.9472806889735093e-05,3.671955417888299e-08,2.766913855519189e-10,0.01763898447088915,1.729440362320902e-06,1.8785513502406616e-11,-1.672172930745852e-11,2
1954-09-30,0.023799999999999998,2.861051106346318e-06,3.883036757491756e-08,4.6852820374855506e-12,0.0058000000000000005,-2.202589951769099e-06,-5.563352033882591e-09,3.20256488282592e-11,0.011999999999999997,-2.9225289817160043e-05,-1.8286507758960144e-08,1.6223019371545888e-10,2.89,-9.103007776489827e-05,2.2180635094471704e-06,5.206144063224648e-09,3.47,-0.0003112890729418054,1.6617283060589108e-06,8.408708946050542e-09,2.38,0.00028610511063463203,4.850375416583694e-06,-5.328082338109114e-09,1.01,0.00047366337499800545,9.22943538563983e-06,2.988006580517365e-09,-0.0004,0.00010842186173637644,4.881667525800309e-07,-1.4777914854864538e-09,2.664446563620078,0.0006999958447958907,3.5036757284077916e-07,-5.8922482719601825e-09,3.288401887516811,-9.742847756354783e-06,1.2673264720080114e-08,3.784894779751923e-10,-3.0640111143072857,-0.5708873409798896,-0.0006659128279320725,-2.1967886426768412e-07,4.706945932033598e-09,-0.0006764136384139641,-2.0670615860159098e-07,5.095643258090545e-09,2.87751164216656,0.00018653113284608432,2.815272363558336e-07,-7.122443499045471e-10,3.459466289786131,0.00042078390175469895,7.674843207217872e-07,-2.2611702718347765e-09,-2.481711758891481,-0.00044194699558355725,2.7948780790737103e-07,3.5425422376004534e-09,-0.5371691445328208,-1.6982348048052812e-05,-1.0775757856115852e-07,-1.2579557288639159e-09,3.2887749522478678,-7.482981151236273e-06,-1.546469663305638e-10,3.483134194935577e-10,5.956150791845495,0.00010067338522365548,3.473506389334278e-07,4.894425457780615e-10,5.961311993631055,0.00010207239360892351,3.497659828970773e-07,4.766443436455689e-10,-0.9269747240902142,0.0001312569998533554,2.76148972309581e-07,3.496107665071462e-11,0.5708873409798896,0.0006659128279320725,2.196788642676853e-07,-4.7069459320335996e-09,4.433404094398239,-2.507751808699046,0.0007517705755545046,1.5385546169009233e-07,-5.908632827716251e-09,0.0006848018890551067,1.971045843660283e-07,-5.2314765321058735e-09,-2.5129130104846054,0.0007503715671692349,1.5144011772643926e-07,-5.895834625583718e-09,1.0577902941478545,0.00011601022699616378,2.6874400176330646e-07,-4.043796327318865e-10,0.1599970956296385,0.0008621868085345123,4.885328359034431e-07,-5.797679759913357e-09,0.15962403089858157,0.0008599269419293932,5.01360747589844e-07,-5.767503701431704e-09,6.931300168791237,0.0006935364888188023,1.6960803710828405e-07,-5.5833827939463125e-09,3.4483989831464497,5.9409078234908295,0.0008621974292482495,4.884531900018344e-07,-5.797711491087401e-09,0.0008524439607781583,5.012061006235215e-07,-5.419190281938155e-09,5.093934232951563,4.8425572577089764e-05,1.8086224821316695e-09,-9.070831688800358e-12,-0.0077,0.00010003317651293182,3.879322506583849e-07,-1.5154484882514255e-09,17616.54,1.2350186211160719,0.004940011625455963,-7.409250077123104e-06,11.96,0.004916372104683854,-2.5977519398926535e-06,-3.8070905463478724e-08,-0.0037,-2.2829936988397743e-05,7.833041640896872e-08,3.2899442037490515e-10,0.0177,1.4350085931236814e-06,-1.9874715189705685e-09,-1.2415347168787262e-11,3
1954-12-31,0.025099999999999997,7.533679522565221e-06,3.31935153667668e-08,-4.5260299522705994e-11,0.005500000000000002,-2.7344845410757874e-06,-7.230009031540072e-10,4.4484063246660946e-11,0.009500000000000001,-2.9146810612422586e-05,3.402482690183168e-09,1.5559215213846288e-10,2.9,0.00020886592064344318,2.3680848662814235e-06,2.0540686067135758e-09,3.45,-6.458253346413381e-05,2.295784775966019e-06,6.502474931379652e-09,2.51,0.0007533679522565229,3.7637362903816173e-06,-8.92658327967504e-09,1.15,0.0014352655125797922,8.712750701735117e-06,-9.533374119339582e-09,0.035699999999999996,0.00016066695032371898,2.0855476529227083e-07,-2.1901997785692377e-09,2.7593768282675506,0.000681798902369888,-2.9739964269622405e-07,-5.956903634674246e-09,3.2846635654062037,-7.303513047337423e-06,5.445678936187613e-08,3.9357475255981606e-10,-3.123565645063876,-0.6265019296078128,-0.0006415261850078889,3.368609412672072e-07,4.507496504157206e-09,-0.0006495257438220124,3.917075771522715e-07,4.912747039814409e-09,2.9279886214674717,0.00020815909351845144,2.425461844096676e-07,-1.0374222834398622e-09,3.5151211279804695,0.0005224376680326298,4.328250714463696e-07,-3.820962020827457e-09,-2.535778980161757,-0.0003348555202068639,5.834389877538855e-07,2.120615228273151e-09,-0.5447271754416722,-3.854066670207715e-05,-2.4346756749895996e-07,-1.0191507564366356e-09,3.2872818575322613,-5.378061297870579e-06,4.10109125071938e-08,3.8019704112846036e-10,5.968697329754009,0.0001501609451479813,3.502939475375989e-07,-1.966420119027843e-10,5.973896122122052,0.00015174362173970418,3.508563822669986e-07,-2.0882628354866608e-10,-0.916290731874155,0.00016399276725830736,2.6218564302389487e-07,-4.232078170638787e-10,0.6265019296078129,0.0006415261850078889,-3.3686094126720627e-07,-4.507496504157209e-09,4.4707812829494396,-2.4142067786787247,0.0006995243333783614,-4.446087043951435e-07,-5.348276775694317e-09,0.0006420492129309812,-4.2372195932732646e-07,-4.891201119182764e-09,-2.419405571046768,0.0006979416567866371,-4.451711391245391e-07,-5.336092504048399e-09,1.0784095813505903,0.00014734086167687114,1.6257422744629664e-07,-8.873842529160921e-10,0.2698269856690806,0.0008569887915736796,-1.487715462194154e-07,-5.9384935401569165e-09,0.2672086935430234,0.000855063339824211,-1.3532566936473633e-07,-5.925115828725526e-09,6.967037824145862,0.0006454818848570451,-4.928091497201602e-07,-5.229096481598702e-09,3.5544905510752844,6.050747092271707,0.0008569875575678377,-1.4882544748722012e-07,-5.9383758236413735e-09,0.0008496852785263423,-9.431475685753921e-08,-5.544918787597084e-09,5.098173046790015,4.853357452863638e-05,9.301477858279555e-10,-7.41302680790556e-12,0.0273,0.00014008458870696264,1.0359129886029326e-07,-2.1012161075175852e-09,17881.86,1.8102767629148417,0.002970500290719634,-1.6244344205901475e-05,12.62,0.003792838093174429,-5.9120146658625206e-06,-2.3140238188614624e-08,-0.0074,-1.2186436216635906e-05,1.24451551029295e-07,2.7156570525109483e-10,0.017695619639544146,1.0623874397298161e-06,-3.005122639284519e-09,-5.751239656477831e-12,3
1955-03-31,0.0268,9.808541866208745e-06,2.351374832007234e-08,-6.648184937423141e-11,0.0046,-2.3435261290910026e-06,4.7718607593014515e-09,4.637358358018903e-11,0.007899999999999997,-2.6921128596647906e-05,2.1617614187020975e-08,1.1175989606169629e-10,3.02,0.0004144831354552424,2.215129398244718e-06,-1.888825849777928e-11,3.48,0.00018013052254614305,2.692315474174857e-06,4.618470099521114e-09,2.68,0.0009808541866208754,2.4571779734044426e-06,-9.47707212474877e-09,1.28,0.00214805247615079,6.2572007429907816e-06,-1.8144282365694856e-08,0.07200000000000001,0.00015748949437505844,-1.158520638919085e-07,-2.1680629758391468e-09,2.7862450486872667,0.000603994506986957,-9.39901239737607e-07,-5.13737612202448e-09,3.2846635654062037,8.051018364818585e-07,9.216568275019316e-08,3.4239208062334196e-10,-3.1535563587475584,-0.6565642953672144,-0.0005716098228184237,8.279121857289851e-07,3.519274835605293e-09,-0.0005711215345304138,9.225521959836877e-07,3.872305161726733e-09,2.9407479652212314,0.00022285888514952875,1.2994355672877356e-07,-1.3707703537136748e-09,3.581572601125427,0.0005652562252735228,-7.246789843073789e-08,-4.663948781481177e-09,-2.51207231786077,-0.00022859774718198347,7.19690988207498e-07,5.682380489151385e-10,-0.555792038610373,-6.779959508116107e-05,-3.32620500300585e-07,-6.577958176598465e-10,3.2880286835565173,1.2908922597046346e-07,8.276786066419052e-08,3.594131266995263e-10,5.990799325897407,0.0001908704910870168,2.623269872607469e-07,-7.490698627075652e-10,5.996643612565697,0.00019245020802879237,2.6206127666872735e-07,-7.582627105314931e-10,-0.9011447306348238,0.00019324287315041836,1.815580333111653e-07,-8.195929947050555e-10,0.6565642953672143,0.0005716098228184239,-8.279121857289845e-07,-3.5192748356052974e-09,4.496280977160146,-2.393487065308961,0.0006035982168809365,-9.602956162609686e-07,-4.140975326611419e-09,0.0005631258454990837,-8.947035703812554e-07,-3.927176351690076e-09,-2.3993313519772506,0.0006020184999391612,-9.600299056689382e-07,-4.131782478787466e-09,1.1052568313867783,0.00015393359685224786,1.5563617321124385e-08,-1.033012671180348e-09,0.312648695182242,0.0007936636061314726,-7.901343117504064e-07,-5.2324372699423375e-09,0.3092835770319285,0.0007943396187419809,-7.807364896644037e-07,-5.24945831601848e-09,6.990161243809544,0.0005590750739629516,-9.985168787668057e-07,-4.208562576179102e-09,3.597312260588446,6.093569770045136,0.0007936521928154555,-7.901676258853208e-07,-5.232225534854876e-09,0.0007944687079679547,-6.979686290002144e-07,-4.890045189318984e-09,5.10261378865419,4.8550390103190705e-05,4.994878982662093e-10,-4.044054509703254e-12,0.0617,0.00012668305771241668,-2.0805010340817265e-07,-1.946728142453819e-09,18311.69,1.9433462017677499,0.0002986676982144283,-1.9003079542753837e-05,12.33,0.002661468761626905,-7.5064805715592145e-06,-6.795722113350627e-09,-0.0074,2.414570521933198e-06,1.500476013168383e-07,1.3235702172575837e-10,0.017747827088975848,6.95798825154018e-07,-2.82534715627062e-09,9.480963587532623e-13,1
1955-06-30,0.0278,1.0739323367909713e-05,1.3274493072138117e-08,-7.072075545913374e-11,0.0046,-1.4074237425253233e-06,9.841638024472739e-09,4.217430849778265e-11,0.004400000000000001,-2.3347153154176382e-05,3.012704448943801e-08,5.208472565212509e-11,3.05,0.0005616810551406892,1.9516861544988925e-06,-1.4024227298763553e-09,3.51,0.00042093868088815753,2.93584995694616e-06,2.8150081199019085e-09,2.78,0.001073932336790971,1.3274493072138062e-06,-8.625400728497889e-09,1.41,0.0027126182026552194,3.347175982933886e-06,-2.3334710198387766e-08,0.0917,0.00011085164090042664,-3.6970818311752145e-07,-1.503904300951303e-09,2.854744580253014,0.0004913140917972115,-1.41291512381009e-06,-3.811938657887631e-09,3.2846635654062037,1.3779944200010414e-05,1.2611805872621867e-07,2.381922840167838e-10,-3.2314546070750607,-0.7362971718531162,-0.0004644974768836847,1.1154238984788938e-06,2.0953523217802778e-09,-0.0004511793881279105,1.2464631571030923e-06,2.34221772092528e-09,2.94706710157271,0.00024586588978898897,-3.3158281174895666e-08,-1.7173528102201448e-09,3.6656108271745818,0.0005239002307475197,-6.704689447003329e-07,-4.419616193088905e-09,-2.514541454917691,-0.00017245611299985877,6.053164132557301e-07,-3.7316610700268686e-10,-0.5638898867587081,-0.00010749163586384978,-3.660545880665377e-07,-1.9398235148197747e-10,3.2850380271218693,1.067899300435729e-05,1.1714240695187025e-07,2.816618167608271e-10,6.023624332789571,0.00020898817888140436,1.2813379676027256e-07,-9.96710595024591e-10,6.029472987293688,0.00021029899280893412,1.2733216810535331e-07,-1.0016641790542998e-09,-0.8693941473099592,0.00021092837234707866,6.332920844204345e-08,-1.042913568013927e-09,0.7362971718531163,0.0004644974768836848,-1.1154238984788938e-06,-2.0953523217802815e-09,4.553982672415778,-2.340260059363745,0.0005013751877912694,-1.2767159764140692e-06,-2.815994536975825e-09,0.0004490382438487359,-1.1420112993159501e-06,-2.588516584116337e-09,-2.346108713867862,0.0005000643738637397,-1.275914347759141e-06,-2.8110409529461098e-09,1.1216775615991057,0.000139341598137201,-1.1732273947221228e-07,-8.656703700757478e-10,0.3987007080196224,0.0006965834224726632,-1.2747002383800125e-06,-4.050897416017215e-09,0.39832624630395663,0.000699684373668315,-1.2657245866056608e-06,-4.09436694876123e-09,7.048657671282128,0.00043305967022221477,-1.2677572183825004e-06,-2.761978055865982e-09,3.683364273425826,6.1796024892233765,0.0006965753111575837,-1.2747102050596478e-06,-4.050718745627764e-09,0.0007103633666726755,-1.1485821796537919e-06,-3.81270513200043e-09,5.1071609797029325,4.854133734025628e-05,2.944060135203567e-10,-9.945281185797823e-13,0.07780000000000001,7.037395685841204e-05,-4.288221691845702e-07,-1.1635646569948199e-09,18528.14,1.6756315505363575,-0.002108600045131818,-1.5956699306349415e-05,12.35,0.002086862149422289,-6.351999410487486e-06,2.783913310023942e-09,-0.0074,2.1107337721471604e-05,1.5429537264776664e-07,-6.594089123746639e-11,0.017801879870358306,4.033034415122221e-07,-1.983030116611622e-09,5.614353321326323e-12,1
1955-09-30,0.0297,1.1213613329156201e-05,8.716575676833058e-09,-7.226177239092604e-11,0.0046,-2.4531724998404667e-07,1.2911423259397122e-08,3.282775359617749e-11,0.0005999999999999964,-1.9439248498445638e-05,2.7711812390647555e-08,-2.1152305529849087e-12,3.13,0.0007175094779256347,1.9015858486607306e-06,-2.8917416364503286e-09,3.59,0.0006929777529272298,3.1927281746004382e-06,3.9103372316742756e-10,2.97,0.0011213613329156189,8.716575676833004e-07,-7.836984849849415e-09,2.07,0.0028744826184326786,1.2079542847748476e-06,-2.4900843286655453e-08,0.1003,4.416865528700624e-05,-4.6343282882233797e-07,-5.445002953760796e-10,2.935982269148217,0.0003278252999047538,-1.6535292271675355e-06,-2.0099078792277514e-09,3.292126286607793,2.6718278757180415e-05,1.4922006869296162e-07,1.1521638232473845e-10,-3.3104430183936913,-0.8204476232032192,-0.0003294650712327006,1.1773226846328573e-06,4.782651691079057e-10,-0.00030285919871982856,1.3317935842978792e-06,5.945664152188744e-10,2.9714395809849465,0.0002445030300369848,-2.1682586558599902e-07,-1.8060226472041502e-09,3.7242465979512276,0.000413519490841905,-1.1838674034783966e-06,-3.2338739571704922e-09,-2.556187851792964,-0.00013323207385798863,3.5985249522636096e-07,-8.403167877564894e-10,-0.5720618445005888,-0.0001490583686002543,-3.6179509186249157e-07,2.836826508256339e-10,3.2902658209548736,2.469219944781359e-05,1.4297351349079244e-07,1.5968229519502445e-10,6.043895693895889,0.0002060368564977183,-4.965207213362127e-09,-9.365670416635953e-10,6.049568347262764,0.00020728110513183322,-6.002373137263844e-09,-9.396064516589774e-10,-0.8368522967436414,0.00020760247521327426,-6.46203314756323e-08,-1.0082547621994307e-09,0.820447623203219,0.0003294650712327006,-1.1773226846328582e-06,-4.782651691079086e-10,4.611967834577021,-2.2520084897077237,0.0003679312447719647,-1.3891833430054983e-06,-1.3477207746484286e-09,0.0003141477667074316,-1.2726767983088693e-06,-1.1550658479416472e-09,-2.257681143074599,0.0003666869961378525,-1.3881461770815915e-06,-1.3446813646530713e-09,1.1346227261911428,0.00011427732063392007,-1.8896467011408064e-07,-5.318869891360127e-10,0.49976091758037205,0.0005472498225125038,-1.5433686189118244e-06,-2.3995041986367914e-09,0.5016213832332918,0.0005492759018218701,-1.5371220637096465e-06,-2.443970111507063e-09,7.107342014222484,0.00028311000062030274,-1.4113549953004647e-06,-1.1890836694224906e-09,3.7918872041881655,6.280676698391896,0.0005472466370749857,-1.5433509833209362e-06,-2.3994096948219664e-09,0.0005739681012696847,-1.3941485502188586e-06,-2.2842878163120487e-09,5.111566012674697,4.855960581449867e-05,4.431426550977864e-10,1.8376446363236989e-13,0.0802,-1.899441241073012e-06,-4.806714124223168e-07,-1.2909720687835595e-10,18695.21,1.2135897020466757,-0.003454224956270034,-9.852480378197915e-06,12.89,0.0016805033874113529,-3.7097476650061827e-06,7.556455667686697e-09,0.0037,3.660040986671766e-05,1.3860836079787124e-07,-2.6016827620602443e-10,0.0178,2.820901469154509e-07,-9.976302847916962e-10,6.450857494111161e-12,1
1955-12-31,0.0296,1.0970574566796957e-05,7.2269239330402875e-09,-7.196968574837427e-11,0.004700000000000002,1.287770319488066e-06,1.498121901637494e-08,1.7079856157727783e-11,-0.00010000000000000286,-1.609429949950263e-05,1.9316788750928776e-08,-3.493530038409774e-11,3.15,0.0008565609016785083,1.90009327080065e-06,-4.463692345092497e-09,3.62,0.0009853379336273143,3.3982151724381412e-06,-2.755706729319702e-09,2.96,0.0010970574566796937,7.226923933040266e-07,-7.313871103013032e-09,2.54,0.002589211631798945,-5.809494648020831e-07,-2.364730004656123e-08,0.0935,-1.7774645644210895e-05,-4.023525582201757e-07,3.165236524287497e-10,2.9412760877579323,0.00013256452738342437,-1.7386138576260183e-06,2.0262367284244887e-11,3.288401887516811,4.0315595531066616e-05,1.4924805215151097e-07,-1.999504625761469e-11,-3.3214624136433017,-0.827655151144168,-0.0001929531955018813,1.0924654632010224e-06,-9.820268344447881e-10,-0.0001514852086670973,1.2465370158691909e-06,-1.0142139675756135e-09,2.9871959425317045,0.00020948152158894103,-4.3293569720790277e-07,-1.4984902846502947e-09,3.778948651202804,0.0002537565021425832,-1.4309167266394858e-06,-1.479785148872699e-09,-2.528231774526374,-0.00010815940056011948,2.432688738201677e-07,-9.857644533898218e-10,-0.5833963166008262,-0.0001815127951829052,-3.116645905018413e-07,6.780148600835923e-10,3.2910104226273997,3.910200381364651e-05,1.5292266011559237e-07,1.8040130051204238e-11,6.064299030147122,0.00019205628680883102,-9.16257139131872e-08,-7.079253843376601e-10,6.069970690255276,0.00019322939318915517,-9.232197938219606e-08,-7.109640473438787e-10,-0.8209805520698302,0.0001887406373359525,-1.7628245166963427e-07,-7.48713138284372e-10,0.827655151144168,0.0001929531955018815,-1.0924654632010233e-06,9.82026834444786e-10,4.635831645745703,-2.2494479364712494,0.0002103784302819902,-1.4337754464957394e-06,1.914619341321874e-10,0.00019771649974736487,-1.324543098713895e-06,8.289614286355928e-11,-2.2551195965794033,0.00020920532390166988,-1.4330791810267259e-06,1.9450059713836144e-10,1.1410330045520618,8.764433006364821e-05,-1.919265938890021e-07,-1.891149548644622e-10,0.5264492061590614,0.0003621191215597553,-1.6746492125604392e-06,-4.964684039478848e-10,0.5238406710484727,0.00036333271327717524,-1.6783238205245132e-06,-5.34503580256702e-10,7.128331902189917,0.00015274428908865906,-1.4620057612783682e-06,1.801892402060721e-10,3.8148510936758724,6.307351350120086,0.00036211823414077776,-1.6746259417770132e-06,-4.964374817111481e-10,0.0004024347170908223,-1.5254011604089285e-06,-5.164634502054986e-10,5.115982852950018,4.858091381334459e-05,8.458392641941232e-10,-4.239269732336944e-13,0.0658,-6.22496090272284e-05,-3.7223858553176687e-07,7.33199552710742e-10,18723.92,0.7331424065124708,-0.0035548632962385763,-3.6331939393878686e-06,12.53,0.0013968945404797095,-2.622963172280904e-06,9.653095768389225e-09,0.0037,4.803716264728382e-05,9.696839048345943e-08,-4.149634740185932e-10,0.017797343137665598,3.07174087736892e-07,-1.3409117903175897e-10,3.3903165675281883e-12,1
1956-03-31,0.0296,1.1520316224521511e-05,5.668826642575181e-10,-7.898793850701266e-11,0.005,2.7693861140047852e-06,1.7130487454272827e-08,-7.602604697331166e-13,0.0003999999999999976,-1.4757324049198597e-05,1.27020848293048e-08,-3.653806984404728e-11,3.1,0.0010428216354802261,1.4202703454666996e-06,-6.438078816251584e-09,3.6,0.0013197602468807037,3.1333190908939795e-06,-6.514104863224879e-09,2.96,0.0011520316224521488,5.668826642575355e-08,-7.898793850701244e-09,2.25,0.002356764938553962,-2.722214712779006e-06,-2.2107701341916796e-08,0.0646,-5.1620884342552215e-05,-2.645858384841558e-07,7.850062592534848e-10,2.9637254774189046,-4.267718798216594e-05,-1.6755722798750456e-06,1.8184792989122526e-09,3.288401887516811,5.776862333144381e-05,1.3478662327763012e-07,-1.7061507604770868e-10,-3.313186504339442,-0.8198135233643082,-9.480007305567029e-05,9.24784867545984e-07,-1.9485138022885998e-09,-3.51332379708226e-05,1.0632543793756983e-06,-2.1411938821466607e-09,3.040705639196722,0.00015424831708116954,-6.121291990676675e-07,-8.944466184042072e-10,3.7981821890043865,7.353121321564127e-05,-1.3990858316541282e-06,3.383565321063798e-10,-2.5549000216085354,-0.00011781119607423042,2.713934394587502e-07,-8.846247391939586e-10,-0.5986177466943272,-0.00020831499133379118,-2.1462085626635582e-07,9.916538041196868e-10,3.2917544702807735,5.5152417337279294e-05,1.445347372433535e-07,-1.3408316704699843e-10,6.080143699253824,0.00017450859666668788,-1.2006660611026237e-07,-4.503607011822965e-10,6.085908442705561,0.00017558855596340044,-1.2090476993800796e-07,-4.5459255727887017e-10,-0.8088136813488346,0.00016325004673258778,-2.3777502178012798e-07,-3.548811038233839e-10,0.8198135233643082,9.480007305567012e-05,-9.247848675459842e-07,1.9485138022886014e-09,4.64682440575515,-2.219624536692794,7.453979347015228e-05,-1.4168474605033836e-06,1.5044278850667094e-09,8.582916445327437e-05,-1.2581227570478677e-06,1.2758877176132072e-09,-2.2253892801445305,7.345983417344111e-05,-1.4160092966756368e-06,1.5086597411632475e-09,1.1378330018213911,6.807037859847264e-05,-1.6329122494869863e-07,4.732603853596896e-11,0.5721172750442195,0.00019127976680539504,-1.6717006898912803e-06,1.2246822599321159e-09,0.5687646922802572,0.00019389597279956077,-1.6814488038569985e-06,1.1881503509313896e-09,7.134720596651405,2.799838930234444e-05,-1.3750778193302963e-06,1.4862063157782742e-09,3.8605191625610304,6.353030012926128,0.00019128129281523743,-1.6716941642483073e-06,1.2246685187014734e-09,0.0002490483901368412,-1.5369140666136506e-06,1.0540671838843919e-09,5.120468165378142,4.864854035975599e-05,9.996893714761726e-10,-2.730914822640538e-12,0.0322,-8.992068931306279e-05,-1.8861489619724514e-07,1.1398131181989779e-09,18568.74,0.377000379876722,-0.003036286795900794,7.75646521204715e-07,12.87,0.001532101801738292,-3.258670284927283e-06,9.968495419203181e-09,0.0037,5.76976964589224e-05,4.4544441929982576e-08,-5.193195817276557e-10,0.017851397469071176,3.8875872034156647e-07,2.6947249558745685e-10,-1.982214952072433e-12,0
1956-06-30,0.03,1.3719334114843738e-05,-9.58458639871233e-09,-9.24616757649644e-11,0.005,3.960589596512615e-06,1.6827949861460688e-08,-2.0959634198009917e-11,0.0013000000000000095,-1.5940245958207465e-05,9.832231457816847e-09,-1.5076811986335486e-11,3.26,0.0013145326297999151,5.352186103708436e-07,-8.704009620109068e-09,3.76,0.0017105915894511763,2.2180135965169116e-06,-1.079997303991005e-08,3.0,0.0013719334114843725,-9.584586398712287e-07,-9.24616757649643e-09,2.49,0.0023118443036333263,-5.021700718898653e-06,-2.084156525244284e-08,0.0581,-5.520281352448139e-05,-1.344442488044217e-07,8.235320417875602e-10,2.8992213731731473,-0.00018372904533993684,-1.3892305789015653e-06,3.3752177541312555e-09,3.3032169733019514,7.201353662008858e-05,1.1676203755827906e-07,-2.9336171564674946e-10,-3.2467610283577364,-0.769235466716307,-4.1298742461977346e-05,6.673207627180898e-07,-2.5455755998320927e-09,3.2615380278093464e-05,7.842202350912641e-07,-2.864055898002675e-09,3.0652583362026014,7.852826105643265e-05,-6.66863794932796e-07,-7.066327036795795e-11,3.758638698528789,-7.022211281669175e-05,-1.1957970426989861e-06,1.6267998889410458e-09,-2.553613847797791,-0.00011814910927194152,2.547851225221473e-07,-1.137729942588049e-09,-0.6315424945679697,-0.00022863543997758115,-1.0088331927500024e-07,1.2133402855069366e-09,3.3013770463799443,7.029700313677736e-05,1.248768318356839e-07,-2.74792245130882e-10,6.086197287498981,0.00016096213911251378,-1.239375383365033e-07,-2.5916613814847905e-10,6.092659649464741,0.00016209755657747572,-1.2555108258378193e-07,-2.6717718688626025e-10,-0.7983679531473481,0.0001342307845435896,-2.4082205140049585e-07,8.903072177686886e-11,0.769235466716307,4.1298742461976824e-05,-6.673207627180905e-07,2.5455755998320973e-09,4.62781143387937,-2.251703484580073,-4.113513559410448e-05,-1.2102470193143736e-06,2.7340784676126266e-09,-4.3689594499114055e-05,-1.1088811123549066e-06,2.6399908518914423e-09,-2.258165846545833,-4.2270553059064325e-05,-1.2086334750671042e-06,2.7420895163503806e-09,1.144222799920162,5.983894750782315e-05,-1.4232296555114234e-07,1.3398140721144903e-10,0.5312768296169567,4.781346689832046e-05,-1.4509465952091645e-06,2.7682740451109015e-09,0.533116756538964,4.9530000381633413e-05,-1.4590613894865647e-06,2.749704574595011e-09,7.105949331338366,-0.00011326658881222474,-1.1956343613975454e-06,2.9395254892187404e-09,3.8344938029189084,6.312188426761056,4.781569502016747e-05,-1.4509536864160642e-06,2.768248122753665e-09,0.00011982700351841069,-1.3341845576508822e-06,2.4749123294641354e-09,5.124927108569365,4.883910749420364e-05,6.184779864247295e-10,-6.9183467076483955e-12,0.024,-8.395103384775517e-05,-2.7599599448108226e-08,1.0637532402481121e-09,18639.75,0.20740280489131352,-0.002657926592674856,2.617490891479513e-06,12.85,0.0015457233975338075,-3.1520616444615085e-06,1.560192015862371e-08,0.0187,5.909957573906254e-05,-8.495177173869266e-09,-5.405854031271361e-10,0.01790516064445006,4.646322129225091e-07,-1.8463015792235727e-10,-7.83433529792508e-12,0
1956-09-30,0.0338,1.3385773669503867e-05,-1.929394070331336e-08,-7.77016784539584e-11,0.005100000000000002,6.008130896977604e-06,1.3373716349973139e-08,-4.9543361055787186e-11,-0.0013999999999999985,-1.6583729219574272e-05,9.833212494360163e-09,-2.365328842349126e-12,3.56,0.0013967518704756598,-4.387160736094048e-07,-9.026884373044745e-09,4.07,0.0019975649601734194,8.986555613879117e-07,-1.3981220478623455e-08,3.38,0.0013385773669503866,-1.92939407033133e-06,-7.770167845395844e-09,2.84,0.0020103362598310657,-6.991480783700218e-06,-1.59293206836929e-08,0.0487,-4.547057275459753e-05,-6.28776469835903e-08,6.660782650629099e-10,2.8814431271518632,-0.00031259202116380307,-9.461005030280971e-07,4.832181434378289e-09,3.3105430133940246,7.897673635805514e-05,8.340314006285736e-08,-3.619428878925789e-10,-3.2365307601069215,-0.7666641167417748,6.062634151506388e-06,3.777877580895096e-07,-3.119532720060329e-09,8.678754191377494e-05,4.572981865202534e-07,-3.5040214242881545e-09,3.080073421987742,-5.540921923130604e-06,-6.076962388590072e-07,7.944313214488529e-10,3.711618941083426,-0.00014938040121151506,-9.077146455035541e-07,2.1799298376540025e-09,-2.6050424510279813,-5.9075587408997236e-05,1.6240778880915668e-07,-2.091292150133759e-09,-0.6646952029216803,-0.00023185786115725572,2.1704084097895082e-08,1.2702355794342437e-09,3.3087165288679903,8.03781733973316e-05,9.184908280387885e-08,-3.749280593246313e-10,6.100341373293369,0.00015503192575259256,-1.3504996411269036e-07,-1.689675728353896e-10,6.1066843003612,0.00015615111080582306,-1.3726797902902463e-07,-1.8031902870691945e-10,-0.788159388155468,0.00010870699656102493,-2.0046825458821442e-07,4.733634206917168e-10,0.7666641167417746,-6.062634151506388e-06,-3.777877580895098e-07,3.1195327200603333e-09,4.606892597675818,-2.2536038345638523,-0.0001666354818272292,-8.504340328358218e-07,4.082931614344573e-09,-0.00015619079651877713,-8.53015905572956e-07,3.913086713590527e-09,-2.259946761631684,-0.00016775466688045694,-8.482160179194992e-07,4.094283070216076e-09,1.144222799920162,5.757459340417492e-05,-1.3294816002267227e-07,1.6584878042894562e-10,0.5361945253354922,-9.058029243269196e-05,-1.0688871370113738e-06,4.275906929401774e-09,0.5380210098615263,-9.198172947196773e-05,-1.077333079752395e-06,4.288892100833803e-09,7.074985896397359,-0.0002324299728747467,-9.07230908945897e-07,4.249252337430702e-09,3.8467375387295166,6.317110533656483,-9.05807514871168e-05,-1.068894247156173e-06,4.275917687972275e-09,-1.1603556074636645e-05,-9.85483996948518e-07,3.913964041509184e-09,5.129306823813755,4.902507305042242e-05,-2.064517628800289e-10,-1.150005250545143e-11,0.0095,-6.052143137723644e-05,6.022732070012101e-08,7.529837165659353e-10,18539.36,0.15454174037344331,-0.002486425626189244,3.3961159952929363e-06,13.54,0.0007869604511202444,-1.8023304167982433e-06,3.0252518696359026e-08,0.018600000000000002,5.3134886962822365e-05,-6.672935519135197e-08,-4.877125167976257e-10,0.0179,5.113357166724259e-07,-1.5143382318673728e-09,-1.2295341716227671e-11,0
1956-12-31,0.0359,9.00994636067584e-06,-3.098273128987365e-08,-1.6792199569705028e-11,0.006200000000000001,8.045233495021043e-06,8.62155025684286e-09,-7.83429866094727e-11,-0.006200000000000004,-1.4506229147776264e-05,1.460560057496881e-08,-1.8626261274272313e-11,3.75,0.0011777011184241951,-1.598837101350545e-06,-5.916534318308596e-09,4.37,0.0019822244679262983,-7.366820756662568e-07,-1.3750832979255855e-08,3.59,0.0009009946360675841,-3.098273128987361e-06,-1.6792199569705192e-09,3.21,0.0010767488921025713,-8.690881446274192e-06,-3.32673439754075e-09,0.0535,-4.2184038666210256e-05,-5.470092238144806e-08,5.969870533710982e-10,2.8449093838194073,-0.00040286737218260223,-4.5499529228509335e-07,5.810580241469068e-09,3.3178157727231046,8.476575828776783e-05,3.568042955878804e-08,-4.048339746869736e-10,-3.283414346005772,-0.82115674800016,4.76107832503252e-05,1.3197284295886583e-07,-3.5508621150270863e-09,0.0001334278672410545,1.6152273248307463e-07,-3.96831047488849e-09,3.0170044088295307,-6.42982413292588e-05,-4.5960278520323375e-07,1.4015942589932113e-09,3.68987895444702,-0.00019275418433516294,-6.415758600446274e-07,2.345181313337984e-09,-2.611831343361667,3.8039226115407777e-06,-1.2552229758074188e-08,-3.0099471673051683e-09,-0.6792442753909539,-0.00022104229353093674,1.579145265581709e-07,1.1617204937812435e-09,3.318902138935325,8.724086568724712e-05,4.5555543227337804e-08,-4.3465208864181074e-10,6.111890753176398,0.00015027819832872242,-1.557589121132401e-07,-9.129506683838673e-11,6.118372490541366,0.00015094352419978003,-1.5924921215158597e-07,-1.0173095396597694e-10,-0.7765287894989963,9.232744662399251e-05,-1.2592814322854564e-07,7.104411511064497e-10,0.82115674800016,-4.76107832503252e-05,-1.3197284295886427e-07,3.550862115027089e-09,4.614689946328687,-2.2737295963467075,-0.0002621872229083038,-4.3581671604885664e-07,5.04375144085867e-09,-0.0002327078428248308,-3.9267199873969135e-07,4.778598000586108e-09,-2.280211333711675,-0.0002628525487793604,-4.323264160105178e-07,5.054187327986255e-09,1.1600209167967532,4.642320840905368e-05,-1.3112847741318743e-07,3.0326842929227834e-10,0.5203453841065864,-0.0001966747828673521,-6.272560577208848e-07,5.357290348707286e-09,0.5192590178943657,-0.0001991498902668292,-6.371311713894374e-07,5.387108462662095e-09,7.077791534623468,-0.00031051951901037015,-4.1059819251423486e-07,5.095545517183551e-09,3.8381611568296905,6.301262745124471,-0.00019667970478585845,-6.272530548748879e-07,5.357352269464154e-09,-0.00011190902457958243,-5.915756281621031e-07,4.952456374020292e-09,5.13373179765383,4.898961598331017e-05,-1.5644954748645754e-09,-1.3837498140592122e-11,0.02,-4.413466466331362e-05,7.05011724021968e-08,5.34783258875727e-10,18759.21,-0.047159412571969025,-0.002387085396650594,5.994843492297621e-06,13.62,-2.7360770542395053e-05,9.3946497881886e-07,4.37373494499583e-08,0.029900000000000003,4.5279404597717754e-05,-1.1578616966247242e-07,-3.950324565156378e-10,0.017910625665215306,4.1803434852324485e-07,-3.2911173459537795e-09,-1.2986285996348657e-11,0
1957-03-31,0.0341,4.384339014826163e-06,-3.7642975026793284e-08,6.327813464007478e-11,0.007699999999999996,8.434357794337788e-06,1.607128880118382e-10,-9.174096458833973e-11,-0.0049999999999999975,-1.2031116947076037e-05,1.868333542314534e-08,-5.093193757763097e-11,3.66,0.0008847768770680213,-2.555701564215708e-06,-9.369241195720737e-10,4.43,0.0017282126565018,-2.5396302754145227e-06,-1.0111020578406045e-08,3.41,0.0004384339014826169,-3.764297502679328e-06,6.327813464007453e-09,3.08,-0.00019626732902483895,-9.738390879537427e-06,1.465891290025176e-08,0.0683,-5.393727153455359e-05,-5.98172781388132e-08,7.161920398578768e-10,2.766319109226186,-0.00040870399089735463,1.457003687987159e-07,5.903603389669223e-09,3.3250360206965914,8.885652604444447e-05,-5.539180414598925e-09,-4.134994249873937e-10,-3.2365307601069215,-0.7806748678015419,4.1404157513004815e-05,-1.8651368876351884e-07,-3.5234365344136877e-09,0.00013038465177304183,-1.9885470561668893e-07,-3.9355995258633695e-09,3.0041963519661206,-9.200002787147568e-05,-2.548167787214949e-07,1.6460683646718766e-09,3.679586407202344,-0.0002316730320376298,-4.851047460584656e-07,2.4912276569676355e-09,-2.5613558219514068,-8.941150963460292e-06,-4.207623294882821e-07,-3.0962980132812354e-09,-0.69168705929903,-0.00020176651362472002,2.775403294980669e-07,9.148488570363193e-10,3.3271919683516598,9.067638852680929e-05,-7.815098876881308e-10,-4.460300092516742e-10,6.132232505018907,0.0001349977512494091,-1.7838120890718796e-07,1.0962747034199361e-10,6.13777672887834,0.00013527391102629015,-1.8391628998665752e-07,1.0231784626783568e-10,-0.7665893863743034,8.382059950268958e-05,-3.3939435146689834e-08,7.848584270276854e-10,0.7806748678015419,-4.140415751300516e-05,1.8651368876352035e-07,3.52343653441369e-09,4.613172852879712,-2.347361285251244,-0.0002684019366338875,1.1007811894921537e-07,5.059877428743555e-09,-0.00026980981171408763,2.045070198970091e-07,4.9872975640265165e-09,-2.3529055091106765,-0.00026867809641077135,1.1561320002867683e-07,5.067187052817743e-09,1.1662709371419244,2.5737626396623615e-05,-1.2791653564975744e-07,5.562840577855128e-10,0.45983519907107107,-0.00022226071142892584,-6.276390954337289e-08,5.583004324072977e-09,0.4576792514160029,-0.00022408057391128927,-6.752158007028616e-08,5.6155349083372355e-09,7.071500080783455,-0.0003472854784803109,2.1993686639710788e-07,5.254900647059211e-09,3.7848712197676626,6.240743572026817,-0.00022226649432714464,-6.274926713636966e-08,5.583074534344545e-09,-0.00013340418538447947,-6.8303089957977e-08,5.169504899085564e-09,5.138349501709851,4.872248247836178e-05,-3.4589980005101603e-09,-1.2917554610060038e-11,0.0305,-4.480831270688325e-05,4.77111656613485e-08,5.337398501886387e-10,18794.25,-0.4292882277221338,-0.002241955780001358,1.0665635802536015e-05,12.95,0.00017921318531880225,6.938873392452976e-06,4.5056242352444885e-08,0.0373,3.163830715868733e-05,-1.4324145059234075e-07,-2.4912091707395025e-10,0.01806511213159192,1.0055733320346203e-08,-5.0113247725903045e-09,-8.44044542061131e-12,0
1957-06-30,0.038,5.441149876456207e-07,-2.5534872775269254e-08,1.3731544179677937e-10,0.007199999999999997,7.89022656325004e-06,-1.3124643662784382e-08,-8.813416235167599e-11,-0.009899999999999999,-9.900098207361648e-06,1.1154117522271455e-08,-8.287896200988642e-11,3.91,0.0006189097007660612,-2.3595052534784816e-06,4.2172764257959155e-09,4.63,0.0014079323570910657,-3.671969619756917e-06,-4.596139809371687e-09,3.8,5.441149876456233e-05,-2.5534872775269274e-06,1.3731544179677916e-08,3.29,-0.0012144655559187187,-8.106991106754382e-06,3.155765954548445e-08,0.0583,-7.19279653817692e-05,1.0435721708020886e-09,9.405784580363198e-10,2.8172035149987327,-0.00036757661619042474,8.443577698026477e-07,5.171644547422056e-09,3.3357695763397,8.524532992928574e-05,-4.07476253369219e-08,-3.4901367634608905e-10,-3.313186504339442,-0.8685526456555268,1.7084692719863263e-05,-6.395864997187804e-07,-3.0377659007810672e-09,0.00010171945065670929,-6.856713679223532e-07,-3.373172065034216e-09,2.9932291433358724,-0.00010002412156782589,-6.751670653402828e-08,1.6037363430354707e-09,3.6747805297344347,-0.0002685259970212725,-3.5112388322823667e-07,2.758664555878075e-09,-2.6324790142551358,-6.539847413343062e-05,-9.628809500274293e-07,-2.2411123767090245e-09,-0.714203739920996,-0.00016850072059531319,3.5500848262382166e-07,5.055296458711528e-10,3.3361253849184407,8.74236897448824e-05,-4.3677868438218133e-08,-3.8620463004166345e-10,6.152262371353458,0.00010888011770973233,-1.871956277144933e-07,4.324352113666847e-10,6.158807820721224,0.00010883646588089879,-1.9350314474074826e-07,4.3015361508226144e-10,-0.7658273084447461,8.501328149421658e-05,5.10748831413566e-08,6.998110167275297e-10,0.8685526456555268,-1.708469271986309e-05,6.395864997187812e-07,3.037765900781066e-09,4.535652941833574,-2.290480582362058,-0.0002259889319974201,7.592654208992464e-07,4.209067032449847e-09,-0.0002260443318683504,7.747857330758863e-07,4.140094802216569e-09,-2.2970260317298243,-0.00022594528016858898,7.655729379254914e-07,4.2113486287343006e-09,1.1662709371419244,9.32855728576678e-06,-7.601793929500014e-08,8.065085408940795e-10,0.5260122126516992,-0.00020235414421697524,6.1281741852168e-07,4.990515920162639e-09,0.5256564040729588,-0.000204532504032572,6.1574766162297e-07,5.027706873858203e-09,6.984773177269946,-0.00030087369072042265,8.115701761020872e-07,4.335341349860439e-09,3.8617817889913995,6.306913769206218,-0.00020235435094928533,6.128423704585042e-07,4.990529234262209e-09,-0.00011710881428768985,5.720697931847521e-07,4.641502243816552e-09,5.142998606861888,4.833018022910584e-05,-5.160783005466749e-09,-9.512666019363598e-12,0.019799999999999998,-5.142776909590485e-05,7.9552576307055e-08,6.740981516496858e-10,18668.95,-0.7170190054468236,-0.0012530867031682069,1.5126499821570424e-05,13.9,0.0010592604327573502,1.4643820667454578e-05,3.197432737457994e-08,0.0331,1.3377129688814208e-05,-1.6098415096001472e-07,-5.667677851821179e-11,0.0182127949872539,-6.823068818908131e-07,-6.0725189646452e-09,2.2928148544393627e-13,0
1957-09-30,0.0392,-3.5493355125307844e-06,1.3444271191594222e-09,1.87443009673017e-10,0.008099999999999996,6.76740580699186e-06,-2.430965000248615e-08,-6.683357700239724e-11,-0.009299999999999996,-7.506886481409109e-06,-5.834002821077826e-09,-1.00752370330132e-10,4.12,0.0002830248884315746,-1.0702475688121728e-06,8.771889788075758e-09,4.93,0.0009597654691307605,-3.5012125690607863e-06,2.0885320878360364e-09,3.92,-0.0003549335512530789,1.3444271191593761e-07,1.8744300967301698e-08,3.53,-0.0020277614409128977,-2.630576639794647e-06,4.3125344664213467e-08,0.06269999999999999,-8.402315520009136e-05,1.4726516079796222e-07,1.0709293518665582e-09,2.7186603802142257,-0.00027683985256685487,1.3904969863305105e-06,3.5251258778067046e-09,3.342861804649192,7.701254825013201e-05,-7.746118849129092e-08,-2.342801815318918e-10,-3.2188758248682006,-0.7805306967339232,-3.1287306298301115e-05,-1.007682972047659e-06,-1.88321705662359e-09,4.455590125348879e-05,-1.0875548346861797e-06,-2.0942695952993356e-09,3.0032042883926917,-8.794786116462991e-05,6.49050161882497e-08,1.3643033011911582e-09,3.6821065698265074,-0.00031400411026264103,-9.618938549654627e-08,3.163961998656887e-09,-2.5395740511303084,-0.00017969612075310616,-1.2468817632894651e-06,-3.2693358326300227e-10,-0.7368196743791808,-0.0001244017406253378,3.8971437578849164e-07,-1.3679551081363785e-11,3.343568268825519,7.963528763052438e-05,-8.359137687793783e-08,-2.710290758804941e-10,6.157031950284596,8.480943830963261e-05,-1.391814731101124e-07,7.50909282284311e-10,6.164139726850131,8.387741945245635e-05,-1.4478498704582066e-07,7.583494222486861e-10,-0.7652255208229914,9.73362831938886e-05,1.1788444285515871e-07,4.746075189598747e-10,0.7805306967339232,3.128730629830164e-05,1.0076829720476598e-06,1.883217056623586e-09,4.455319320139024,-2.373296965157981,-0.00014146999317596055,1.2117694613460198e-06,2.496611075530434e-09,-9.033345948020604e-05,1.2117799276778857e-06,2.203121526321461e-09,-2.380404741723516,-0.00014053797431878463,1.217372975281727e-06,2.4891709355660766e-09,1.1755733298042381,-4.818386969161759e-07,4.848155998783216e-08,9.671031350570462e-10,0.440873180477423,-0.00013367310311645985,1.1500491767272084e-06,3.4818005393466386e-09,0.4401667163010961,-0.0001362958424968517,1.1561793651138461e-06,3.5185494336952372e-09,6.894959687574549,-0.0001593103062826201,1.26050840326897e-06,2.3069254907722115e-09,3.783734985126615,6.221782302170192,-0.00013366648708499214,1.1500800548437506e-06,3.481734901989934e-09,-5.666055486632932e-05,1.0725879882359075e-06,3.2475203578147645e-09,5.14737819098275,4.77373520383996e-05,-5.814778990109816e-09,-4.267626632275305e-12,0.030699999999999998,-5.721860440093664e-05,1.9550075443361703e-07,7.827003732190626e-10,18771.04,-0.8654719406275803,0.0010519326722439838,1.7802620109751248e-05,12.67,0.0028473676696899515,1.870496100483254e-05,2.7910637531308534e-09,0.032799999999999996,-2.0929634070295496e-06,-1.6432355639951065e-07,1.3054965535206435e-10,0.0182,-1.4581991071058176e-06,-5.678410188809146e-09,1.002906940908254e-11,2
1957-12-31,0.0321,-3.6797154983444788e-06,2.815443120942242e-08,1.7549983774610307e-10,0.012200000000000003,3.353483204293822e-06,-2.9193674881657118e-08,-2.166178761752918e-11,-0.0059000000000000025,-7.991005245007122e-06,-2.1483373814230244e-08,-7.762305915134475e-11,3.81,9.656225513039809e-05,3.534564195300483e-07,1.037149144238307e-08,5.03,0.0004319105755597803,-2.5659110686356637e-06,8.205312680630158e-09,3.21,-0.00036797154983444905,2.815443120942236e-06,1.754998377461032e-08,3.04,-0.0025236971270561495,4.1433295051047835e-06,4.481107815431649e-08,0.0313,-7.059703306891808e-05,3.141783754027919e-07,8.304613895509226e-10,2.6152036507358583,-8.647653755239175e-05,1.6617178826180234e-06,8.629345536600054e-10,3.3463891451671604,6.872858546969965e-05,-1.0021868350788285e-07,-1.0613161208561173e-10,-3.114515809543958,-0.6805807961487572,-0.0001744355181723778,-1.1640215715224556e-06,2.175731682265765e-10,-0.00010708426565948156,-1.264354870203857e-06,1.378831791125887e-10,3.01651481273652,-7.220124642395437e-05,1.6060524892184539e-07,1.0670179875556547e-09,3.649358695951653,-0.00034942550408641193,2.7639273608424825e-07,3.368705121769936e-09,-2.481711758891481,-0.0003825445434938672,-1.1510788469261056e-06,2.4059924460845735e-09,-0.7486598904902041,-8.230580541909301e-05,3.654198501537196e-07,-5.110571769565649e-10,3.3488509012899463,7.021435931712991e-05,-1.0697535196482345e-07,-1.2862803373600858e-10,6.172723039048671,6.839963929906046e-05,-1.7333450671277824e-08,9.564307393410573e-10,6.179442990174336,6.651501918135543e-05,-2.2154157934982596e-08,9.740367695873084e-10,-0.7550225842780328,0.0001147601062302747,1.5657471438103997e-07,1.738118320978847e-10,0.6805807961487572,0.00017443551817237813,1.1640215715224565e-06,-2.1757316822658015e-10,4.45211819316331,-2.475627430163395,3.383463244936505e-05,1.3419602711155785e-06,-1.0698592001198837e-10,7.981635162247549e-05,1.3729625204211332e-06,-2.4965051485684903e-10,-2.4823473812890593,3.571925256706798e-05,1.3467809783792914e-06,-1.2459195025821278e-10,1.1631508098056809,1.6642019578589489e-06,1.8739453561272592e-07,9.158132931372482e-10,0.35070646371811637,3.3505686278725944e-05,1.424845503952193e-06,9.555764314146754e-10,0.3482447075953306,3.2019912431295334e-05,1.4316021724091267e-06,9.780728530650811e-10,6.886640301569419,1.7108582311441135e-05,1.4274110777404482e-06,-2.2908042786528285e-10,3.697095608885277,6.131617717291387,3.3514229156653144e-05,1.4248642216958435e-06,9.554595699422364e-10,0.00010223427174842412,1.3246268204443034e-06,8.494448193290847e-10,5.151667589113211,4.696590132916081e-05,-5.5223634287719504e-09,1.624058742376781e-12,0.0034999999999999996,-4.302476782535062e-05,3.29613861408092e-07,5.783992856898615e-10,18499.14,-0.8084701958823615,0.003599214294979356,1.6666322409949605e-05,11.97,0.0058379460090735745,1.7307926911558588e-05,-3.785550172241298e-08,0.028999999999999998,-1.6388794343910642e-05,-1.3857698417318492e-07,3.0502910931045154e-10,0.018067091014533757,-2.1413229884301446e-06,-3.674389040917209e-09,1.7636344928492517e-11,2
1958-03-31,0.0298,2.6669670422083406e-06,4.7701272203585486e-08,8.192573591556522e-11,0.010499999999999999,-1.2538535074619942e-06,-2.9249591439752725e-08,3.483841345614818e-11,-0.004799999999999992,-1.2842752808443926e-05,-3.032796757346338e-08,-3.351484429326763e-12,3.63,0.00031726135883021337,1.514367535393536e-06,6.939700236997393e-09,4.68,0.00019187600808401388,-1.4105916085817356e-06,1.0423541582612218e-08,2.98,0.0002666967042208333,4.770127220358546e-06,8.192573591556543e-09,1.3,-0.0017919014459019497,9.153897356192715e-06,3.0377885896200585e-08,-0.0048,-1.66690425514764e-05,4.313579109410677e-07,1.1336902893942932e-10,2.6340447877917144,0.00014125952537599254,1.6545503794157669e-06,-2.1019815393917473e-09,3.3603753871419,5.7652522518267244e-05,-9.949035659613129e-08,3.3874752469904496e-11,-3.170085660698769,-0.7485609900173842,-0.00035474547613810627,-1.100071396284639e-06,2.662798331407441e-09,-0.00029778920031437383,-1.1970148213867936e-06,2.7170558610558653e-09,2.991724252156452,-5.873575138852921e-05,2.3188744031090474e-07,8.096499628152104e-10,3.5647324613710536,-0.0003148207510748957,6.941904495820203e-07,2.7999838639034797e-09,-2.595614771772422,-0.0005530180579920337,-7.40143568484935e-07,4.683880043702551e-09,-0.7548277736941182,-4.6280541430509385e-05,2.7470643128888384e-07,-9.015326119702126e-10,3.3628029936748436,5.7438398922553954e-05,-1.0809289546990282e-07,2.983406491885888e-11,6.163028447248976,6.591889900334907e-05,1.2263650845996126e-07,9.276209357816082e-10,6.168350524536926,6.380340337576313e-05,1.197266967324124e-07,9.498904221074727e-10,-0.7422576030727077,0.00013322000477476248,1.5501217674387316e-07,-1.38405805430614e-10,0.7485609900173842,0.0003547454761381066,1.1000713962846387e-06,-2.662798331407444e-09,4.475524723704432,-2.42274320507514,0.00023009082574622987,1.2093223281355849e-06,-2.7807693043738534e-09,0.00024175670185178354,1.1575407658845922e-06,-2.565316057095107e-09,-2.42806528236309,0.0002322063213738127,1.2122321398631357e-06,-2.803038790699692e-09,1.1378330018213911,3.283004686466719e-05,2.8804188800103407e-07,5.252959502632839e-10,0.3799098550319361,0.00023835720223131318,1.4314491931916802e-06,-1.8870231210621613e-09,0.37748224849899253,0.00023857132582702406,1.4400517320654462e-06,-1.8829824335110904e-09,6.9058381702045715,0.0001840915886949915,1.2087011495034476e-06,-2.6008326814083572e-09,3.740285242173836,6.160827502737544,0.00023836616027446688,1.431438665665586e-06,-1.8871642153819322e-09,0.00029600972474957824,1.3319588365955498e-06,-1.8531483685922266e-09,5.155757604095791,4.633485284325223e-05,-4.883417793329675e-09,5.401849681886617e-12,-0.0287,1.0265006311180454e-05,4.2114279392338597e-07,-8.103497706793136e-11,17943.86,-0.22903351976446515,0.005394692374126645,9.40739258336737e-06,13.41,0.00831289790441037,1.0958206475000037e-05,-7.128331780578033e-08,0.036000000000000004,-3.1875404668724815e-05,-9.571691426830779e-08,4.5683835953349576e-10,0.017520496946628113,-2.4773602130282254e-06,-8.802069846975688e-10,1.9915678301983757e-11,2
1958-06-30,0.0297,1.1715366468868647e-05,5.524286800762743e-08,-5.6087181116107573e-11,0.0098,-4.374594602116132e-06,-2.3072796728875827e-08,7.750786077181624e-11,-0.0068000000000000005,-1.883986487512121e-05,-2.875481085118288e-08,9.031729380833019e-11,3.57,0.0007547965289740798,2.3704711592570937e-06,3.727897043702687e-10,4.55,0.00031733706876246605,6.319148636951422e-08,8.123575781551898e-09,2.97,0.0011715366468868622,5.524286800762746e-06,-5.608718111610723e-09,0.83,0.0002442731041856435,1.1868010214296814e-05,1.842126827116187e-09,-0.0001,5.315057309857403e-05,4.336225287264962e-07,-8.326353117444121e-10,2.6837575085331657,0.0003133793317981918,1.2557758615819067e-06,-4.394060411879027e-09,3.3638415951183864,4.528067861850407e-05,-8.456174744209235e-08,1.5957427151825883e-10,-3.2519156789464008,-0.8358183786515819,-0.00047274415634739904,-6.781540100087602e-07,4.48781096993069e-09,-0.00042781677304798356,-7.569782610640778e-07,4.659714268542477e-09,2.9652730660692823,-3.760292922018391e-05,2.960965401919778e-07,5.590847666091058e-10,3.4919517449306197,-0.00019959087581575274,1.0605628565249292e-06,1.3155363563479532e-09,-2.7257051363409306,-0.0005898580952608794,-3.8861052820687173e-10,5.408190368028204e-09,-0.7440863558015998,-2.0900169241005843e-05,1.4929477348380061e-07,-1.1190123660892642e-09,3.364187556028255,4.425894792367199e-05,-9.472701670536686e-08,1.683945923759186e-10,6.147484906565892,9.200768062540693e-05,2.2733550453167548e-07,5.53971444626036e-10,6.153094331433318,8.992593790401182e-05,2.280146514743619e-07,5.773908863304283e-10,-0.7245784613866837,0.00015062537532724236,1.1841600864340028e-07,-4.132213297658438e-10,0.835818378651582,0.00047274415634739937,6.781540100087598e-07,-4.487810969930694e-09,4.5619011077436005,-2.3463934618450275,0.0003431335465018101,7.469150456690639e-07,-4.482697647947637e-09,0.0003626650046585675,6.720174589011676e-07,-4.183375989000136e-09,-2.3520028867124543,0.00034521528922320556,7.462358987263768e-07,-4.506117089652029e-09,1.144222799920162,8.265943425031283e-05,3.3719005053910337e-07,-9.699866957384466e-11,0.4372498496024779,0.0003898605485087148,1.0588122976428306e-06,-4.088300474839878e-09,0.4369038886926097,0.0003908822792035445,1.0689775669061023e-06,-4.097120795697505e-09,6.9877703039767765,0.00030957253037752346,7.12848308132427e-07,-4.251798640132978e-09,3.8010914447208646,6.218161776621489,0.00038986922979106496,1.0587813363474133e-06,-4.088429805516114e-09,0.00043514122712721564,9.74250550200742e-07,-3.928726203321584e-09,5.159871128361077,4.607209405472143e-05,-4.020401852529459e-09,5.378321674631822e-12,-0.0202,7.731060805243436e-05,4.1362611864017896e-07,-9.58927673905056e-10,17986.81,0.6965994552315579,0.00625479131919307,-2.0527001432779556e-06,15.27,0.00891010393509466,-3.9060025492670644e-07,-8.186884704193328e-08,0.0285,-4.0847581766988876e-05,-4.46904253458387e-08,5.191470530185142e-10,0.016957297482311028,-2.2843244560856847e-06,1.7145102195914278e-09,1.5606688889104403e-11,2
1958-09-30,0.037599999999999995,1.8604900614227922e-05,4.18434585837722e-08,-1.8050105432096425e-10,0.007800000000000002,-5.850790826955162e-06,-9.774661393733365e-09,9.679283293937276e-11,-0.013400000000000002,-2.2474374481670214e-05,-1.2363932845655803e-08,1.5917382092489984e-10,4.09,0.001053081976944853,2.1845722184362042e-06,-5.906233416252491e-09,4.87,0.0004680028942493371,1.2071060790628718e-06,3.773049877684793e-09,3.76,0.0018604900614227898,4.184345858377224e-06,-1.805010543209639e-08,2.44,0.0020843276987490074,1.1219922655108278e-05,-2.7460570326130196e-08,0.0132,0.00010585746235525911,2.650998600218577e-07,-1.6351730523925138e-09,2.768204123921957,0.00042389467082265195,5.278111072560047e-07,-5.494565666927285e-09,3.3638415951183864,3.745121398903428e-05,-5.9470170661712876e-08,2.215039624276255e-10,-3.343872315042886,-0.9257305721347883,-0.0005277595189893903,4.676590404068192e-08,5.168432557438382e-09,-0.0004905891569743324,-6.4679329886643886e-09,5.394508343908893e-09,2.9652730660692823,-7.416846527343729e-06,3.564599868287471e-07,2.48056814148257e-10,3.4747575847701837,-5.0187247358691316e-05,1.1726532948353748e-06,-7.050710770672076e-10,-2.833613424077556,-0.0005338275010554741,8.016805144336469e-07,4.446648871033887e-09,-0.7326182813865,-1.5764022664073624e-05,1.9326300351559258e-08,-1.0902005616766126e-09,3.364187556028255,3.6360616812416285e-05,-6.791474608158136e-08,2.406322485163641e-10,6.156932374329776,0.00013586283765435747,2.7815014946262075e-07,-4.7414738368054216e-11,6.1626240391957445,0.0001337452189557775,2.8167083937982734e-07,-2.5248590747888252e-11,-0.7064976002595,0.00016103973416447512,5.858363241469909e-08,-5.860099105506202e-10,0.9257305721347884,0.0005277595189893906,-4.676590404068213e-08,-5.1684325574383845e-09,4.650025817568521,-2.2659287361257054,0.0003844798348076904,3.154393332543905e-08,-4.872961004922094e-09,0.0003940857292020677,9.302680520667106e-08,-4.5921849735937554e-09,-2.271620400991674,0.0003865974535062721,2.8023243408240235e-08,-4.895127152542262e-09,1.1662709371419244,0.0001222637209362002,2.952951747282892e-07,-6.861532198086951e-10,0.5271620430856843,0.0004828914584730158,3.69164253449775e-07,-5.141879705717782e-09,0.5268160821758159,0.00048398205564963105,3.776088288696455e-07,-5.161007991806491e-09,7.071399701625689,0.000344633453596159,1.2348155187635157e-07,-4.669151724134718e-09,3.8910036382040705,6.308080226407389,0.0004828939208817648,3.691292442419921e-07,-5.1419292645037654e-09,0.0005203426724620485,3.096940827880661e-07,-4.920375743290138e-09,5.164100024428229,4.593848361856348e-05,-3.130739691446022e-09,3.3540740734749306e-12,-0.0073,0.00012545735468397562,2.4095466312679747e-07,-1.6958865745393046e-09,18325.97,1.421074772546686,0.00547421650137892,-1.2792663688804151e-05,17.0,0.008110528959665733,-1.2401667477017112e-05,-6.641255855309818e-08,0.0212,-4.041917828107879e-05,1.824644502302431e-08,4.6508567104535755e-10,0.0168,-1.7493779299477587e-06,3.24894576558998e-09,7.188921631019537e-12,3
1958-12-31,0.038599999999999995,2.1723738540789616e-05,8.195162693515578e-09,-2.541654376308971e-10,0.007699999999999996,-6.0958397238125404e-06,4.27875734015282e-09,9.233842628519733e-11,-0.015799999999999995,-2.2430547662102385e-05,1.5026196858272487e-08,1.780921123704309e-10,4.08,0.0012185277945210287,6.948720175876359e-07,-1.0502788849977333e-08,4.85,0.0006089438221397757,1.1227477516029216e-06,-1.2689462214575962e-09,3.86,0.0021723738540789608,8.195162693515661e-07,-2.5416543763089694e-08,2.77,0.003010131596835662,5.694302001662859e-06,-4.6483950734661293e-08,0.052000000000000005,0.0001306388659993532,-1.881400102057346e-08,-2.001775757052223e-09,2.854168709232204,0.0004388326964659076,-2.1859738608845603e-07,-5.065128305757397e-09,3.3638415951183864,3.4092115825549996e-05,-2.805869566644665e-08,2.1340475275454103e-10,-3.4203802010789293,-1.0029452664059417,-0.0004867387315579079,7.448134764797591e-07,4.331722392461011e-09,-0.0004518536735102968,7.21317494809128e-07,4.536572090778861e-09,2.976549454137217,3.183035686951524e-05,3.8140912381014823e-07,-1.7442564958693487e-10,3.4784670171534557,0.00010209188370514307,9.27074073648107e-07,-2.7264806225470816e-09,-2.9187712324178627,-0.0003828603419074882,1.2617481643681537e-06,2.0033085072390998e-09,-0.7381445464906811,-2.6683383589356895e-05,-9.667895659688484e-08,-8.43958499998254e-10,3.366260811781259,3.217855300207614e-05,-3.2242017109766186e-08,2.444216060480924e-10,6.185881409877997,0.00017029196923859513,2.3962229135724586e-07,-6.154831508904216e-10,6.191228922895597,0.00016875964501894547,2.445067823727568e-07,-5.999797965308986e-10,-0.6931471805599453,0.00016265588098823662,-1.596153200279449e-08,-6.13683473586448e-10,1.0029452664059417,0.0004867387315579081,-7.448134764797595e-07,-4.331722392461013e-09,4.672641901103104,-2.2063866893348383,0.00034827711918883136,-6.03026644026865e-07,-3.890664891157556e-09,0.0003439344763025855,-4.440925576250962e-07,-3.7520626377939165e-09,-2.2117342023524387,0.0003498094434084782,-6.079111350423701e-07,-3.906168245517058e-09,1.1908875647772805,0.0001488181702379977,1.5448889520408189e-07,-1.0883704977096889e-09,0.6156531254247724,0.0004844769726018752,-3.353456570031698e-07,-4.719552794802506e-09,0.6132339087618998,0.0004863905354253472,-3.31162335559845e-07,-4.750569648096041e-09,7.089710101870766,0.0002963274211552791,-4.2127548163330863e-07,-3.809924795075643e-09,3.979494720543159,6.396562921310821,0.00048447120196512956,-3.3538253894524485e-07,-4.719497337224769e-09,0.0005185690884274257,-3.63404352669609e-07,-4.506148042047966e-09,5.168333486925007,4.567155479835785e-05,-2.9251439258591223e-09,1.9845915409298642e-12,0.026600000000000002,0.00014902926751605782,-4.537159648300871e-08,-2.0270835686044876e-09,18676.0,1.908315339341891,0.0028741983268373546,-2.006118127060072e-05,18.51,0.005741277236428274,-1.9273059499418996e-05,-2.7020453051227357e-08,0.0176,-3.5364608697123476e-05,7.361723235753553e-08,3.2626694305311673e-10,0.016753013299484303,-1.1891253150695188e-06,3.124733833207061e-09,-9.004458705442667e-13,3
1959-03-31,0.039900000000000005,2.136559312241612e-05,-3.051385560806108e-08,-2.5560966136641634e-10,0.007199999999999997,-4.752517329884301e-06,1.3265961287110511e-08,6.25372294415473e-11,-0.016999999999999994,-1.922474716656561e-05,4.061863608527268e-08,1.3936043620613472e-10,4.13,0.0013168776152871,-1.1003347111961077e-06,-1.2226580351064492e-08,4.85,0.0008416258822986717,2.262614175149461e-07,-5.972857406909766e-09,3.99,0.002136559312241612,-3.0513855608060953e-06,-2.5560966136641643e-08,2.8,0.003273444382885439,-2.5669910429617467e-06,-5.172166640982957e-08,0.0915,0.00011022705222510177,-2.8626168453556855e-07,-1.7129671725691133e-09,2.9014215940827497,0.00034154127389508413,-7.538369617464307e-07,-3.1184476633563474e-09,3.3638415951183864,3.461440342645561e-05,-3.765238407028679e-09,1.5632040798301774e-10,-3.4577677331505496,-1.0400007525843562,-0.00033571743941364655,1.1939860490124093e-06,2.0162225940223895e-09,-0.00029923935143665454,1.1942691394077205e-06,2.151538103961534e-09,2.9882040071331994,7.835324506630866e-05,3.5521254598175733e-07,-6.649450770219697e-10,3.5516268606875596,0.00020423211141696733,4.4781340775216463e-07,-4.0296756569289565e-09,-2.893175685228899,-0.00017567161789381925,1.2841542007173113e-06,-1.1824661037061209e-09,-0.7462885050708382,-4.447267711980389e-05,-1.6919251637759942e-07,-4.805339297718796e-10,3.366260811781259,3.142707899161865e-05,-4.280017165430979e-09,1.947199713807544e-10,6.213717702137045,0.00019137832457713776,1.082272883655713e-07,-9.960181777649102e-10,6.218878965272838,0.0001906994585596733,1.1426901790248495e-07,-9.898843228595838e-10,-0.6803516053504951,0.0001573145409495321,-8.718324314721613e-08,-4.904827920477515e-10,1.040000752584356,0.00033571743941364677,-1.1939860490124101e-06,-2.016222594022391e-09,4.682243329553821,-2.1855129424194897,0.00022269235990281835,-9.470007913962317e-07,-1.6851494932794631e-09,0.00025566688802481643,-7.916850963329325e-07,-2.0885965331061216e-09,-2.190674205555282,0.00022337122592028247,-9.530425209331443e-07,-1.6912833481847778e-09,1.208960345836975,0.00015974202014486447,-9.852606202870031e-09,-1.198915721015928e-09,0.6643631645991692,0.00037945628105350086,-8.350082646236314e-07,-2.8374880790273808e-09,0.6619439479362966,0.00038264360548833737,-8.344934858652209e-07,-2.8758876424251193e-09,7.095106712946645,0.00020882762079371537,-7.737600456635361e-07,-2.11216344626522e-09,4.028204759717555,6.445275276146428,0.0003794486652621304,-8.350389145469235e-07,-2.8373793901297767e-09,0.00041407068447995644,-8.387735030306517e-07,-2.6811676710443713e-09,5.172489737179131,4.537516204834099e-05,-3.492718145753607e-09,1.9993454656879126e-12,0.0742,0.00012791058149787073,-3.10908135272168e-07,-1.7226541918192002e-09,18954.96,2.11921322338942,-0.00014435251060498764,-2.2026383838409965e-05,18.06,0.002529720629575874,-1.9542735795248186e-05,2.3959056008086314e-08,0.0034999999999999996,-2.3579464879192774e-05,9.777777846404686e-08,1.2559486998166795e-10,0.01686005728956299,-8.272057619261038e-07,1.728163334562273e-09,-5.244023919757462e-12,3
1959-06-30,0.0434,1.5866046102555482e-05,-5.832035742476373e-08,-1.7493735520103836e-10,0.0058000000000000005,-2.051472473101736e-06,1.6862882348343513e-08,1.7440637117047827e-11,-0.0192,-1.2966962304718023e-05,5.29762770508539e-08,4.890446284365319e-11,4.46,0.0010896566419150231,-2.416874466543215e-06,-9.451170876096978e-09,5.04,0.0008845093946048515,-7.305862317088593e-07,-7.707107164392206e-09,4.34,0.0015866046102555494,-5.832035742476363e-06,-1.749373552010386e-08,3.21,0.0026755754782096927,-9.120858715583855e-06,-4.088911117515612e-08,0.1074,4.5527243599420014e-05,-4.6256352631217184e-07,-8.073838523136933e-10,2.915064370486536,0.00019622829222363768,-9.542292108197216e-07,-3.887464830693534e-10,3.370738174177447,3.750663473319205e-05,6.4297574855560666e-09,7.124315964563931e-11,-3.4673371841667002,-1.05886291932644,-0.00015292651222725343,1.2695278387402186e-06,-9.227302777443715e-10,-0.00011369890961398162,1.2784279630959026e-06,-8.741735026381506e-10,2.9922261342247034,0.00011535775396844111,2.6479760368074363e-07,-1.0590902282757707e-09,3.633895145781177,0.00020310486650714846,-1.1522238031116837e-07,-4.031610349730772e-09,-2.8268337370921772,-2.832335340756456e-05,8.980253898795014e-07,-3.816116196835657e-09,-0.7520046603762179,-6.67742413669221e-05,-1.858370446541983e-07,-7.640640115053335e-11,3.371081757757532,3.4330310706750386e-05,9.08318261449413e-09,1.0461129712401154e-10,6.235057575289601,0.00019762679950595247,-4.400670217267794e-08,-1.0909822469735124e-09,6.2401062401453755,0.0001975011869285753,-3.756064875173561e-08,-1.091860484218684e-09,-0.6642451266617692,0.00014413998005709198,-1.360278677753857e-07,-2.3156776605294134e-10,1.05886291932644,0.0001529265122272536,-1.2695278387402194e-06,9.227302777443704e-10,4.694590163438662,-2.1839685217384575,7.065746668974033e-05,-9.607235328868088e-07,9.546222964421234e-10,0.00014993257654652702,-8.73285970594705e-07,-9.811458991640637e-11,-2.189017186594232,7.078307926711956e-05,-9.67169586307743e-07,9.555005336872882e-10,1.2325602611778486,0.0001443843918519549,-1.4084429870162464e-07,-9.263992497638562e-10,0.6803508793736966,0.00023077763146250405,-1.011159992545038e-06,-2.0760311017703352e-10,0.6800072957936116,0.0002339539554889452,-1.01381341767397e-06,-2.40971247655419e-10,7.103024012094089,0.00010416387112076736,-8.559310028859985e-07,-8.973907032911235e-11,4.051089053551143,6.461265030721041,0.0002307705201716262,-1.0111660413892702e-06,-2.0748262014603605e-10,0.00026828426619569595,-1.0047302350594788e-06,-1.3635995053140693e-10,5.176668100554941,4.508473997239596e-05,-3.820339183975358e-09,3.4531157066260888e-12,0.09119999999999999,6.0236244193455045e-05,-4.87787155501182e-07,-7.985752535261472e-10,19301.67,1.8410094025606838,-0.0025346894225222,-1.692353640148632e-05,16.9,0.0003080728784199238,-1.3024812588889086e-05,6.606693837200802e-08,0.0069,-8.018675466657102e-06,9.29908905602365e-08,-8.918850005333321e-11,0.016963612849652077,-8.10517952204502e-07,2.9670652964519515e-10,-4.328821089821272e-12,1
1959-09-30,0.046799999999999994,6.067288338580315e-06,-7.02169581599606e-08,-3.7803298216991626e-11,0.006600000000000002,2.7137086713290704e-07,1.525240451940692e-08,-2.2709963263874496e-11,-0.0201,-5.102673936081831e-06,5.0295311554410954e-08,-5.86334284109373e-11,4.52,0.0006142571621677174,-3.258026365271043e-06,-3.4106630573872945e-09,5.18,0.0006413942488810089,-1.7327859133303473e-06,-5.681659383774754e-09,4.68,0.0006067288338580349,-7.021695815996057e-06,-3.780329821699209e-09,4.04,0.0009899026003629022,-1.2097549461449043e-05,-1.5370212761015553e-08,0.08070000000000001,-2.4660981701848754e-05,-4.980968089022655e-07,3.3890202449505945e-10,2.8970163006148333,6.36535192902507e-05,-7.626953015045311e-07,2.0260983549684535e-09,3.3775875160230218,3.9653485232261226e-05,4.3617327516394336e-09,-9.334499068435652e-12,-3.451438598098902,-1.04719630242101,3.3384040414551064e-07,9.109353606523203e-07,-3.339063304825552e-09,4.1356587519834895e-05,9.132133946442064e-07,-3.3684860161220535e-09,2.9967317738870745,0.0001358953916472491,1.0497325879917692e-07,-1.2341878681005841e-09,3.636005964506868,0.0001293364316755169,-6.074818482025255e-07,-2.821220488570221e-09,-2.811745437440975,3.3230048468063654e-05,2.0501061745790047e-07,-4.9342089978245e-09,-0.7576575001147614,-8.840061620167799e-05,-1.6157327136191668e-07,2.8449077054836484e-10,3.3758795736778655,3.783450568555988e-05,1.1286971733231527e-08,1.0398787042824546e-11,6.258917763941196,0.00017940983694443024,-1.6339851058663187e-07,-8.183309206412167e-10,6.26388005127472,0.0001797758435175545,-1.5792604451313355e-07,-8.24868045732963e-10,-0.6479504647248895,0.00012532150783153153,-1.503143903587906e-07,1.0502637391051092e-10,1.04719630242101,-3.3384040414551064e-07,-9.10935360652321e-07,3.339063304825554e-09,4.706158027892246,-2.2149896876331114,-4.3848285701328715e-05,-6.425635912665236e-07,2.923206357366204e-09,5.073629397936014e-05,-7.261935741039475e-07,1.6892245704898723e-09,-2.2199519749666354,-4.421429227445261e-05,-6.480360573400096e-07,2.9297434824579433e-09,1.2325602611778486,0.0001124122103467233,-2.2532489638919569e-07,-3.745197316255826e-10,0.6663405602850629,9.590806601084282e-05,-8.103238346047865e-07,2.114209935793417e-09,0.6680485026302191,9.77270455575446e-05,-8.172490735863792e-07,2.0944766496821345e-09,7.110185090248666,6.642383953768538e-06,-7.044239236043131e-07,1.7202705819911555e-09,4.0439280763080845,6.447258317829365,9.589885598389054e-05,-8.103087648353043e-07,2.114329601114487e-09,0.00013556155124310533,-8.059621018531469e-07,2.1048754367249622e-09,5.180828037755569,4.465393763138578e-05,-3.2195165558660284e-09,6.475468582937934e-12,0.0673,-1.2607255302218363e-05,-5.26376803452545e-07,3.6117491750605997e-10,19237.21,1.2548074117978245,-0.004090151316106991,-6.639974509216638e-06,16.63,-0.0006159606725701456,-1.282281422591415e-06,8.400030309957817e-08,0.0138,2.2217768346647693e-06,6.534933172055282e-08,-2.345916261248411e-10,0.0169,-1.0946325747061202e-06,-2.1240526863187983e-10,6.379528578456418e-13,1
1959-12-31,0.046900000000000004,-3.6965437745908392e-06,-6.530909761243337e-08,9.718899627157339e-11,0.007000000000000002,1.576349998302951e-06,8.950044645349094e-09,-4.617306695842443e-11,-0.0218,8.672872625117795e-07,3.524358045633048e-08,-1.299822975141329e-10,4.58,0.00017948234943958237,-3.317404820912358e-06,2.6412688473183714e-09,5.28,0.000337117349269879,-2.4224003563774496e-06,-1.976037848524093e-09,4.69,-0.0003696543774590798,-6.530909761243339e-06,9.718899627157291e-09,4.49,-0.0010250154692064881,-1.1825170761508645e-05,1.361987638512076e-08,0.0581,-7.713316702304587e-05,-3.6215939374801133e-07,1.3290923194645466e-09,2.924236271848921,-1.131857339334262e-05,-2.926295218846864e-07,3.168866804552513e-09,3.380994674344636,3.949378788958013e-05,-5.958242010363443e-09,-5.279213199639442e-11,-3.473768074496991,-1.0743575243496561,8.56502659926324e-05,2.891113635969071e-07,-4.288450437192811e-09,0.00012681244958121437,2.779089961143677e-07,-4.360256510471787e-09,3.0041963519661206,0.00014275983368347567,-6.117725833118259e-08,-1.135780342390578e-09,3.6208682434973927,2.790499761029519e-05,-8.30261376944165e-07,-9.016354629227515e-10,-2.8577109756566164,1.056621939010717e-05,-4.832300867598661e-07,-4.112956551303629e-09,-0.7657178733947807,-0.00010257914415410241,-1.0822735131361111e-07,5.146803160897217e-10,3.3813347525659037,3.8803089418903286e-05,3.610030957209232e-09,-4.8072980106471615e-11,6.263463022399424,0.00014687850790545687,-2.3713401037476136e-07,-2.896074414506564e-10,6.268838674770353,0.00014781618512037104,-2.32833655947642e-07,-3.015012837665496e-10,-0.6348782724359695,0.00010666625043129598,-1.1938916453955776e-07,4.2190567831377674e-10,1.0743575243496561,-8.565026599263274e-05,-2.891113635969079e-07,4.2884504371928144e-09,4.713432148751746,-2.1849091460836476,-8.976894021461603e-05,-1.131546115533326e-07,3.4422775362529136e-09,-1.5698605434544266e-05,-4.122649406930105e-07,2.7379119195764405e-09,-2.1902847984545764,-9.070661742952776e-05,-1.1745496598044643e-07,3.454171378568788e-09,1.235471471385307,8.323032739872144e-05,-2.3425207346626535e-07,2.2137749146346278e-10,0.6975592019711407,1.7615779801262442e-05,-3.443303799177285e-07,3.205462226798643e-09,0.6972191237498729,1.83064782719412e-05,-3.5389865288530374e-07,3.2007430749086975e-09,7.113341830633378,-5.7699517942032265e-05,-3.841778625173549e-07,2.7781024159597676e-09,4.078553876315777,6.478463558197409,1.760793574587527e-05,-3.443122529435204e-07,3.2055354928049066e-09,5.7109567690843964e-05,-3.5028862192809143e-07,3.1526700948022353e-09,5.184924417535976,4.416259349902252e-05,-2.0446975639665875e-09,9.292640903058092e-12,0.0458,-6.802095979572817e-05,-3.8708082671536514e-07,1.3591144655802143e-09,19215.48,0.7253775210890382,-0.004244682942208908,4.4242469260664515e-06,17.42,-0.00012816700999166707,1.0394687054364938e-05,6.89684851122712e-08,0.0173,5.514749921022196e-06,2.283465332361463e-08,-2.7108314188511586e-10,0.016764140621295436,-1.3671160290313479e-06,4.642305501681404e-10,5.342098433683398e-12,0
1960-03-31,0.0425,-9.464427352167916e-06,-4.3381426391838725e-08,1.839344369068465e-10,0.007599999999999998,1.86171182108459e-06,1.2084949244240703e-09,-5.070141236737111e-11,-0.0172,2.678388017304624e-06,1.1172079592613378e-08,-1.389488444036846e-10,4.49,-0.0001304853022957103,-2.3957923478610076e-06,6.9351423317216374e-09,5.25,5.5685879812752274e-05,-2.2749428554186017e-06,1.8650010949844975e-09,4.25,-0.0009464427352167896,-4.338142639183881e-06,1.8393443690684618e-08,3.31,-0.002264341977813111,-8.36102378349769e-06,3.3593318553746595e-08,0.0633,-0.00010912875601471467,-1.2064216135353372e-07,1.899475212867965e-09,2.850128299695199,4.082013027086745e-06,2.6757425407085206e-07,2.7090296483039154e-09,3.380994674344636,3.7870256253810795e-05,-1.7275784543991405e-08,-5.088393649601608e-11,-3.343872315042886,-0.9452408498995295,5.678066112573179e-05,-3.6257017042508373e-07,-3.415018530019749e-09,9.572612212076295e-05,-3.846755196536196e-07,-3.4764224888536906e-09,3.062455905596899,0.00012251869431911463,-1.7141520420882782e-07,-7.111325302232003e-10,3.6208682434973927,-8.56527632025303e-05,-7.45369783744675e-07,1.1946698610925182e-09,-2.787093408442663,-0.00011309250675287166,-9.518332735044035e-07,-1.5688719795357915e-09,-0.7751896385725265,-0.00010946063704363583,-3.6640322690791784e-08,5.858228126291358e-10,3.3813347525659037,3.806572388483642e-05,-8.96234503568518e-09,-6.144382054703229e-11,6.2702320021701885,0.00011793898149596444,-2.388532036918195e-07,2.72007601071628e-10,6.275947758655363,0.00011922377628706682,-2.356153772067835e-07,2.574702522265433e-10,-0.6246898079427387,9.254618973995399e-05,-4.75081272486177e-08,6.265126921751968e-10,0.9452408498995295,-5.678066112573196e-05,3.6257017042508304e-07,3.415018530019752e-09,4.71377481487606,-2.2625352466737603,-5.220094830258523e-05,4.3000816990807565e-07,2.4318783987249503e-09,-4.297956567638483e-05,-1.5890294888458275e-08,2.7519871846312134e-09,-2.2682510031589347,-5.348574309368415e-05,4.267703434230418e-07,2.4464157475699942e-09,1.2584609896100056,5.831063771420484e-05,-1.586088185598259e-07,7.03164010773116e-10,0.6267020811517927,2.7867776939571702e-05,2.0843075076024575e-07,2.7547699362925725e-09,0.6263620029305249,2.767230930854521e-05,2.001173112519369e-07,2.765329820343586e-09,7.109821035497088,-8.214787210409497e-05,1.720444768916036e-08,2.779897568701826e-09,4.007696755496428,6.407605795213381,2.7866644616122983e-05,2.0845074283245605e-07,2.754760351369857e-09,6.573803319338267e-05,1.9115496621625368e-07,2.703885999796553e-09,5.188807252919987,4.395276705682211e-05,-8.009095756892631e-10,8.749378973557872e-12,0.0492,-0.00010333691017939058,-1.3856459810152663e-07,1.938055026021076e-09,19569.9,0.2720070296773855,-0.0028008125152522356,1.339051314994693e-05,16.23,0.0021763124022568083,1.8504399607058467e-05,2.3271118888510385e-08,0.0173,3.354481109292228e-06,-1.3574782933064457e-08,-2.1134568939239405e-10,0.016458040212042762,-1.3186628090777054e-06,2.0178467077383423e-09,5.558788033983014e-12,0
1960-06-30,0.0415,-1.1837517546997236e-05,-1.3003135662219372e-08,2.0876154976603345e-10,0.008099999999999996,1.244267429727157e-06,-4.652172480091186e-09,-3.8049003358558064e-11,-0.018500000000000003,1.747523229918098e-06,-9.66004838496657e-09,-9.420901841752692e-11,4.45,-0.0003235813366960924,-1.1129583314057499e-06,8.681922530368435e-09,5.26,-0.00019915459372337463,-1.5781755794148715e-06,4.877022194512612e-09,4.15,-0.001183751754699723,-1.3003135662219497e-06,2.087615497660334e-08,2.46,-0.0025589621402593602,-2.453349004472922e-06,4.0842880578450624e-08,0.0353,-0.00010609118633801454,1.2982796819208286e-07,1.8654578505475568e-09,2.8803214220426634,7.813711585533123e-05,6.275632705293277e-07,1.0348226982604203e-09,3.3877743613300146,3.4859705083387786e-05,-2.3721982731793612e-08,-1.871578849685975e-11,-3.3784578946926658,-0.9865505599953354,-4.616253702580467e-05,-7.677248805792288e-07,-1.2170866430875752e-09,-1.1633648520215784e-05,-7.96489704556394e-07,-1.2316657081169797e-09,3.0610517396746335,8.327041332098633e-05,-2.228880701357907e-07,-8.520868502531441e-11,3.574870537502069,-0.0001666723924498327,-4.5895804866972115e-07,2.8279705158282378e-09,-2.866459937849852,-0.0002605990412490111,-1.0277244081079293e-06,1.6678433938800045e-09,-0.7900624866415226,-0.00010936570513644714,3.2580699175578865e-08,5.138619172886525e-10,3.3881121421135,3.5949214704361634e-05,-1.8642740632062715e-08,-4.129467097623169e-11,6.296460859268352,9.346757546346284e-05,-1.6102649133206678e-07,7.252272969633364e-10,6.301840284365063,9.496428281812464e-05,-1.593586166639998e-07,7.111919411396609e-10,-0.6258475924567539,8.978649159354645e-05,4.118246962572448e-08,6.483502657020678e-10,0.9865505599953353,4.616253702580467e-05,7.677248805792295e-07,1.2170866430875793e-09,4.6848584780247275,-2.248858559598383,3.596537488332503e-05,7.058633017755054e-07,4.066506610989426e-10,-2.1134623138684832e-05,3.334540229867948e-07,1.7588580960741732e-09,-2.2542379846950946,3.4468667528667754e-05,7.041954271074373e-07,4.2068601692257966e-10,1.252762968495368,4.3496764294853085e-05,-3.778052017958148e-08,9.6317311729987e-10,0.6598279383399542,9.457324526340365e-05,5.685587931752317e-07,1.1505937465591195e-09,0.659490157556469,9.348373564242772e-05,5.634795510754961e-07,1.173172629038503e-09,7.077790381584116,-5.6528217466157717e-05,3.6969887744915016e-07,1.7532168999947678e-09,4.047602299669969,6.440739182612607,9.457467892219073e-05,5.685807081488181e-07,1.1505385638788538e-09,0.0001294329503467917,5.448368104434373e-07,1.1318779580622569e-09,5.192662272453261,4.414523681526283e-05,3.265828655625745e-10,3.777010353558501e-12,0.0206,-0.00010166604963896481,1.167527024564464e-07,1.8999799940810937e-09,19387.91,0.002140082180434888,-0.0005157674054969582,1.8265565970956643e-05,17.56,0.004956865568896926,1.9716365919092226e-05,-3.53414521377174e-08,0.0172,-2.6473450838383147e-06,-3.061766970398742e-08,-9.188226322852904e-11,0.016148540834327013,-9.123723453765767e-07,3.434877770947069e-09,2.31507069518343e-13,2
1960-09-30,0.038,-1.0801737880502795e-05,1.2705731341598706e-08,1.7365633700972914e-10,0.007599999999999998,1.6423549655180206e-07,-7.441992171564296e-09,-1.5896802042488688e-11,-0.014499999999999999,-1.5853007652679297e-06,-1.5426265577536108e-08,-1.1448978615845157e-11,4.25,-0.00030920414937221917,-1.2075857524140857e-08,7.281695216699134e-09,5.01,-0.00029278059971703864,-7.562750746805801e-07,5.692015012450265e-09,3.8,-0.0010801737880502802,1.2705731341598604e-06,1.736563370097293e-08,2.48,-0.002338129792588943,3.1621723147570934e-06,3.681603309170085e-08,0.0392,-6.994909540500125e-05,3.35162919906251e-07,1.2511924616174885e-09,2.8361502037295256,0.0001898288638145146,5.609810139048055e-07,-1.2660536211082981e-09,3.3877743613300146,3.185387199292275e-05,-2.1919913519103092e-08,2.4229390809405244e-11,-3.3354096411241523,-0.9428209193833914,-0.0001752942365747306,-6.912570123501708e-07,1.4788789564878938e-09,-0.00014429530213915036,-7.191348491663447e-07,1.513216537018866e-09,3.0610517396746335,5.517877537501783e-05,-1.9772293329938186e-07,4.544909381564629e-10,3.5779478934066544,-0.00018552148363438353,-4.0490231817023064e-08,3.523826710405141e-09,-2.818423258583581,-0.00038340165600000037,-5.576437886486575e-07,4.564776060387132e-09,-0.8049876410607659,-0.00010104564139126072,8.299750832763872e-08,3.2845880987071725e-10,3.3881121421135,3.316919975156901e-05,-2.0429573401879316e-08,-2.132479272022723e-12,6.293567142220994,7.83802541313619e-05,-4.117139194029127e-08,9.663028091384792e-10,6.299103646700379,8.00174614117355e-05,-4.124936074789198e-08,9.547334419386463e-10,-0.6269861065463855,0.00010237581276216984,1.2067542107202425e-07,4.730653967898957e-10,0.9428209193833915,0.00017529423657473026,6.912570123501719e-07,-1.4788789564878884e-09,4.655448417550755,-2.289694483162968,0.00015209275781838497,5.347054709910818e-07,-1.9906908274699114e-09,4.882308868334878e-05,5.047474913241642e-07,7.777184805358066e-11,-2.295230987642354,0.00015045555053801347,5.347834397986756e-07,-1.979121460270097e-09,1.2584609896100056,4.614441615552901e-05,8.768575806994317e-08,9.13856924373694e-10,0.6160982977280103,0.00019861913995682605,5.154539925698911e-07,-1.0486174091408446e-09,0.6157605169445252,0.00019730381219817858,5.13963652452666e-07,-1.0222555390594023e-09,7.045396360066721,1.729111618773288e-05,5.405994648557459e-07,2.983446158031395e-11,4.003872659058025,6.39701298507745,0.00019861938202455075,5.154623310437367e-07,-1.0486778379058488e-09,0.00023047301194974862,4.935340790507887e-07,-1.0243880183314393e-09,5.196672162785836,4.4435363034019124e-05,8.624143560673529e-10,-3.495749760507957e-12,0.024900000000000002,-6.475779102592205e-05,3.2569356736053557e-07,1.2671042938549298e-09,19403.3,0.07174323854458749,0.0018475207936811684,1.7305910313686896e-05,16.76,0.007351577962725972,1.0882792563947846e-05,-8.866751140818386e-08,0.0102,-7.93031504089419e-06,-2.6823663177828417e-08,3.403321746407263e-11,0.016,-3.107956645583926e-07,3.447645896078465e-09,-8.790593466814791e-12,2
1960-12-31,0.0384,-6.999636679256899e-06,2.670539210681886e-08,9.732103584164251e-11,0.0075,-8.221594342479747e-07,-6.7636086949395336e-09,4.79098723905303e-12,-0.016699999999999993,-6.2158204000641206e-06,-8.013877557505898e-09,7.255883064987454e-11,4.35,-0.00017947272612689678,6.625693452687278e-07,3.831378633225105e-09,5.1,-0.00026168866955169343,-1.3791524225235103e-08,4.310477357130416e-09,3.84,-0.0006999636679256918,2.6705392106818812e-06,9.732103584164285e-09,2.25,-0.0016561503085424604,6.299697878625001e-06,2.3658400881137486e-08,0.0219,-1.946824719642673e-05,4.4002790898880936e-07,3.2018900345559953e-10,2.8656235882069705,0.0003139616555449712,1.9129892799634537e-07,-3.1810781640086215e-09,3.3945083935113587,2.9522677315328704e-05,-1.3659815547447029e-08,6.301614472955031e-11,-3.372609924810243,-0.9855351440491389,-0.00030747723128451266,-2.44011230152198e-07,3.5806161159682068e-09,-0.00027839883215638185,-2.610326812127185e-07,3.6533775622041757e-09,3.054001181677967,3.9892497644971465e-05,-8.307108391460499e-08,7.683993217357326e-10,3.571221410645704,-0.00016308331505163892,4.0773982128809e-07,3.2891083165621356e-09,-2.8542327112802917,-0.0004807154224572476,2.3110042663949241e-07,6.163717526714259e-09,-0.8141855089370015,-8.76836787715338e-05,1.0524359198058087e-07,9.033699175424166e-11,3.39484390768998,3.0818849514659825e-05,-1.516829375336358e-08,3.939499211523288e-11,6.301893437880677,8.012016067013988e-05,8.217204082972543e-08,9.09340853977594e-10,6.307675765673737,8.169066463865199e-05,8.085062299603873e-08,9.024686056690458e-10,-0.616186139423817,0.0001238092873119506,1.6556124587958164e-07,1.7441257945599625e-10,0.9855351440491389,0.0003074772312845125,2.4401123015219857e-07,-3.580616115968204e-09,4.655722465150922,-2.2623571121535715,0.0002672495682593423,7.876810540786929e-08,-3.7215576482100744e-09,0.00013739546524626985,4.0974348608756945e-07,-1.6942871268886145e-09,-2.268139439946631,0.0002656790642908323,8.008952324154615e-08,-3.714685399901526e-09,1.244154593958768,6.567985155891132e-05,1.8828929331096647e-07,5.917794216347602e-10,0.6450279322157468,0.00031784705161415567,1.745999617850375e-07,-2.875232938962038e-09,0.6446924180371255,0.0003165508794148233,1.7610843999095788e-07,-2.851611786347701e-09,7.04212428367467,0.00010936280625305633,4.385016990143845e-07,-1.7830208270522535e-09,4.039536325727106,6.4259381442508525,0.00031784862672711576,1.7459166444540624e-07,-2.875297620605572e-09,0.00034736972892948496,1.6094014623758995e-07,-2.8122167942324843e-09,5.200742363814391,4.4565855561787274e-05,9.129011306867691e-11,-1.0480561943754478e-11,0.0089,-1.4268447155252466e-05,4.311993233039041e-07,3.2457668162792973e-10,19074.84,0.46470422272552414,0.0037564255798926533,1.1188135580052405e-05,17.37,0.009240481907438897,-4.021289478306264e-06,-1.1866820122646086e-07,0.013600000000000001,-1.0141779746300453e-05,-8.01566185472003e-09,1.1754737575094838e-10,0.01596754263661919,2.51355820560535e-07,1.6728072109269604e-09,-1.7813166116217984e-11,2
1961-03-31,0.0374,-2.524245119047092e-06,2.8646825901254635e-08,1.5401978931280702e-11,0.007999999999999998,-1.5850719790564547e-06,-3.806103443117746e-09,1.6453700316287347e-11,-0.019899999999999998,-6.943160297040511e-06,7.56203368648153e-09,1.0465410110262187e-10,4.22,-4.233357637192237e-05,7.005737989381952e-07,3.173530982130821e-10,5.02,-0.00020084077427756918,3.199634546264177e-07,1.9627231298418382e-09,3.74,-0.0002524245119047107,2.864682590125462e-06,1.5401978931281012e-09,2.39,-0.0006304799109903804,7.134022928280699e-06,6.978553133238881e-09,0.0044,3.6505134019648715e-05,4.0654367133757367e-07,-6.213502300244303e-10,2.987700101856727,0.0003148076856479432,-3.051434371916576e-07,-3.41588034474257e-09,3.3945083935113587,2.793792390487007e-05,-4.91500787943565e-09,8.052760881275645e-11,-3.4966075664668135,-1.1114832872593314,-0.0003108011489711092,3.3593624319719245e-07,3.8373144198983185e-09,-0.0002839412347387535,3.3075790143045583e-07,3.9307625774931205e-09,3.0492730404820207,3.521434692344838e-05,4.8993765908488466e-08,8.491596762255598e-10,3.5145260669691587,-9.911603602785548e-05,7.40887382810661e-07,2.3430303265860825e-09,-3.0323962579255825,-0.00041751568373962143,1.0211160809522172e-06,5.419010892143029e-09,-0.8210075587202182,-7.349505583770406e-05,9.499065680325379e-08,-1.2823849814890762e-10,3.3958497753355603,2.87784489749518e-05,-7.562157770385372e-09,6.422409175652825e-11,6.29193388784439,9.863232526325233e-05,1.8072181693944254e-07,5.895129369719771e-10,6.298127217906234,9.989793406097597e-05,1.7896101812390334e-07,5.890796291709358e-10,-0.6020319085303534,0.00014599087046888586,1.581460222938638e-07,-1.3193887972821015e-10,1.1114832872593314,0.0003108011489711095,-3.3593624319719086e-07,-3.837314419898319e-09,4.670893877762206,-2.131177560103038,0.00024738317063130314,-4.676642942281481e-07,-3.577667680644737e-09,0.00020335528752200502,6.265766624490701e-08,-2.8267496376565506e-09,-2.137370890164882,0.0002461175618335792,-4.659034954126163e-07,-3.5772343728436777e-09,1.2499017362143359,9.53736426737609e-05,2.3309296829715382e-07,1.4266062870669757e-10,0.7662479342299935,0.000318077571989687,-2.820274694092728e-07,-3.0686823524855244e-09,0.7649065524057921,0.00031723704691960454,-2.7938031951831936e-07,-3.0523788354292774e-09,7.054226005832904,0.00017842391015217285,7.872105397188443e-08,-2.948500534002231e-09,4.160756327741352,6.547158368462838,0.00031807887414300046,-2.8203704509736774e-07,-3.0687273331295075e-09,0.00034601549589455825,-2.869424772887098e-07,-2.98815474367277e-09,5.205008694464184,4.455239395433144e-05,-1.8790775430998187e-09,-1.5603968162163783e-11,-0.0067,4.059622796530292e-05,3.937820807416612e-07,-6.145309522290517e-10,19124.22,1.0433134868873508,0.004614834405648421,2.727163512662377e-06,20.75,0.008089607277198627,-1.9274743347388542e-05,-1.051146856567794e-07,0.013600000000000001,-1.0101978848694847e-05,1.244849572731904e-08,1.3367955104831084e-10,0.016361424133605258,4.3626607296955353e-07,-1.2090195297675449e-09,-2.220961163736101e-11,2
1961-06-30,0.0388,9.354883841646564e-07,2.156357911641792e-08,-4.125779527065886e-11,0.007000000000000002,-1.778563511678423e-06,-6.205326365304171e-10,1.610489427733878e-11,-0.020700000000000003,-3.7394335889659674e-06,2.8141572600338543e-08,7.327347348681372e-11,4.33,8.136340297723172e-05,2.5349437842459975e-07,-2.0080922018953914e-09,5.03,-9.649294819061294e-05,1.9144111477155883e-07,-3.9760277416148356e-10,3.88,9.354883841646496e-05,2.1563579116417957e-06,-4.125779527065866e-09,2.33,0.00021328501973107185,6.368126744022765e-06,-5.943699266303467e-09,0.026699999999999998,8.291973825599207e-05,2.5734327189740754e-07,-1.3060465228295372e-09,3.012097627640255,0.00019442537438686263,-8.716585407055713e-07,-1.9000520302916763e-09,3.3945083935113587,2.9407639756975912e-05,3.790973945960342e-09,6.824029640064543e-11,-3.519980917652122,-1.1346074870509348,-0.0001822250368948763,9.360024919449105e-07,2.1722308978786506e-09,-0.00015438871070593135,9.391196978904646e-07,2.2517283730301533e-09,3.0492730404820207,4.9349961215339885e-05,1.3202234551456772e-07,6.648875752339383e-10,3.4949912609485163,3.2609643163657166e-06,9.025007768552812e-07,9.448420536802002e-10,-3.074775480894444,-0.00019942182922653013,1.7097187237548012e-06,2.5300098264757394e-09,-0.8220436639050448,-6.284935300987504e-05,6.096592772047945e-08,-2.7350726270783407e-10,3.3958497753355603,2.9441992502109854e-05,1.9206053298821472e-10,6.18078858944325e-11,6.300818821640783,0.00012794156739102253,2.2589071954875112e-07,1.4289032722043042e-10,6.307358641513326,0.00012883778520301066,2.246019255811444e-07,1.4823424097576456e-10,-0.5816031458773291,0.0001633243954560169,1.0859784142500525e-07,-3.4616853727028533e-10,1.1346074870509346,0.0001822250368948763,-9.360024919449088e-07,-2.172230897878653e-09,4.736182206744926,-2.1169382941078276,0.00010363343071919107,-1.0298708659790972e-06,-1.6502336498651422e-09,0.00019936539165427494,-4.094979950299238e-07,-2.762888330223737e-09,-2.1234781139803705,0.00010273721290720295,-1.028582072011492e-06,-1.6555775636204412e-09,1.2669476034873244,0.00012576343536117412,2.0980953250292845e-07,-2.8226456022684023e-10,0.7893721340215968,0.000202167358353239,-8.0777112037631e-07,-1.5755836190453617e-09,0.7880307521973956,0.00020213300560810538,-8.041722069633337e-07,-1.5691512085391398e-09,7.119110211045267,0.0001758382052770402,-4.0784733115645995e-07,-2.8976429161762647e-09,4.183880527532955,6.570280540023335,0.00020216465341946349,-8.077792797434461e-07,-1.5755757691447323e-09,0.00023157499811021567,-8.039801464303484e-07,-1.5073433226447142e-09,5.209287939429225,4.435829390190063e-05,-4.100008118175705e-09,-1.7484881260458635e-11,0.015700000000000002,8.517714849404954e-05,2.419716982076672e-07,-1.291725121593827e-09,19368.87,1.632227373918198,0.004166070161072669,-5.250529469587739e-06,21.66,0.003995454280436933,-3.272667322436131e-05,-5.1066135052662886e-08,0.0068000000000000005,-5.597705344421339e-06,2.787982228047552e-08,8.897069904799193e-11,0.01675382875484417,3.835802435778895e-08,-4.278413685038644e-09,-1.930158652101286e-11,3
1961-09-30,0.0398,2.074097217080479e-06,1.1360315515617536e-08,-5.94555094949898e-11,0.006699999999999999,-1.290830570426387e-06,1.433590318139929e-09,5.757665433288413e-12,-0.0221,7.377059421730808e-07,3.9172580569184026e-08,4.91103420213257e-12,4.45,6.763043298195145e-05,-2.4036208647324817e-07,-2.3170972758918696e-09,5.12,-6.145262406068789e-05,-9.70030546592524e-08,-1.7413307325630065e-09,3.98,0.00020740972170804687,1.1360315515617582e-06,-5.945550949498966e-09,2.28,0.0006939333265047695,4.506283756597391e-06,-1.2243871934283975e-08,0.0404,0.00010304820682481615,4.8738214880031423e-08,-1.517113354328761e-09,3.030616675407493,6.642738107176458e-05,-1.1287107017078466e-06,3.632519866505274e-10,3.4011973816621555,3.083574086377022e-05,1.2714856862474044e-08,4.3687590867666966e-11,-3.5370171048046903,-1.1559806211653498,-3.39091020305762e-05,1.1925774308248046e-06,-3.378209992551311e-10,-3.771047607639688e-06,1.2049069466074138e-06,-2.9092413139573334e-10,3.0525850851467737,8.048762019519165e-05,1.7315529948702522e-07,3.096324628151236e-10,3.4949912609485163,0.00011546252617673295,8.976346447931539e-07,-4.752074272205834e-10,-3.094448246493149,3.164505439261431e-05,1.931505134095815e-06,-1.0721810911731634e-09,-0.8230036661487767,-6.005030033396607e-05,1.8604360628523952e-08,-3.1579090285111536e-10,3.4005304926744517,3.072966930841581e-05,8.060757104327403e-09,4.4209758925951106e-11,6.3199496138995155,0.00015778952184780648,2.0439733487792302e-07,-2.770204234469314e-10,6.326051078332377,0.00015848131374133212,2.0429516715929793e-07,-2.6925493464578057e-10,-0.5603841098673066,0.00016997065910196113,4.619882565747825e-08,-4.0094199153845573e-10,1.1559806211653498,3.3909102030576543e-05,-1.1925774308248042e-06,3.3782099925512565e-10,4.802980302316394,-2.111383907587392,-4.3392799622041236e-05,-1.2238194662157034e-06,9.2447388551719e-10,0.00011003358389636009,-8.081041267991456e-07,-1.4529832962745515e-09,-2.117485372020253,-4.408459151556791e-05,-1.2237172984970757e-06,9.1670839671608e-10,1.2864740258376797,0.00014737495205903675,1.353900753961002e-07,-5.52013041680713e-10,0.8073683246499682,8.356098136199684e-05,-1.0321369882002597e-06,6.037658712025877e-10,0.8080352136376718,8.366705291735135e-05,-1.027482888442107e-06,6.032437031443103e-10,7.1856401381330155,8.522568625436017e-05,-8.211683294864685e-07,-1.5720672605460653e-09,4.208565706312124,6.588279776032511,8.355641422923555e-05,-1.0321466786659904e-06,6.038032277680155e-10,0.00011439672222576593,-1.0194221313377856e-06,6.47453462070272e-10,5.213249554157973,4.3825707203591635e-05,-5.880822091014636e-09,-1.5189859405337975e-11,0.0301,0.00010300795456309724,3.7415975008122256e-08,-1.4925119121662914e-09,19662.99,2.0609384167435847,0.002756080104327273,-1.0317434834458005e-05,22.05,-0.00043785290241144247,-3.72538628280518e-05,1.7517893660750352e-08,0.013500000000000002,-1.1002110219450308e-06,3.5026034654023013e-08,2.041150637524695e-11,0.0167,-7.344970311312881e-07,-6.4677718105432495e-09,-1.0394149423757532e-11,3
1961-12-31,0.0406,1.3394488260580094e-06,2.6463720329036223e-09,-4.5159139134043497e-11,0.006799999999999997,-7.59429384028611e-07,1.3771408428040288e-09,-8.233968333940642e-12,-0.022799999999999997,6.329556251980575e-06,3.075837342864714e-08,-7.983672321720502e-11,4.42,-6.565860988955799e-05,-5.805242424130265e-07,-6.464053897505544e-10,5.1,-0.00014160154829241864,-4.4281015813261944e-07,-1.4698022231446148e-09,4.06,0.00013394488260580066,2.6463720329036314e-07,-4.515913913404349e-09,2.6,0.0009010042943356711,2.6127336356533298e-06,-1.2958344971392377e-08,0.0748,9.114656349361894e-05,-1.5005364178140412e-07,-1.2100125331522796e-09,3.092858984284714,-7.594217623472093e-05,-7.879612562587874e-07,2.7784536291069033e-09,3.4011973816621555,3.140318900759498e-05,1.5141094995914466e-08,1.9938842610791268e-11,-3.5684333010380693,-1.1902214916992118,0.00011825742185453143,8.363696934725987e-07,-2.9054318477760767e-09,0.00014898923814946757,8.526313678462734e-07,-2.882470271999134e-09,3.0828269804049246,0.00010301508222526067,1.790266288585024e-07,1.5516853087167512e-11,3.5397992310997837,0.00020865308000577175,7.39431540582999e-07,-1.4934079402283445e-09,-3.1122660898099426,0.00025531862081320383,1.4149561268799098e-06,-4.3922821445592835e-09,-0.8301130356331028,-6.39109548878981e-05,-1.961810947151213e-08,-2.7241210117132584e-10,3.4015306594522756,3.15233537503741e-05,1.1417510339701181e-08,2.508798880487397e-11,6.341529694391061,0.00017872696885684047,1.2996109637031506e-07,-5.385259160411845e-10,6.347679885444238,0.0001795741003224674,1.3126394704139995e-07,-5.33015074198433e-10,-0.5447271754416722,0.00016621764628585125,-4.031744599647468e-09,-2.960412929582961e-10,1.1902214916992118,-0.00011825742185453074,-8.363696934725986e-07,2.9054318477760692e-09,4.817775647545808,-2.0684812222869247,-0.00019396930848611485,-7.873041609844087e-07,3.459474616904443e-09,-2.8172453462999014e-05,-9.258928368528486e-07,6.156956260945529e-10,-2.0746314133401023,-0.00019481643995174076,-7.88607011655488e-07,3.453963775061714e-09,1.3056264580524357,0.0001545574972392206,4.422451463280645e-08,-5.880782484748954e-10,0.8718510904419812,-4.664552863686807e-05,-6.724841596100135e-07,2.9010098582524646e-09,0.8715178126518607,-4.676569337964736e-05,-6.687605749537953e-07,2.8958607120583873e-09,7.197486973660417,-5.5701312987212205e-05,-9.518065961204783e-07,5.346716398489161e-10,4.273048472104136,6.652759798218745,-4.664798637517703e-05,-6.724857417134932e-07,2.901044830634737e-09,-1.524233962927335e-05,-6.573430646141016e-07,2.9209487008632684e-09,5.217131847425213,4.302974460351633e-05,-7.134527055514641e-09,-9.813568306352435e-12,0.064,8.915831184117215e-05,-1.5467472010157417e-07,-1.1811124301949162e-09,19971.55,2.216862898433939,0.001055129211186104,-1.0932534766151945e-05,22.49,-0.0048296267997168215,-2.7810761195203857e-05,8.187095471836055e-08,0.0067,1.8742807656205564e-06,2.9170372621968367e-08,-4.326961741486442e-11,0.016510512060356624,-1.6016334425562375e-06,-6.870013946618159e-09,1.1246644139638137e-12,1
1962-03-31,0.0393,4.18140744735669e-07,-1.0308824588695794e-09,-1.797704635528517e-11,0.006500000000000003,-4.316584379397768e-07,-9.224344870231035e-10,-1.900839066931235e-11,-0.021400000000000002,1.1592899584817858e-05,1.2468021816603244e-08,-1.469217371466497e-10,4.39,-0.00019665615831405,-6.07093253776584e-07,1.6582815094335555e-09,5.04,-0.0002398220021080262,-6.993367024788903e-07,-2.42557557497689e-10,3.93,4.181407447356802e-05,-1.0308824588695613e-07,-1.7977046355285274e-09,2.72,0.0008946100945701245,1.390926283591325e-06,-9.94348371339791e-09,0.08990000000000001,5.353432493626277e-05,-2.691814859384341e-07,-5.525426344035815e-10,3.0652583362026014,-0.0002158265816832032,-1.867812337821699e-07,4.5392821575227344e-09,3.40452517175483,3.3446105415039366e-05,1.161725033572507e-08,-7.1451122826188255e-12,-3.540459448995663,-1.1634069245464842,0.0002539690217619175,2.017319510147132e-07,-4.651181283909801e-09,0.00028624340820548183,2.1317464352708327e-07,-4.650061237144261e-09,3.08922261664133,0.00011339624595231232,1.4465634562254714e-07,-1.1311226462559724e-10,3.591266625246936,0.00026681419287479316,4.847802764484865e-07,-1.9393350577330958e-09,-3.0386397745652673,0.000441279649037055,5.555252579574524e-07,-6.4894436625748785e-09,-0.8380248536952878,-6.95256088195378e-05,-4.2049582453003214e-08,-1.9969300922222875e-10,3.40684805317097,3.270245927834425e-05,9.416138742383045e-09,4.164551062488306e-12,6.364082719651143,0.00018598476652344347,3.8930551753201277e-08,-5.695841908022138e-10,6.37025879551796,0.00018717483346421398,4.1139268969296086e-08,-5.696643080288671e-10,-0.53096192402668,0.00015862200209085416,-2.6320003938756575e-08,-1.0519928537994821e-10,1.1634069245464842,-0.0002539690217619172,-2.0173195101471384e-07,4.651181283909797e-09,4.80842030975379,-2.1114531784633286,-0.0003265575423330516,-9.600615714536564e-08,5.107653210086435e-09,-0.000162833151725051,-6.82499472784429e-07,2.6438887792236732e-09,-2.1176292543301454,-0.0003277476092738204,-9.821487436145056e-08,5.107733327313088e-09,1.324418957401803,0.00014842149023435515,-2.8054963026238182e-08,-4.2064132627403233e-10,0.848104369432984,-0.00017401888122464776,-6.869285572789486e-08,4.5452141315668474e-09,0.8457814880168444,-0.0001732752350879512,-6.649174413454716e-08,4.533904468221735e-09,7.184761678645054,-0.00019346587940355793,-7.149366708901093e-07,2.6132871107963606e-09,4.252629541187814,6.629019733410817,-0.000174021959932974,-6.868440108656602e-08,4.5452522141420295e-09,-0.00014057277580960676,-5.7075605392165763e-08,4.538069019284226e-09,5.221012902829543,4.222136758290709e-05,-7.836835827195528e-09,-3.935573191452377e-12,0.0757,5.183643094231336e-05,-2.6942781228027076e-07,-5.423229814591276e-10,20249.84,2.115736147411141,-0.0002850596236288524,-7.663350010531218e-06,20.86,-0.008456920615428312,-1.1702006686563106e-05,1.2321572598311034e-07,0.0101,5.51312244188205e-06,1.684393697607278e-08,-8.818933588346599e-11,0.016118415337465396,-2.3781613808324246e-06,-5.601324076308367e-09,1.1619824182362548e-11,1
1962-06-30,0.0391,3.638539687097727e-07,1.8436309028262818e-09,5.051318338838157e-12,0.007399999999999993,-6.416281783442961e-07,-4.332416647312851e-09,-2.1460641064951606e-11,-0.01319999999999999,1.1003272786495411e-05,-8.08631383923958e-09,-1.5172043031585488e-10,4.28,-0.0002460557442353753,-1.5997697187549689e-07,3.3162978123134167e-09,5.02,-0.0003102185620698042,-5.932186366067786e-07,1.170233705818246e-09,3.91,3.6385396870976944e-05,1.8436309028263123e-07,5.051318338838109e-10,2.73,0.0009226055290872986,8.190017540959841e-07,-6.039143941658508e-09,0.08070000000000001,8.294716718393694e-06,-2.717927813658042e-07,1.77993449757949e-10,2.8231630082027146,-0.00018505484929964288,3.957055018811916e-07,4.408261639833311e-09,3.407841924380824,3.5601231237372e-05,9.866969154965224e-09,-2.846231988324757e-11,-3.2968373663379125,-0.9231450155634947,0.00021656068096212873,-4.1020337320870655e-07,-4.418666307168543e-09,0.000251518197180544,-4.008124560999563e-07,-4.4365147196117925e-09,3.095577608523707,0.00012057632427863174,1.0324863984659227e-07,-1.2290045057695132e-10,3.6171148878846253,0.00029072502322717087,2.2906247352491048e-07,-1.8586428778553741e-09,-2.774190003606755,0.0004233460427885315,-2.741017965039447e-07,-6.194904485597765e-09,-0.8443495907831812,-7.482007137887183e-05,-4.646437175813792e-08,-1.424606783383081e-10,3.4081729953985804,3.4287940806396884e-05,8.352822979428994e-09,-1.291993879360577e-11,6.386901204645046,0.0001796373627262815,-2.96145944653858e-08,-3.9279263990155943e-10,6.392945060585698,0.0001811836421270266,-2.7790925952826962e-08,-3.99008047189976e-10,-0.5202650990347607,0.0001531733025109342,-1.7122578706691455e-08,7.914840751342324e-11,0.9231450155634947,-0.00021656068096212854,4.102033732087047e-07,4.418666307168543e-09,4.728036961726676,-2.368178580557844,-0.00027562171940978054,5.430666075206869e-07,4.688558496493156e-09,-0.00023498167960122953,-1.829207178822963e-07,3.7921739767970745e-09,-2.374222436498496,-0.0002771679988105232,5.412429390081381e-07,4.694773903781563e-09,1.332366019094335,0.000136335880230724,-5.597818487588488e-08,-1.5924420796039341e-10,0.610880699706378,-0.00013158558792087147,5.035850439003307e-07,4.324228176474863e-09,0.6105496286886213,-0.00013027229748989455,5.050991900758746e-07,4.308685795385206e-09,7.101292169791055,-0.0002692760307923536,-2.1437634501138158e-07,3.816999507408243e-09,4.018722624087202,6.391783101063267,-0.00013158840208821464,5.035925591631714e-07,4.324263333352236e-09,-9.598435668349975e-05,5.134520130553052e-07,4.2957658565916185e-09,5.224893940936539,4.153279234696619e-05,-7.80265590193748e-09,6.050886384315753e-13,0.0673,8.874059014724035e-06,-2.705172289566207e-07,1.536749537537655e-10,20355.01,1.910210598226024,-0.0007912824325254301,-2.6808614304234852e-06,16.03,-0.008216081309806398,4.247349475785045e-06,1.191882273772529e-07,0.0134,6.197652887282065e-06,6.246827027271813e-09,-9.715115173401714e-11,0.01571276720631664,-2.8446102658369957e-06,-3.455698244085448e-09,1.774898680201089e-11,1
1962-09-30,0.0398,4.813995773435547e-07,6.976378300874767e-09,1.526954060669981e-11,0.0070999999999999995,-1.4633266282916013e-06,-7.513093076548984e-09,-1.4417447576092888e-11,-0.014400000000000003,6.309343036740519e-06,-2.857168321812989e-08,-9.938735160650102e-11,4.32,-0.0002434487673117991,5.158211409615102e-07,3.852686887906594e-09,5.03,-0.0003897814301409598,-2.3548816669338953e-07,2.4109421302972988e-09,3.98,4.8139957734354837e-05,6.97637830087476e-07,1.5269540606699802e-09,2.78,0.001055387109478776,8.306622225402568e-07,-3.5344034488665756e-09,0.0729,-2.4588050270402616e-05,-1.7047599802462848e-07,7.136832629511696e-10,2.851861903134289,-2.211805773063777e-05,9.487531010285345e-07,2.584356200444494e-09,3.414442608412176,3.5490789335190784e-05,7.526061702640531e-09,-3.086707676781225e-11,-3.3270179834879037,-0.9617029869181992,5.182978887187922e-05,-9.539167256381147e-07,-2.473724386952102e-09,8.637658304247591e-05,-9.439438926419589e-07,-2.48809130886219e-09,3.09874002362822,0.00012812400970039703,9.392552432964607e-08,-5.31718854173718e-11,3.627801604605346,0.0002895462692501516,5.623318735835307e-08,-1.3764035013800305e-09,-2.7985221042662856,0.0002496348857320911,-9.84794454727821e-07,-3.839797105531891e-09,-0.8511575961171225,-7.934026745440528e-05,-4.681737264307402e-08,-1.2062720144670913e-10,3.4151002868311466,3.4334608080636984e-05,7.450976865980807e-09,-1.6265973753048248e-11,6.397539469241772,0.0001660295945796031,-5.394622371184186e-08,-1.125411460336978e-10,6.404166737580308,0.0001678229668213488,-5.379161489637292e-08,-1.232372714024267e-10,-0.5092256002542708,0.0001527243679179501,1.276226572603904e-08,1.9774717320656096e-10,0.9617029869181992,-5.182978887187904e-05,9.539167256381136e-07,2.4737243869521016e-09,4.644258031764852,-2.3370964586953527,-8.973537375108579e-05,1.101788473679609e-06,2.533093647568425e-09,-0.0002060626516249553,3.840676415670335e-07,3.5961129950196084e-09,-2.343723727033889,-9.152874599282907e-05,1.1016338648641417e-06,2.543789772937134e-09,1.3454723665996355,0.00012576634842366639,-3.803267840342276e-08,8.466406647385918e-11,0.6460004021342434,4.08034314933252e-05,1.0403161882651229e-06,2.451419578302563e-09,0.6453427237152725,4.195961274788117e-05,1.0403912731017878e-06,2.436818475287779e-09,7.014345320815697,-0.00024387624345654363,3.5912577809426815e-07,3.668636659963803e-09,4.060443010546419,6.426909080957333,4.080351463593423e-05,1.0403225687676424e-06,2.451434553241103e-09,7.629422082851556e-05,1.0478422499677648e-06,2.42055250153475e-09,5.228645693298717,4.086670436573153e-05,-7.145836024680043e-09,3.430766112229507e-12,0.0601,-2.3136914451449998e-05,-1.734827920163813e-07,6.665190516743692e-10,20529.49,1.7401570945977825,-0.0004093615855351746,1.930024862956653e-06,16.43,-0.005055196463742589,1.8112010313335945e-05,7.599409422108776e-08,0.013300000000000001,4.675815501884744e-06,-5.080399001737586e-09,-7.496760264849267e-11,0.0155,-2.9510977664833375e-06,-1.0745578058641454e-09,1.8054640889534878e-11,0
1962-12-31,0.038599999999999995,1.6300327176283532e-06,9.503431925519941e-09,7.197662808533513e-12,0.006799999999999997,-2.468856510861608e-06,-8.963811095743095e-09,-8.924311900532527e-13,-0.015199999999999998,1.8854551719678928e-06,-3.791441744194711e-08,-2.7676573267219887e-11,4.24,-0.00015841750663120115,1.0147148947822614e-06,2.960951039934566e-09,4.92,-0.00040530315771736063,1.183337852079483e-07,2.871707920929231e-09,3.86,0.0001630032717628363,9.50343192551993e-07,7.197662808533438e-10,2.87,0.0011342630560710997,9.624612870434396e-07,-2.6612463428210762e-09,0.0545,-3.410334925756105e-05,-2.604983955903126e-08,8.82718988989783e-10,2.922623801733353,0.00011836197114391892,1.1841499696773188e-06,3.320917801735166e-10,3.414442608412176,3.527357749084775e-05,2.6745975961374887e-09,-2.2421147314712265e-11,-3.3813947543659757,-1.0145986955650805,-8.910121783628974e-05,-1.151144497006818e-06,-1.2403982001673512e-10,-5.5295478470627354e-05,-1.1442532806620009e-06,-1.2557074513847236e-10,3.122805356117467,0.00013429221487896507,1.1021771075120601e-07,4.3300007411630566e-11,3.6666338451666167,0.00027210190594241165,-2.1747812285917186e-08,-7.30470443973326e-10,-2.83702058239917,8.416922277684896e-05,-1.2829420194861458e-06,-9.258032322970378e-10,-0.8603830999358592,-8.185176813669416e-05,-5.6279488128769106e-08,-1.3907050454055074e-10,3.4137844971676268,3.440182023835767e-05,4.811226391906931e-09,-1.188642701166705e-11,6.4118626017025,0.00015536735406141978,-3.3649340587746046e-08,1.3937561962481535e-10,6.418492170908383,0.00015716823090767136,-3.530941314711073e-08,1.2799274345188078e-10,-0.4942963218147801,0.00015689781204879724,4.602763393584924e-08,2.366475114683249e-10,1.0145986955650805,8.91012178362894e-05,1.1511444970068182e-06,1.2403982001673877e-10,4.631700373497328,-2.274458550019953,6.80260786538319e-05,1.2950115483457756e-06,2.796420780355323e-11,-0.00010395922363837865,8.066364036160714e-07,2.25156292187999e-09,-2.2810881192258354,6.622520180758588e-05,1.2966716209051387e-06,3.934708397645343e-11,1.3480731482996928,0.000122223817540695,3.830623738694031e-10,2.2095264538306175e-10,0.7229614432703718,0.0001881198552244035,1.258687610161893e-06,1.8976097474310024e-10,0.7236195545149209,0.00018899161247689695,1.2565509813661233e-06,1.7922625444002987e-10,6.998165245801967,-0.00014410147224479115,7.92284122464662e-07,2.3504016307414587e-09,4.137404051682548,6.503868923987187,0.00018812034958096274,1.2586979037797085e-06,1.8976620569574167e-10,0.0002233934327152548,1.2613622077580277e-06,1.6733982742836173e-10,5.23233096060194,4.015968655691274e-05,-6.423589148588941e-09,4.409060607593849e-12,0.0431,-3.3648306427028046e-05,-4.05861780080225e-08,8.332753856843179e-10,20522.91,1.7022441704383966,0.00035790741822387705,4.543235300024648e-06,17.07,-0.001966870582953209,2.410801930274781e-05,2.1292859967457966e-08,0.013300000000000001,3.908904953755572e-06,-1.2285999532656472e-08,-4.2588869683908806e-11,0.015303631309639647,-2.850526308499735e-06,9.023736011229901e-10,1.3662420872274414e-11,0
1963-03-31,0.0393,3.4806223750604978e-06,9.280495007239273e-09,-1.2159766149591028e-11,0.006899999999999995,-3.556053229562243e-06,-7.825514135658179e-09,1.469762027344964e-11,-0.016099999999999996,-2.4357038305881144e-06,-3.071326518468817e-08,4.286996136114733e-11,4.19,1.5976191853730308e-05,1.2062519137249524e-06,9.034574173441993e-10,4.88,-0.0003396291311024924,4.2370050015913576e-07,2.3732194446891642e-09,3.93,0.00034806223750605064,9.28049500723929e-07,-1.2159766149591066e-09,2.89,0.001215098210462918,6.78219478451826e-07,-2.91571616231885e-09,0.0466,-1.9361379538043202e-05,9.186257541491657e-08,6.839970155332233e-10,2.9595868269176377,0.00024084809855431794,9.232275602819676e-07,-1.738159794181712e-09,3.417726683613366,3.585426577782311e-05,-6.768373243987286e-10,-1.1086204067472825e-11,-3.4203802010789293,-1.0561288154150719,-0.00020823139144980645,-8.518172078588631e-07,1.9569909250304954e-09,-0.00017274123684585946,-8.461440037002736e-07,1.958174965562397e-09,3.1285133847878095,0.00014345526989363727,1.3139520922307826e-07,7.8092083030975e-11,3.674273301724574,0.0002598947070790336,-3.307714959791429e-08,-2.1732218654951897e-10,-2.873514640829742,-5.6010098370699865e-05,-1.0206330170258172e-06,1.6498968869206308e-09,-0.8692093908347058,-8.44056337216183e-05,-7.425041941706254e-08,-1.6701471211602586e-10,3.418054498728578,3.540489898777172e-05,2.9905976808105162e-09,-5.096975332914167e-12,6.417189694223507,0.00015369233261464804,1.1485419642604066e-08,2.6972025312258153e-10,6.424885231229478,0.0001550957532410746,8.607991833908414e-09,2.624604418728801e-10,-0.47881865740759066,0.00016389114693479034,6.931889154119033e-08,2.1456548246790247e-10,1.0561288154150719,0.00020823139144980613,8.518172078588629e-07,-1.956990925030492e-09,4.639781816476953,-2.232547494020625,0.00019799432872879449,9.71726997439337e-07,-2.1486190951221094e-09,2.2890171947023696e-05,9.247860467575059e-07,3.552880917039932e-10,-2.2402430310265964,0.00019659090810237174,9.746044252480337e-07,-2.1413592838724248e-09,1.358409157630355,0.00012861819076145955,3.60950437558686e-08,2.1623536617201856e-10,0.7669155165895153,0.0003158323955656184,9.83889254406346e-07,-1.8678126379320325e-09,0.766587701474303,0.00031628176235567334,9.80221819401134e-07,-1.8738018666666165e-09,7.002495958727982,-1.802188315788017e-05,9.229697553256867e-07,4.513188070697571e-10,4.184642200202881,6.547832208444176,0.000315831899334848,9.838995630297844e-07,-1.86780955748696e-09,0.00035168666134344494,9.832124170819498e-07,-1.8788988419995313e-09,5.235907795824191,3.9581185186225024e-05,-6.008883458292888e-09,3.2119130169919574e-12,0.036000000000000004,-2.0706498057208263e-05,6.801596079416484e-08,6.507101675568802e-10,20672.58,1.853587744516966,0.0010489009961275227,4.4894049081047875e-06,17.7,0.0007366212803747247,1.9541295556191667e-05,-2.8087908787802365e-08,0.013300000000000001,2.439202406362363e-06,-1.211947288727172e-08,-4.040374019822938e-12,0.015013028112067619,-2.6236001982752326e-06,1.9590446747990672e-09,6.590710580099664e-12,0
1963-06-30,0.039900000000000005,4.615744914673414e-06,6.5069319072952174e-09,-2.4343151619146514e-11,0.006099999999999994,-4.495404802199625e-06,-4.963599207367614e-09,2.726467015686114e-11,-0.016999999999999994,-5.852360706617765e-06,-1.7265351649824207e-08,9.127100020078876e-11,4.23,0.00019030997164011244,1.1393343201849188e-06,-1.0733721706607603e-09,4.84,-0.000259230508579851,6.429743994481573e-07,1.6530948450253763e-09,3.99,0.00046157449146734113,6.506931907295217e-07,-2.4343151619146446e-09,2.99,0.0013402489210020817,1.4221525967960028e-07,-3.3864467491217028e-09,0.0489,7.908455639846158e-06,1.4349892391550708e-07,2.971832444741005e-10,3.0145540277945786,0.0003378585459621726,4.74153088234246e-07,-3.1878083737935904e-09,3.4210000089583352,3.5776653816735335e-05,-6.864828355091127e-10,8.4065453907648e-12,-3.460947386067929,-1.1016120766472213,-0.00029478342794411733,-3.8084818068272675e-07,3.300517353974627e-09,-0.00025831315188296137,-3.7182937986948635e-07,3.3076241771689167e-09,3.1484533605716547,0.00015838726900874663,1.4399634070277612e-07,5.139545477445801e-12,3.7054907199191334,0.00026568130796765787,2.401115440401324e-09,3.511702425971184e-11,-2.9040650850281673,-0.0001518453550219432,-5.252864639222009e-07,3.3423813426428797e-09,-0.8740052855023777,-9.168673450422188e-05,-9.655568756350059e-08,-1.508699972001124e-10,3.421326752957321,3.5546914428871004e-05,3.0349129253102625e-09,1.0940458264169784e-11,6.432412622461478,0.00016119636580747416,5.4994765584943806e-08,2.604317553460105e-10,6.4396362727183485,0.0001619841523944232,5.1575041504108284e-08,2.591365328799462e-10,-0.46343457871101995,0.00017258843972215625,8.170991153995309e-08,1.6239517073040823e-10,1.1016120766472213,0.00029478342794411766,3.8084818068272697e-07,-3.300517353974629e-09,4.683846186348518,-2.1823471852426017,0.00029197433114539,4.698497558005615e-07,-3.5558095638432106e-09,0.00013766151268847365,7.589056764684246e-07,-1.4215240717465387e-09,-2.189570835499472,0.0002911865445584416,4.732694798813921e-07,-3.554514341377138e-09,1.3711807233098425,0.00013926029561377434,5.879934539754056e-08,1.3683902858254075e-10,0.8290654282605411,0.00041739404313612756,5.255310042210185e-07,-3.303784353887944e-09,0.8287386842615553,0.00041762378252399433,5.218096084601947e-07,-3.3063182667613676e-09,7.042495811908671,9.762985327127077e-05,7.685742091500382e-07,-1.3584804543976174e-09,4.250065437218876,6.609968997171832,0.0004173949579656014,5.255411228513447e-07,-3.3037977023100485e-09,0.00045317069695286204,5.248445213855073e-07,-3.295377808497181e-09,5.239475737660792,3.915972355406638e-05,-5.802372334368059e-09,3.0048780996406913e-13,0.0382,2.8673598976190426e-06,1.1935424767093572e-07,3.0082030886928007e-10,20829.84,2.0977750108144706,0.0015108840603201956,3.073946169278897e-06,18.26,0.0026109843015303335,1.0532380999823044e-05,-6.106124381438437e-08,0.0132,2.4306983852630203e-07,-1.0421088550742579e-08,3.652948109013408e-11,0.014712861451791152,-2.32791368415691e-06,2.0668560829532738e-09,-1.1023836199880707e-12,0
1963-09-30,0.0408,4.786132980713642e-06,9.802750267562307e-10,-2.0870041003739266e-11,0.005300000000000003,-4.7507957880253965e-06,-1.201272197731022e-09,3.294365800552493e-11,-0.0181,-6.159054978529426e-06,-4.356381795756855e-09,9.321275335377486e-11,4.31,0.0002883000974563253,8.073687206617965e-07,-1.8511899214786808e-09,4.84,-0.0001867794813462144,6.872415008886921e-07,1.4431758790738375e-09,4.08,0.00047861329807136476,9.802750267562085e-08,-2.0870041003739204e-09,3.38,0.0013559467497433885,-3.431507673990261e-07,-2.7857056469684225e-09,0.0582,2.9031245893071194e-05,1.2132826752933688e-07,-5.059649164310875e-11,3.0426158594528414,0.0003429943375380058,5.986522576638373e-08,-3.421959939792792e-09,3.4242626545931514,3.565817613593175e-05,1.7249619207114135e-09,3.9724441603150975e-11,-3.4966075664668135,-1.1386624466078752,-0.00028632203472777967,3.6830741284734414e-08,3.3506657117095822e-09,-0.0002493974810711404,4.724931562964061e-08,3.3763257031737546e-09,3.1497400860333387,0.00017618411244781014,1.4297605815345957e-07,-1.4675276334049715e-10,3.7328963395307104,0.0002719127677021656,4.1963663510669076e-08,9.219164560336668e-11,-2.91139112512024,-0.00015563073717065717,-6.290488133414404e-08,3.6379248384691553e-09,-0.879136637213823,-0.00010415286855723175,-1.1846492119365067e-07,-7.912418634152004e-11,3.4249139082794713,3.5781279667280316e-05,3.89755189225473e-09,3.831511835470904e-11,6.445326091091115,0.00017338652971910783,8.018492321472634e-08,1.7209639547227226e-10,6.452189323133975,0.00017383940995911867,7.723116981383528e-08,1.7463191689241351e-10,-0.4475558966670029,0.00018111276861053149,9.12926407180971e-08,1.1195938647445521e-10,1.1386624466078752,0.00028632203472778,-3.683074128473365e-08,-3.3506657117095855e-09,4.729162193926833,-2.1569235584499005,0.0002891196174564816,2.596039365400355e-08,-3.6695148705223526e-09,0.0001991420602922782,4.412583738345704e-07,-2.5115692274476465e-09,-2.1637867904927615,0.00028866673721647285,2.8914147054887246e-08,-3.672050391942494e-09,1.3912819026309295,0.0001453603365158108,5.8737269021183005e-08,7.067884168875102e-11,0.8641398780480624,0.0004268479710396591,1.0442035494802141e-07,-3.537142916653237e-09,0.8634886243617423,0.00042672486750831124,1.0224776497647256e-07,-3.5357335934048043e-09,7.083564620732451,0.0001610969565846318,4.57781352355236e-07,-2.5044126030216007e-09,4.288402532641213,6.645051957041157,0.00042685068912124563,1.0443107755542256e-07,-3.5371798423629714e-09,0.0004625061471755905,1.0614531686872337e-07,-3.4974184750500862e-09,5.2430160507629475,3.872704549279099e-05,-5.799765913433291e-09,-2.949983949543924e-12,0.0482,1.970455265655094e-05,1.0143956882723933e-07,-1.0479230235217323e-11,21213.05,2.2456697668796637,0.0015591917382540542,2.069766459206154e-06,18.4,0.002736437399157338,1.911058788809851e-06,-6.752330095292894e-08,0.009899999999999999,2.749751313011557e-07,-5.6573962185568635e-09,7.024858970086881e-11,0.014499999999999999,-2.075465611727276e-06,1.3739029443169132e-09,-7.309270539494996e-12,0
1963-12-31,0.041299999999999996,4.472362989825556e-06,-3.2752213798728344e-09,-4.020548631391412e-12,0.005,-4.478816977747837e-06,2.749659414477273e-09,3.248047869630285e-11,-0.017799999999999996,-4.494944115043895e-06,6.370272216002662e-09,5.752185118845276e-11,4.35,0.0003189014122014826,3.730451693766872e-07,-1.1750364652400643e-09,4.85,-0.0001289802855732998,6.48011110824419e-07,2.0730114043902376e-09,4.13,0.0004472362989825562,-3.275221379872828e-07,-4.0205486313913937e-10,3.52,0.0012392601933585532,-6.616692529422572e-07,-6.495809697212803e-10,0.068,3.769812333069639e-05,5.8783430890089084e-08,-2.249184647218523e-10,3.046425387869509,0.0002911362385573116,-2.883472247382476e-07,-2.7283112309607e-09,3.4307561839036995,3.477420987650637e-05,5.634364822646891e-09,7.654970986978102e-11,-3.4834926243889854,-1.1320629742782333,-0.00022125913018221938,3.709173201939864e-07,2.4730476880866573e-09,-0.00018359046524876188,3.809269679466596e-07,2.5200372354662053e-09,3.1742967814702334,0.0001926756556868907,1.2464138711476194e-07,-3.087238193338928e-10,3.741471904233107,0.0002783916877743896,4.267203905942183e-08,1.592678977117423e-11,-2.9150743705365367,-0.0001015127421119373,2.942214190465689e-07,2.8825103632609058e-09,-0.8891620644859024,-0.00011809737972441198,-1.2710312356107872e-07,1.0851694965370632e-11,3.4301087251565754,3.553001171891015e-05,7.30341560564143e-09,7.145884540825285e-11,6.468387929542881,0.0001827347145508293,8.103608957096366e-08,9.164600173128134e-11,6.475250881991342,0.00018301037170436463,7.935823884607685e-08,9.511876071787796e-11,-0.4307829160924542,0.0001880312384161884,1.0046529142314345e-07,7.637129822821732e-11,1.1320629742782333,0.00022125913018221938,-3.70917320193987e-07,-2.473047688086658e-09,4.737142671840921,-2.1620281737944143,0.00023120007131827817,-3.2731202265019066e-07,-2.873417509151816e-09,0.00020178022932275386,8.605146431541304e-08,-2.783788890165798e-09,-2.1688911262428756,0.00023092441416474666,-3.256341719253005e-07,-2.8768902681384174e-09,1.3987168811184478,0.00014931835746137667,4.392255899753555e-08,3.8046450269697405e-11,0.875603571844767,0.0003791605759926039,-2.519102979018647e-07,-2.858321217290335e-09,0.8762510305918915,0.0003784047741502008,-2.5357934868486477e-07,-2.8532303528288107e-09,7.087290907396847,0.00016605958074728254,1.0061259248964118e-07,-2.8439438251850527e-09,4.306359755748467,6.656507991304393,0.0003791646550143996,-2.519042411889004e-07,-2.8583805151154166e-09,0.000413934785869112,-2.4627593307922217e-07,-2.7817715074205575e-09,5.246529984682685,3.817885858153555e-05,-6.215773063262789e-09,-5.2282716726683225e-12,0.0516,2.7273444659403307e-05,4.679103430570856e-08,-1.802743605910645e-10,21277.96,2.355445349186323,0.001326611607521373,1.6883642589114699e-06,18.45,0.0017980271213699523,-4.896292080528532e-06,-5.389606819983457e-08,0.016399999999999998,-4.2141251478385686e-07,3.0060930816806304e-09,9.921823960327482e-11,0.014325764293540048,-1.9358335059504964e-06,1.1006906858658458e-10,-1.0496072191497433e-11,0
1964-03-31,0.042199999999999994,3.5147329505846944e-06,-2.6029935236015013e-09,2.3461656496617913e-11,0.004500000000000001,-3.9522712972463475e-06,5.701857787626669e-09,2.8782633378843578e-11,-0.0187,-2.9216788201107506e-06,1.0337571765516791e-08,1.0143285148848614e-11,4.38,0.0003146121993948078,1.6444868031198756e-07,7.739033895280686e-10,4.83,-8.061493032982744e-05,7.346344590746649e-07,3.6521667274124396e-09,4.22,0.0003514732950584694,-2.6029935236014666e-07,2.3461656496617905e-09,3.54,0.0010765300154822605,-6.34945220884407e-07,2.538865282215063e-09,0.0775,3.424303624624366e-05,1.1639281742856333e-08,-2.033194981353411e-10,3.09874002362822,0.00023392404206599784,-4.840382481968883e-07,-1.8662797319333193e-09,3.4307561839036995,3.530800328310699e-05,1.2375955191194563e-08,1.0659888794500193e-10,-3.519980917652122,-1.1706918625604388,-0.00015935908250822186,5.311141253100729e-07,1.4790255069216594e-09,-0.00012052355955803756,5.444252060200591e-07,1.5477987212737043e-09,3.1962211343033946,0.00020143845685481333,8.340948968262788e-08,-4.3196470427083806e-10,3.7805466426397603,0.0002858420267092404,2.371438062082745e-08,-1.3803416386774565e-10,-2.9374633654300153,-3.981190095464215e-05,4.841556185753521e-07,1.88210904074707e-09,-0.9010328205461788,-0.00013155930742788543,-1.1369551030585943e-07,8.296066085254666e-11,3.43204984514492,3.592798414132695e-05,1.5001876638471325e-08,1.035070260431301e-10,6.483012545740037,0.00018909123365885432,6.782753040490468e-08,5.597163045879325e-11,6.49006018858884,0.00018929993600283606,6.687249354238034e-08,5.728522651908341e-11,-0.41355573727507633,0.00019614090311189888,1.0639831510603099e-07,2.932665574050566e-11,1.1706918625604388,0.00015935908250822186,-5.311141253100747e-07,-1.4790255069216619e-09,4.740862645214576,-2.1160995488762038,0.0001717063057041817,-5.155321660323517e-07,-1.9669618416512832e-09,0.00017796231000307485,-2.010516276941434e-07,-2.535305485724485e-09,-2.123147191725007,0.00017149760336019997,-5.145771291698235e-07,-1.9682754377115628e-09,1.4206957878372228,0.00015211173137100257,4.2004603230430106e-08,3.256651200424993e-11,0.9361568129601336,0.00032548953607992854,-4.600805908186355e-07,-2.0175890991375025e-09,0.9348631517189133,0.0003248695552217094,-4.627065122659181e-07,-2.014497237235632e-09,7.087293482491261,0.00014460895657931878,-1.9760068535454358e-07,-2.66306222579507e-09,4.366912996863833,6.717066817054577,0.0003254953664083127,-4.600821048902899e-07,-2.0176602195238876e-09,0.00036079753936303497,-4.4770463562744013e-07,-1.9109902111924873e-09,5.25007779489884,3.75512976333689e-05,-7.087095002997856e-09,-6.004769338617743e-12,0.0622,2.4500561329855704e-05,9.784433927988888e-09,-1.8410227321610905e-10,21651.38,2.461575047582488,0.001403616988090178,1.6259532572998574e-06,18.85,0.0007102813437453448,-8.540755254882464e-06,-3.495456924016318e-08,0.0131,-4.5451792208740946e-07,1.3016084981574654e-08,1.1859727350830554e-10,0.014261505169162908,-1.980691379576736e-06,-1.3288169669069367e-09,-1.0022752431972783e-11,1
1964-06-30,0.0417,2.4584819552032597e-06,2.129535884410847e-09,4.874113641934481e-11,0.004399999999999995,-3.1501265820581554e-06,7.661950133897367e-09,2.4524167863071635e-11,-0.018799999999999994,-1.49268269546245e-06,6.358814142287661e-09,-3.435036848855868e-11,4.41,0.00027826458565588866,3.490726507071405e-07,3.2678447851894813e-09,4.85,-3.674807254992543e-05,1.1152676640968865e-06,5.720261571496642e-09,4.17,0.00024584819552032623,2.1295358844108735e-07,4.874113641934468e-09,3.48,0.0009573698519742706,-2.7661927576098855e-07,5.150881651068618e-09,0.07769999999999999,2.3283950404549108e-05,4.123021254205445e-09,-8.108095645512072e-11,3.104586678466073,0.00017676844026777994,-5.378662895399249e-07,-1.1680948001546573e-09,3.4339872044851463,3.734972722807053e-05,2.5961741628322513e-08,1.2747238746165624e-10,-3.516608233173483,-1.1709578757827013,-0.00010081611116779278,5.295911212958144e-07,6.804739676129488e-10,-6.0876750550365596e-05,5.522244480653761e-07,7.759358927900346e-10,3.2140642678709788,0.00020714799078809797,2.400550409533267e-08,-5.23505487327536e-10,3.8124236402053913,0.0002848499985506611,6.743083597204201e-09,-2.8119039079473106e-10,-2.9187712324178627,1.4091497544364145e-05,5.396379956931406e-07,1.0498972267370756e-09,-0.917186866434745,-0.0001431023033226961,-8.944113831964442e-08,1.1162320590950953e-10,3.4343097331123578,3.740613359097672e-05,2.777090456693089e-08,1.271598403943975e-10,6.507012005446258,0.000193515061167511,6.664431352243913e-08,6.330429098466134e-11,6.514534897290409,0.00019381580452045992,6.54328003660658e-08,5.944424224601384e-11,-0.39466240781691214,0.0002079829813807279,1.1091977688924426e-07,-5.782970627159602e-11,1.1709578757827015,0.00010081611116779278,-5.295911212958152e-07,-6.804739676129503e-10,4.762997210305462,-2.1219898617925783,0.00011444904078837873,-5.722299307229136e-07,-1.2672837459251335e-09,0.00014227324321654036,-3.71731951992606e-07,-2.0796075030344025e-09,-2.12951275363673,0.00011414829743543256,-5.710184175665455e-07,-1.2634236971864884e-09,1.430311246536665,0.00015233281902030227,5.7802985870238537e-08,3.8272992942346096e-11,0.9510349391685339,0.0002706143747278211,-5.315473588288012e-07,-1.33145184240215e-09,0.9507124105413224,0.00027055796836491597,-5.333565217674153e-07,-1.331139295334891e-09,7.108837574906323,0.00010972519324357888,-3.8485404609925804e-07,-2.2576928048506814e-09,4.38502214365368,6.7319484551574265,0.00027061839304289015,-5.315589140609274e-07,-1.3315084304441153e-09,0.00030796410195589043,-5.055856172004805e-07,-1.2039794549404725e-09,5.253569710843779,3.689822561143002e-05,-8.043235135066787e-09,-5.470256136863274e-12,0.061799999999999994,1.3917607568641088e-05,4.5315305671642365e-09,-1.0003160109162361e-10,21811.61,2.5170233705638623,0.0018697463049088935,1.5920659605682839e-06,18.53,-0.0002626182687194917,-9.579309605180786e-06,-1.8515717299290282e-08,0.0131,1.6609463238116164e-06,2.6811752113837346e-08,1.2074844846932641e-10,0.01419028570155851,-2.2360668274951675e-06,-2.5240907378035924e-09,-6.3145972615245345e-12,1
1964-09-30,0.042,2.66165034237515e-06,9.844848809660771e-09,5.201417000551429e-11,0.0040000000000000036,-2.3884221814229733e-06,9.299714528897257e-09,2.1794989603622005e-11,-0.018899999999999997,-9.504998254225453e-07,-1.5531638680192874e-09,-6.403880352573163e-11,4.42,0.00027012006193865776,9.161558298345591e-07,4.9419770483659525e-09,4.82,3.1277843796363726e-05,1.846127282724292e-06,7.121476008728126e-09,4.2,0.0002661650342375164,9.844848809660782e-07,5.201417000551399e-09,3.53,0.0009945790672540762,4.97538551487887e-07,4.949564407265889e-09,0.0738,1.943172175337029e-05,2.4613133969775624e-08,-3.8849509067406814e-11,3.1307001339644756,0.0001377335592932169,-5.648352131412059e-07,-7.003038270334866e-10,3.4372078191851885,3.940098758877589e-05,4.2667604855235894e-08,1.3722831349025072e-10,-3.5301677629591155,-1.1882319404922124,-6.222533275055016e-05,5.047784823434385e-07,1.337668623483467e-10,-2.1060778351661425e-05,5.397378831572743e-07,2.4825988804446537e-10,3.2355362657613083,0.00020891705316945715,-3.048373381629371e-08,-5.793328073380086e-10,3.841171264456195,0.00027975271675901583,-2.230286632994479e-08,-4.3390019414089514e-10,-2.926206210905381,4.759805998265365e-05,5.559900905725394e-07,4.1460708913570797e-10,-0.933871233712345,-0.0001492951638419957,-7.212115218823972e-08,7.311109166914562e-11,3.436564525499447,4.0226196681802244e-05,4.354261318315328e-08,1.3086834585231434e-10,6.520140894444907,0.00019563571864190387,8.406500786366311e-08,8.834880572990369e-11,6.5272983434261596,0.00019598952765372823,8.217625482594381e-08,8.043104773675324e-11,-0.37514551302888044,0.00022038448106932344,1.0997580601654111e-07,-1.7040425412839507e-10,1.1882319404922124,6.222533275054964e-05,-5.047784823434388e-07,-1.3376686234834396e-10,4.785013680053886,-2.0963726881913867,7.550666727810101e-05,-6.193272240233866e-07,-8.014484754162378e-10,9.729167590802196e-05,-4.946812723498548e-07,-1.5927040417544657e-09,-2.103530137172639,7.515285826628152e-05,-6.174384709856699e-07,-7.935307174231069e-10,1.4469189829363254,0.00015576951928013942,7.133008661833471e-08,-1.6647487498945186e-11,0.9865603870683319,0.00023174139833123352,-5.779298210149621e-07,-8.503279831766207e-10,0.9872036807540737,0.00023091618923820698,-5.78804829342885e-07,-8.439680155386771e-10,7.1300308892654085,6.220011473846154e-05,-5.285644863111945e-07,-1.7870172711502893e-09,4.42376820625352,6.767469699533012,0.000231743355184634,-5.779519851858631e-07,-8.503531493085861e-10,0.00027114238592000904,-5.352622161597276e-07,-7.130996696863569e-10,5.256922291181651,3.615694176030831e-05,-8.53613340912311e-09,-3.6293668338134617e-12,0.0552,1.138858435043331e-05,1.6972194927452744e-08,-9.646621639949113e-11,22080.67,2.648472193493018,0.002221683503908265,2.118615058508548e-08,18.66,-0.0008764408377204214,-9.73901496424691e-06,-5.9537615305826225e-09,0.013000000000000001,3.773842126811105e-06,4.1398787318089685e-08,9.996788913462394e-11,0.013999999999999999,-2.610713897791515e-06,-3.0492919285228966e-09,-7.447832833862164e-13,1
1964-12-31,0.0418,4.400255999013582e-06,1.9097343584264354e-08,3.143968388526005e-11,0.0036999999999999924,-1.6429630788719233e-06,1.091087556557854e-08,1.9564001308621058e-11,-0.018299999999999997,-1.620863436627211e-06,-1.0721051371174477e-08,-7.110084566052447e-11,4.44,0.00036102312418883204,1.7439230972687083e-06,4.882842450003811e-09,4.81,0.00019672681630164486,2.8350106538265648e-06,6.8392425808658786e-09,4.18,0.00044002559990136066,1.909734358426432e-06,3.143968388525968e-09,3.84,0.0011247854016656843,1.6291819758431554e-06,1.8544850182958618e-09,0.0663,2.8638855080959763e-05,5.443361271941909e-08,-1.730706730134815e-10,3.1245651453969594,0.0001004528592454361,-6.133115866021857e-07,-3.8989776630819833e-10,3.4404180948154366,4.335526649595425e-05,5.5995448127341865e-08,1.1835397534980102e-10,-3.513246885470778,-1.173398469277775,-3.3001211472625386e-05,5.092336316757628e-07,-2.040139171305759e-10,1.1423569402960187e-05,5.56700900858519e-07,-9.928655799846118e-11,3.256942025674657,0.0002020928173752594,-7.758159649915538e-08,-5.774007474838204e-10,3.8556642717587617,0.00027948851898937295,-5.949049764128958e-08,-6.732469137777647e-10,-2.9150743705365367,8.76484280093466e-05,5.826501650226509e-07,-1.865761936585988e-10,-0.9467499393588638,-0.0001505666497694522,-6.756400785425308e-08,-1.3542214445555776e-11,3.4420193761824107,4.486616291414988e-05,5.815820288993744e-08,1.0446517138941129e-10,6.539630752302144,0.0002011146890822199,1.0310423776189755e-07,5.083843187095282e-11,6.546898747235837,0.00020112154459343834,9.981846760147794e-08,4.3630995343705766e-11,-0.35667494393873245,0.0002307600269144838,8.976470995520498e-08,-2.859640399850703e-10,1.1733984692777752,3.3001211472624864e-05,-5.092336316757637e-07,2.0401391713057977e-10,4.7870154388911645,-2.1092902573497123,3.397933976566521e-05,-6.899194659368103e-07,-4.2422526222419935e-10,5.5949608889340616e-05,-6.276583875325789e-07,-1.1416789674314513e-09,-2.1165582522834057,3.3972484254448165e-05,-6.866336957763904e-07,-4.1701782569695426e-10,1.449269160281279,0.0001674528507479834,7.577893556490327e-08,-1.795781487081735e-10,0.9899224001369955,0.00019173876235193226,-6.428106763022546e-07,-4.917408057030636e-10,0.9883211187700216,0.00019022786593373455,-6.449734310648558e-07,-4.778520017426552e-10,7.127510238355277,1.6050822300474332e-05,-6.844826732070952e-07,-1.3182621164858864e-09,4.430340494952432,6.770835294416544,0.00019173904330527374,-6.428327007446969e-07,-4.917261546148417e-10,0.00023509402884788617,-5.868152281749105e-07,-3.733868303532528e-10,5.260187104298049,3.5237874270444006e-05,-8.5450994556847e-09,-3.819193609446447e-13,0.0516,2.0579867289399766e-05,3.537913031564201e-08,-2.4331710251245544e-10,22079.64,2.983174571442936,0.0023299839254903505,-4.123071528574136e-06,18.45,-0.0015854414356019863,-9.885025360157877e-06,5.101704942170826e-09,0.0097,8.669471325362609e-06,5.110455520909126e-08,4.392512755439836e-11,0.013746784226246287,-3.0082040598600966e-06,-2.6682113122301894e-09,5.0513414393394265e-12,1
1965-03-31,0.0421,6.810659921534397e-06,2.3281509726226463e-08,-1.4791535730392385e-12,0.0036000000000000034,-5.954040804932497e-07,1.3041605450686386e-08,1.465125623344821e-11,-0.018400000000000003,-3.2078147366932623e-06,-1.8685977315226632e-08,-6.229390996068733e-11,4.42,0.0005628135053448585,2.4304219886550015e-06,3.013768585674896e-09,4.78,0.0005032730972955382,3.734582533723637e-06,4.478894209019681e-09,4.21,0.0006810659921534414,2.3281509726226366e-06,-1.479153573039539e-10,3.93,0.0012214471860680248,2.093607193280192e-06,-2.841218405085907e-09,0.0716,4.196187952622228e-05,5.27414102267252e-08,-4.134124103455389e-10,3.1463051320333655,4.300182508070321e-05,-6.831999507615577e-07,5.936659254270163e-11,3.4436180975461075,5.069535494442445e-05,6.793895663092484e-08,6.667611676931743e-11,-3.5267606046375013,-1.1905881739202833,8.819805265573855e-06,5.215146576924428e-07,-6.522132267189038e-10,5.958298760767588e-05,5.817294931523987e-07,-5.866722571209669e-10,3.2733640101522705,0.00018891950053025116,-1.3272879337182365e-07,-5.537468275530586e-10,3.880532338336775,0.00027693212529107946,-1.1237505111338069e-07,-9.566898887022848e-10,-2.9206248010671856,0.0001474150553514835,6.092656402430921e-07,-9.93458381418878e-10,-0.9589245741630333,-0.00015331385041917177,-7.596781520659864e-08,-7.228308607900683e-11,3.443937535338314,5.177659674670682e-05,6.935763411641314e-08,5.2480330833907535e-11,6.54724298181215,0.00021565912588225738,1.1660976845661807e-07,-1.0452001546155769e-10,6.553957620256813,0.00021527414369455766,1.117407519171882e-07,-1.0757437862446666e-10,-0.33722629390642306,0.0002397986505206369,4.966672825049895e-08,-3.9108721692924735e-10,1.1905881739202833,-8.819805265573855e-06,-5.215146576924432e-07,6.522132267189063e-10,4.785275793579872,-2.0832907977395956,-3.555943061757695e-05,-7.708532195208765e-07,2.0298641462736986e-10,5.6141793716206475e-06,-7.458020789999543e-07,-5.371121367819356e-10,-2.0900054361842586,-3.5174448429877574e-05,-7.659842029814526e-07,2.060407777902864e-10,1.472472057360943,0.0001800684220094148,6.220623181834381e-08,-3.813512154029273e-10,1.0203340865264463,0.00012940434032025511,-7.221824076951905e-07,3.179028239649877e-11,1.0200146487342394,0.00012832309851797084,-7.236010851806839e-07,4.598606833193094e-11,7.120748622269106,-4.026627195319321e-05,-8.207410396603177e-07,-6.675541306578826e-10,4.463952184072554,6.801249663503247,0.00012940034804458794,-7.22195559334582e-07,3.185362017177787e-11,0.0001800996952646794,-6.54243451064262e-07,9.84663991658244e-11,5.2632531986227775,3.4317132053496986e-05,-8.460704006714872e-09,3.0547982271340586e-12,0.0548,3.0723636919626995e-05,2.2390804018150224e-08,-4.5017067788243933e-10,22543.41,3.3271516492119333,0.0020178668642131395,-9.09101863935144e-06,18.55,-0.0026181108332036683,-1.0040352240723977e-05,1.872298082253085e-08,0.0129,1.562255328735405e-05,5.6723715269196816e-08,-3.9365086924590367e-11,0.013300978620319117,-3.3124741256311366e-06,-1.6252801994396224e-09,9.42909521349275e-12,0
1965-06-30,0.0421,1.0127743321226499e-05,1.846901277555486e-08,-3.9547427949493014e-11,0.003899999999999997,6.336769833704226e-07,1.5258958543846862e-08,4.6546799696156884e-12,-0.017799999999999996,-5.5885282261024e-06,-2.3087793182295607e-08,-4.58867833882444e-11,4.46,0.0009013605138918676,2.6199765518928113e-06,-3.716555617370578e-10,4.85,0.0009647282122289124,4.14587240627749e-06,9.38124352244853e-11,4.21,0.0010127743321226505,1.8469012775554725e-06,-3.954742794949312e-09,3.8,0.0015510692065596097,1.146531502602387e-06,-9.11160336321078e-09,0.0759,5.21706601176116e-05,-1.6418321598562888e-08,-6.40314294099793e-10,3.1086144306106633,-3.208337400394737e-05,-7.259970863382529e-07,8.395466534424168e-10,3.4531571205928664,5.81433212076779e-05,7.533900841198832e-08,3.880459511533442e-12,-3.4834926243889854,-1.1558398765014315,7.030300053130785e-05,5.011341400315142e-07,-1.437093457624527e-09,0.00012778100811247292,5.686644792460872e-07,-1.424224500919232e-09,3.2872818575322613,0.0001776994155536664,-1.872584026901235e-07,-5.435984041179927e-10,3.9045954895993495,0.00026690853974474375,-2.165131400134292e-07,-1.1912166538407531e-09,-2.866459937849852,0.00021719164332519337,5.460286422681889e-07,-2.081960027512323e-09,-0.9722548260138352,-0.00016206097734336125,-9.760599813498562e-08,-4.256247391610709e-11,3.4534735262275262,5.929755247722629e-05,7.245401258206023e-08,-1.0513954023810227e-11,6.5761770471592325,0.00023240448360367926,1.1320701657031875e-07,-3.1849567851939264e-10,6.583720377064558,0.00023155738079987386,1.0823650776482104e-07,-3.1456581759358387e-10,-0.3097704720501263,0.00024473723117838245,2.7208459462166385e-09,-4.468630363657056e-10,1.1558398765014313,-7.030300053130819e-05,-5.011341400315138e-07,1.4370934576245316e-09,4.786151345574226,-2.1330553131255403,-0.00012500806858131778,-8.015995592919499e-07,1.2119907320258925e-09,-7.69025354131335e-05,-8.211176610774127e-07,4.592227954847864e-10,-2.1405986430308652,-0.00012416096577751065,-7.966290504864564e-07,1.2080608711000725e-09,1.4861396960896067,0.00018628847440949718,9.23321588291013e-09,-5.323736569195494e-10,0.9899646134408261,4.9253093814684466e-05,-7.637315511336291e-07,8.896145939949615e-10,0.9896482078061661,4.809886254513434e-05,-7.608465553037006e-07,9.040090075303261e-10,7.11795427011441,-0.0001309724520928826,-9.055602188069125e-07,4.0226749525335354e-10,4.443121734033692,6.770869695916454,4.924687937619687e-05,-7.637372909547559e-07,8.897045504736035e-10,0.00010739641502236219,-6.883925427216361e-07,8.93495053506498e-10,5.266297282022336,3.363066255210739e-05,-8.15493005333524e-09,4.8756471653704146e-12,0.056600000000000004,3.642064812098603e-05,-5.2541460271412426e-08,-6.102346679280495e-10,22757.26,3.5134216948667643,0.0007473063625552088,-1.277800666273574e-05,17.57,-0.0037365373342388543,-8.805169742211167e-06,3.601802326462837e-08,0.0194,2.1139716317560557e-05,5.065407249325885e-08,-1.2501236776815098e-10,0.012849886665525643,-3.3892240255115464e-06,-2.997858384783026e-10,1.0995300469204632e-11,0
1965-09-30,0.0429,1.3249223997115081e-05,9.849502916280772e-09,-6.348433734669982e-11,0.003900000000000006,2.2185193222843426e-06,1.592237704165012e-08,-1.1810217318252792e-11,-0.019300000000000005,-8.584073023472814e-06,-2.5133127187148338e-08,-2.6594575101515227e-11,4.52,0.001279753115498499,2.3471611938434876e-06,-3.830965925799016e-09,4.91,0.0015016050477269338,3.939398898008491e-06,-5.011987657624306e-09,4.29,0.0013249223997115055,9.849502916280636e-07,-6.3484337346699594e-09,3.92,0.0019744413813994775,-3.571618793405376e-07,-1.4222688713125983e-08,0.0828,5.466921975852053e-05,-1.2545690124049766e-07,-7.066872160733112e-10,3.1514531485507664,-0.00011644207979815274,-6.487586069904193e-07,1.7852174099757568e-09,3.4531571205928664,6.547787774167924e-05,7.097929548733162e-08,-5.378423029313254e-11,-3.513246885470778,-1.186743110530044,0.00013401797531413864,3.7079814578595674e-07,-2.3328268315125567e-09,0.0001985114955314754,4.3465006323401885e-07,-2.3723209750009635e-09,3.3061538329752613,0.0001603111038503982,-2.3203728655941937e-07,-4.91260271223785e-10,3.9331972406595526,0.0002493181884627778,-3.6800595329718956e-07,-1.2873542803046646e-09,-2.887775132048899,0.00028805189570212976,3.0401225502251446e-07,-3.1807304720242134e-09,-0.9861648106710302,-0.00017432354312657967,-1.1736364588606338e-07,7.708006841973694e-11,3.453789831781326,6.703777656779445e-05,6.567092178997769e-08,-6.820145088446505e-11,6.5933061437552745,0.00024386010321398587,6.735593620412238e-08,-5.029731300272159e-10,6.601001831803834,0.00024221851695347129,6.362030151319076e-08,-4.896331922614292e-10,-0.281715470209918,0.00024127496207344314,-4.556753298189296e-08,-4.130659474327291e-10,1.1867431105300439,-0.00013401797531413916,-3.707981457859563e-07,2.332826831512563e-09,4.785656083862969,-2.100409200249969,-0.00021756697467772458,-6.701913685495019e-07,2.34453969031596e-09,-0.00017606490332852803,-7.922716585336093e-07,1.7308883024342888e-09,-2.1081048882985285,-0.0002159253884172086,-6.664557338585687e-07,2.331199752550157e-09,1.5085119938441398,0.00018711072865198637,-7.323287978452423e-08,-5.858606360368615e-10,1.0397398229124388,-3.9184749205417245e-05,-6.738147278327137e-07,1.8953507905818716e-09,1.0391071117239794,-4.0744648031534014e-05,-6.685063541353548e-07,1.9097680111732264e-09,7.113366735507437,-0.00023976104354771487,-8.78740513415834e-07,1.7584007659573346e-09,4.492896943505305,6.8206493520682585,-3.918862482854696e-05,-6.738091134630887e-07,1.895425877742329e-09,2.629312853626234e-05,-6.02835432345379e-07,1.841566560288737e-09,5.269403356383394,3.302218847816146e-05,-7.32108930821224e-09,5.230353943377367e-12,0.0635,3.404837185853439e-05,-1.547570632766337e-07,-6.06508841698913e-10,23194.19,3.5874703002299584,-0.0012356010968865069,-1.418062605840695e-05,17.95,-0.004823199102822309,-4.601227214905775e-06,5.2979712725472783e-08,0.0161,2.659580846253091e-05,2.921471060874077e-08,-1.9442303878203513e-10,0.0126,-3.2634578881777608e-06,1.0294227573560096e-09,9.614453877454986e-12,1
1965-12-31,0.0462,1.310554090962807e-05,6.675152861660949e-10,-5.137822439009618e-11,0.0033999999999999985,4.166881524089243e-06,1.4360508349272513e-08,-3.175822828972399e-11,-0.020499999999999994,-1.0924446061624479e-05,-2.6898616497019063e-08,-1.25124254031466e-11,4.68,0.0014878916342916915,1.6520857265701425e-06,-5.472834502542075e-09,5.02,0.0019045797867006165,3.0881365614973855e-06,-8.648657331514471e-09,4.62,0.001310554090962803,6.67515286165997e-08,-5.137822439009567e-09,4.38,0.001894218373070241,-2.039345014953931e-06,-1.2692990202329324e-08,0.1069,3.5642596446741865e-05,-2.2479495562270868e-07,-4.6160171393154515e-10,3.165053018170694,-0.0001933016878224357,-3.9421236154577247e-07,2.569672307738832e-09,3.459466289786131,7.324684035592139e-05,5.822008875464802e-08,-9.266405354987585e-11,-3.516608233173483,-1.196695305199862,0.00017949116741730226,6.256557024522417e-08,-2.97412326402178e-09,0.00025103750064289917,1.157793388898164e-07,-3.0449325206277414e-09,3.3221541743217022,0.0001345272083611973,-2.8007323461203983e-07,-3.585041224209846e-10,3.9682142850778885,0.00021217691270128403,-5.234194590678895e-07,-1.0964623439324665e-09,-2.8717462937729996,0.0003297948814824297,-1.2364164366873838e-07,-3.7988892106137555e-09,-0.9996723408132061,-0.00018768511149093326,-1.0976736108436046e-07,2.7662961416147507e-10,3.4610373820181723,7.390824104692925e-05,5.329337348314107e-08,-9.654604739986047e-11,6.619170132214801,0.00025143552159106184,-1.3600011668500618e-08,-6.002946306672334e-10,6.626156002094659,0.00024927816873311637,-1.5683943721443883e-08,-5.804149007871795e-10,-0.2613647641344075,0.00023221845285586185,-9.033516227613045e-08,-2.960988659070977e-10,1.196695305199862,-0.00017949116741730278,-6.256557024522336e-08,2.9741232640217853e-09,4.780214243655972,-2.100320652693237,-0.00029639948064716473,-3.290387931887744e-07,3.2159137722679993e-09,-0.0002666089176152499,-5.606925038768634e-07,2.9508460930879506e-09,-2.107306522573094,-0.00029424212778921856,-3.269548611358332e-07,3.196034042387937e-09,1.5303947050936475,0.00017744424602894292,-1.468855534305872e-07,-4.815837760023131e-10,1.059383189735433,-0.00011821079941202514,-4.008588936119231e-07,2.7082831951506585e-09,1.0578120975033918,-0.00011887220010303525,-3.959321783404122e-07,2.712165189000657e-09,7.101654575982013,-0.00033905534564785956,-6.401795859192867e-07,3.0454895551152587e-09,4.518849479521564,6.840289811847605,-0.00011821274300462815,-4.008405996229771e-07,2.708325635181679e-09,-4.4963959056102536e-05,-3.4263880485727416e-07,2.6156191416007707e-09,5.272453595767896,3.2307216691847965e-05,-6.4552841046083424e-09,5.2338665205505e-12,0.08460000000000001,1.119846870494337e-05,-2.358137144203571e-07,-3.2103800740648343e-10,23659.98,3.413368492984097,-0.002999364172001788,-1.1812989431301903e-05,17.67,-0.00547887204187712,2.511866855283671e-06,6.236508548237782e-08,0.0192,3.056109154882934e-05,2.5578822504592864e-09,-2.153946259029542e-10,0.012377119478733305,-3.061919821164828e-06,1.990404421442768e-09,6.373351374011986e-12,1
1966-03-31,0.0487,1.083779048471443e-05,-8.015895501401817e-09,-1.5783943160351018e-11,0.0040000000000000036,5.734609234725006e-06,1.0099831702415492e-08,-4.770203394396047e-11,-0.021900000000000003,-1.272732659757701e-05,-2.7130093085778397e-08,-3.279737444544532e-12,4.92,0.0015375284669292381,6.53201342866662e-07,-5.176200082885918e-09,5.32,0.0021109893904017393,1.6631845131082051e-06,-9.946403477281956e-09,4.87,0.0010837790484714387,-8.015895501401828e-07,-1.5783943160350406e-09,4.59,0.0012898839927914566,-4.167405144133145e-06,-4.445075750795819e-09,0.10859999999999999,-2.5346754379427072e-06,-2.830390871344697e-07,5.986238436436018e-11,3.1183922862898785,-0.00023169129565792576,-1.6284767993596357e-08,2.8804125184345525e-09,3.4688560301359703,7.821076752848322e-05,4.359023436615024e-08,-9.202602043475102e-11,-3.4641371814360293,-1.1529420706570597,0.00018345005777602522,-3.6087010342396067e-07,-3.091796022499856e-09,0.0002590994940542803,-3.203352205392109e-07,-3.154271418289482e-09,3.3343450746743146,0.00010576751825248435,-3.233672839674387e-07,-1.7321025365066428e-10,3.9873159894635775,0.0001498274495416743,-6.475588616631076e-07,-5.357944655588e-10,-2.811745437440975,0.00030472812148083195,-6.41762621548825e-07,-3.535914499144552e-09,-1.0149639335421294,-0.0002013835607320106,-6.941024150227418e-08,5.297593327259279e-10,3.471345141564237,7.730822572778393e-05,3.8463597609425144e-08,-7.965664232677841e-11,6.648799299706374,0.00024851030997176393,-9.133085627137918e-08,-5.304413417906157e-10,6.654982072916403,0.00024647181865553036,-9.078508895844039e-08,-5.102391024994044e-10,-0.24284617015020937,0.00022113313782721848,-1.1761562602805428e-07,-1.194517158356805e-10,1.1529420706570597,-0.00018345005777602538,3.6087010342396257e-07,3.0917960224998578e-09,4.7623540804864595,-2.161512154374999,-0.0003261928494953031,1.288336757278941e-07,3.4490271106397917e-09,-0.00033053518146857613,-1.4299923971674106e-07,3.741788104905575e-09,-2.167694927585029,-0.0003241543581790678,1.282879084149453e-07,3.4288248713485663e-09,1.5539252025038417,0.000154168075025405,-1.9344914130948957e-07,-2.0721193386928276e-10,1.0184311151954042,-0.00015589330705202426,-6.087414909641846e-09,3.0106117892839496e-09,1.0159420037671374,-0.00015499076525132463,-9.607781529127547e-10,2.9982424111759716e-09,7.076716375529296,-0.0004101806767025165,-2.0603615276938568e-07,3.869539240645411e-09,4.487287145331375,6.799345675131394,-0.00015589411783172025,-6.067689108655431e-09,3.0106115672856932e-09,-7.76825395235388e-05,3.750281945651086e-08,2.9185857688491808e-09,5.275251954326913,3.165704414581638e-05,-6.1485211503584584e-09,4.5350301869091075e-12,0.0848,-2.7193722021887416e-05,-2.708857177274779e-07,1.8498278614480656e-10,24165.97,2.8999686472845356,-0.0041483351476161705,-5.312116399470763e-06,16.64,-0.005031816021157523,1.0805204732282667e-05,5.7484922429576845e-08,0.0256,2.8144678786016012e-05,-2.466999637050609e-08,-1.617372420649955e-10,0.012076695373309455,-2.821953772594668e-06,2.3255585302661737e-09,2.410429641507375e-12,1
1966-06-30,0.0481,9.456800942855315e-06,-7.639501505887188e-09,1.8698137985720874e-11,0.005099999999999998,6.549006431730897e-06,3.16449231325139e-09,-5.524610430619457e-11,-0.022900000000000004,-1.5046416686232322e-05,-2.6445569911367742e-08,1.3170655092258754e-11,5.07,0.0015339827855574695,2.8869429325338042e-08,-3.7190185240521108e-09,5.58,0.0021888834287305597,3.453186606504731e-07,-9.24362895467155e-09,4.81,0.0009456800942855275,-7.639501505887097e-07,1.8698137985721396e-09,4.5,0.0007592018247179838,-5.078143140029367e-06,5.862466378151266e-09,0.1024,-4.052889426259628e-05,-2.566335036855273e-07,6.478632334457982e-10,3.070839746040796,-0.00021749319783056915,3.4315953564298617e-07,2.4260813005202254e-09,3.4781584227982836,8.058123144684265e-05,3.1167896635194465e-08,-4.850426753577414e-11,-3.414282621210811,-1.1121829227612616,0.00013187354347662453,-7.30612079349052e-07,-2.4075801949710597e-09,0.0002096845511081781,-6.996229632848551e-07,-2.427061584761785e-09,3.342861804649192,7.394085698018485e-05,-3.342293349059395e-07,6.659798483256903e-11,4.000217016164062,7.205820293376617e-05,-6.995581580575903e-07,2.8003670059248846e-10,-2.758291417538957,0.00020972813849743087,-1.0639163989774092e-06,-2.230827740177372e-09,-1.0414588339349036,-0.0002095329617986504,-5.345036164074933e-09,7.484522158268305e-10,3.477540948249489,7.929291924435033e-05,2.672669163887834e-08,-2.8662041881315367e-11,6.67926495914259,0.00022988448555701923,-1.4805902069637965e-07,-2.61362118496972e-10,6.685526309310606,0.00022811038797164034,-1.445926326538481e-07,-2.445494788462915e-10,-0.22405029621651895,0.00020777680404067883,-1.1989768001925082e-07,9.818450088586372e-11,1.1121829227612616,-0.00013187354347662453,7.306120793490545e-07,2.407580194971058e-09,4.685072882321882,-2.224220231732136,-0.0002878171720534603,5.444417651394875e-07,2.7355402983006136e-09,-0.0003311926086813771,3.4136938709951e-07,3.6634425972055634e-09,-2.230481581900152,-0.0002860430744680807,5.409753770969456e-07,2.718727658649924e-09,1.55814461804655,0.00012696371253159214,-2.043637014049574e-07,1.3065821665516912e-10,0.9768863046121701,-0.00013851391794328355,3.6521484780790805e-07,2.5226824473394267e-09,0.9775037791609645,-0.00013722560574079106,3.6965605280422985e-07,2.5028402216849563e-09,6.990430052743236,-0.00041620975044676795,2.976202820678218e-07,3.784420016777038e-09,4.455044727410454,6.75779248437595,-0.00013851153816700907,3.652287613653168e-07,2.522628442530977e-09,-5.793268649644107e-05,3.963827444431035e-07,2.474178179803643e-09,5.278039373086768,3.1234241089785064e-05,-6.059632198140244e-09,2.5861137938720497e-12,0.07490000000000001,-6.200836872783848e-05,-2.2686456302708498e-07,6.994209102789219e-10,24178.81,2.2931900110898082,-0.004471455164502772,2.755727122590817e-06,15.76,-0.0034009438015896536,1.754414427797184e-05,3.5580613366185127e-08,0.0253,2.295977142284778e-05,-4.5024849201378605e-08,-5.232014453747206e-11,0.011786585385806281,-2.554751235806527e-06,2.1662613539384554e-09,-1.3224642208949502e-12,1
1966-09-30,0.0518,8.218991494716782e-06,2.6339290758635426e-09,4.635688939879097e-11,0.005999999999999997,6.596980253089297e-06,-3.756181825118731e-09,-5.2413930216587515e-11,-0.023799999999999995,-1.8356123132667086e-05,-2.6800265597083646e-08,3.6750621756512924e-11,5.49,0.0014454242386515777,4.931423102307283e-08,-1.326399909103305e-09,6.09,0.0021051222639605063,-3.263039514888036e-07,-6.5677929307620295e-09,5.18,0.0008218991494716756,2.633929075863684e-07,4.6356889398791295e-09,5.37,0.0001786252469999215,-3.2096571702340837e-06,1.626482410936323e-08,0.09380000000000001,-6.949829074542058e-05,-1.2856946734535097e-07,1.1046240583155174e-09,2.9528247725427144,-0.00013181814458456884,5.859401796764886e-07,1.2127999124983173e-09,3.487375077903208,8.147088060388163e-05,2.7723521923995102e-08,2.159854022947877e-11,-3.2941383093687477,-0.9994656155363939,4.83558101869782e-06,-9.538442660429072e-07,-9.472364574163184e-10,8.393542822986017e-05,-9.214963559465754e-07,-9.021414760784132e-10,3.3548043420924447,3.7077410005190156e-05,-3.1244159551328103e-07,3.486415754496336e-10,4.000033882750859,-4.995174205068425e-06,-6.29757393685192e-07,1.1238715516657331e-09,-2.647896278282463,4.353308726253932e-05,-1.2406848051814284e-06,-1.4043922976355057e-10,-1.0686247379497482,-0.0002058584803228649,8.320817073478788e-08,8.355640484951056e-10,3.488902962081261,8.055965037941578e-05,2.7207682402342618e-08,4.005703189078003e-11,6.6908186746555485,0.00020599349276887168,-1.6958670209970483e-07,1.0055481567837607e-10,6.697074987577344,0.0002046049327498023,-1.647947240761281e-07,1.1087219658170155e-10,-0.20514375131434895,0.00019434990293303264,-9.826507345144659e-08,3.1000164455529075e-10,0.9994656155363938,-4.835581018697473e-06,9.538442660429094e-07,9.472364574163143e-10,4.605153423950463,-2.3365487170267096,-0.00017375166378238196,8.109893726293226e-07,1.1953232171875884e-09,-0.0002517381849861791,7.765826163251253e-07,2.556238810366191e-09,-2.342805029948505,-0.00017236310376331394,8.061973946057386e-07,1.185005836284289e-09,1.5665304114228238,0.00010596292473456399,-1.6432563010462786e-07,4.092523969935494e-10,0.866894879725631,-4.922905161739207e-05,6.13679148605627e-07,1.2742794926365115e-09,0.8653669955475779,-4.831782139292657e-05,6.141949881272819e-07,1.2558210009751996e-09,6.900970139445024,-0.0003392675618596533,7.468900459797997e-07,2.6274694408923594e-09,4.354269957628839,6.647805098268246,-4.9224866462667384e-05,6.136854654706462e-07,1.2741928163382256e-09,3.224182898649008e-05,6.414026705296177e-07,1.2958780328659808e-09,5.280967728212923,3.082173078593625e-05,-5.750896649536017e-09,8.015031941218855e-13,0.0604,-8.51631873418452e-05,-9.695708351603346e-08,1.0500323058031084e-09,24315.86,1.8256118244188713,-0.0035580237808282068,9.497412106988733e-06,14.12,-0.000685783606405449,2.0426414936056235e-05,1.508661989415363e-09,0.0348,1.636381242948308e-05,-4.394851868202579e-08,7.927158174036108e-11,0.0116,-2.330954813059906e-06,1.7487473311905132e-09,-3.7164387050536465e-12,4
1966-12-31,0.0484,7.94434661548581e-06,1.1642860196098297e-08,5.4993285374590813e-11,0.0079,5.454743459418124e-06,-8.590046183930026e-09,-3.733907031171925e-11,-0.026499999999999996,-2.065857834748057e-05,-2.4460159740076224e-08,5.775934707411276e-11,5.39,0.0013354716535106225,2.2313331197519158e-07,7.624966408697175e-10,6.18,0.0018809459994524331,-6.358713064178143e-07,-2.971410390302182e-09,4.84,0.0007944346615485806,1.1642860196098432e-06,5.499328537459083e-09,4.96,-0.0004424895811634973,5.174641314086317e-08,2.4147766122032662e-08,0.0796,-8.125122523457467e-05,4.4368922438280675e-08,1.248866946893049e-09,2.9826470340053355,-3.0022662628392814e-05,6.623530728035636e-07,-2.6271882771137866e-10,3.493472657771326,8.198720095980508e-05,3.4941250584666525e-08,9.387039570016634e-11,-3.343872315042886,-1.056713780473185,-0.00013182197023936128,-9.892118650236866e-07,7.077770481212156e-10,-5.1872650223662443e-05,-9.467776094830178e-07,8.17232223978816e-10,3.341801171705499,5.411669655656232e-06,-2.637232524152102e-07,5.796985868900367e-10,4.001315112906908,-6.983338703590927e-05,-4.4026647116835264e-07,1.766957716127343e-09,-2.685310714132721,-0.0001255412767418855,-1.1269548224922775e-06,1.9943516433019885e-09,-1.0847093834991184,-0.00019349154197434836,1.858891165008168e-07,7.404292708230548e-10,3.494080375808869,8.099260656670854e-05,3.8666430222645543e-08,1.089119461572863e-10,6.708862779370003,0.0001867870119928644,-1.3285346631379942e-07,4.249033581588185e-10,6.714904483800378,0.0001861723439431473,-1.2796541170719334e-07,4.2572495054616035e-10,-0.18632957819149348,0.00018425556189970643,-5.312793501991592e-08,4.5618896304130646e-10,1.0567137804731848,0.0001318219702393618,9.89211865023687e-07,-7.077770481212227e-10,4.5848445303701775,-2.310347827191319,-4.9553372097846036e-05,8.58342078922272e-07,-5.529818193900026e-10,-0.00012941466065262837,1.0211651030484831e-06,7.277194306060005e-10,-2.3163895316216943,-4.893870404813379e-05,8.534540243156586e-07,-5.5380341177729e-10,1.5748464676644813,9.126574022396764e-05,-8.780485591892009e-08,5.603202661094597e-10,0.9050422944073577,5.524643893520913e-05,6.905473620238108e-07,-2.2194885693130578e-10,0.9044345763698147,5.624103332830619e-05,6.868221823858302e-07,-2.369904073884424e-10,6.87227791220305,-0.00021719597060012864,9.96199298231662e-07,7.174058605394279e-10,4.398514952178684,6.685948334011557,5.5250203154909305e-05,6.905408528739093e-07,-2.22030711660717e-10,0.00013723363989501594,7.25488612608473e-07,-1.2807846123115577e-10,5.283851613964123,3.021350838497139e-05,-5.562454022644067e-09,7.093549981655544e-13,0.045,-9.084283574457554e-05,6.084785792665737e-08,1.102704179318241e-09,24448.56,1.4991267054101343,-0.0017542658294989813,1.3254021389010933e-05,14.65,0.002011307636085741,1.8490944168635728e-05,-3.2826678624094084e-08,0.0346,8.94467145403695e-06,-2.3152137043402423e-08,1.937305626606401e-10,0.011429971624591615,-2.199347877514096e-06,1.1897014874923957e-09,-4.068446116921351e-12,4
1967-03-31,0.0454,1.1423651819666264e-05,1.649269225037842e-08,3.7788594921804235e-11,0.007199999999999997,3.7927240817893383e-06,-1.1549293248267685e-08,-1.5426463515013886e-11,-0.02609999999999999,-2.300894869464352e-05,-1.5742660059433478e-08,7.504440290299158e-11,5.13,0.0014524482264743662,4.174399275702e-07,1.2989844138977735e-09,5.85,0.0018317206346532993,-7.374893972565658e-07,-2.436619376035955e-10,4.54,0.0011423651819666286,1.6492692250378525e-06,3.7788594921803955e-09,4.26,-0.0003268004116967073,3.0238128981440754e-06,2.4245764994883758e-08,0.060899999999999996,-6.249003453646308e-05,2.0068546399707664e-07,9.611742779241854e-10,3.0652583362026014,3.654391877785448e-05,5.05816872541304e-07,-1.540616597278798e-09,3.4965075614664802,8.504908619207455e-05,5.021300738974161e-08,1.3952741615249242e-10,-3.4295968561838532,-1.1441422842620594,-0.00022453872215498095,-7.706354965857644e-07,2.0507934147383588e-09,-0.0001402872502640873,-7.134329133828499e-07,2.1899809319401283e-09,3.349202086543775,-1.5728602259101886e-05,-1.8667515898555546e-07,6.835366210886252e-10,3.9800554158199732,-0.0001070340959240558,-1.9231214162271222e-07,1.9896125582266707e-09,-2.7985221042662856,-0.000230588702690053,-7.21974292026735e-07,3.4941002358358773e-09,-1.0985610470485605,-0.00017308929127838132,2.705405711710043e-07,4.2094522583942403e-10,3.4965075614664802,8.42675776397142e-05,5.4556390509965167e-08,1.4743261363892677e-10,6.7253961214812845,0.0001730820642250039,-5.116994073119279e-08,6.284264219765285e-10,6.7316920976386365,0.00017305893920200878,-4.659818008614032e-08,6.211738454387089e-10,-0.16899067220446803,0.000179770749458264,7.376062749114067e-09,4.942723422765221e-10,1.1441422842620597,0.00022453872215498163,7.706354965857638e-07,-2.050793414738367e-09,4.585239006133493,-2.23205175067545,3.5728055670873965e-05,6.351302783314023e-07,-1.9956832156262607e-09,1.1506644889115737e-06,9.693510864600208e-07,-1.3520938791648497e-09,-2.238347726832802,3.5751180693866307e-05,6.305585176863482e-07,-1.988430639088397e-09,1.5830939370944985,8.705661176127387e-05,-1.1321748807641238e-08,5.318960416662422e-10,0.9968368093393545,0.00012376103370380243,5.337473302104711e-07,-1.5067842098022037e-09,0.9968368093393545,0.00012454254225616348,5.294039470902473e-07,-1.5146894072886532e-09,6.864802309922828,-8.700082435792872e-05,9.386267689436365e-07,-1.446313122750843e-09,4.4933443708058345,6.777749094076528,0.0001237641591839686,5.337284728690651e-07,-1.5068377901692749e-09,0.0002088101198958775,5.839603376002117e-07,-1.3672567936497161e-09,5.286444483017615,2.9594101524085815e-05,-5.833127486255497e-09,1.8283491495709993e-12,0.029300000000000003,-7.062472384934317e-05,1.9045189745407693e-07,7.846500119501274e-10,24598.11,1.4271098147336887,7.630083948035032e-05,1.262127651143374e-05,16.41,0.0037433966447250056,1.1794258797504464e-05,-5.725630461235874e-08,0.027999999999999997,7.040886002140299e-06,7.811645693956486e-09,2.395593778057038e-10,0.011220970125661112,-2.1503955037564793e-06,6.176694563344657e-10,-2.556490096106864e-12,0
1967-06-30,0.050199999999999995,1.4794995016740047e-05,1.8885811567149687e-08,1.9794067503548717e-11,0.0070999999999999995,2.6871457684419615e-06,-1.1848281391274037e-08,3.523497751925122e-12,-0.029800000000000007,-2.5086021894667547e-05,-5.052617923228153e-09,8.323131252839081e-11,5.44,0.0016073325794699104,6.976731483587281e-07,1.4524832716601188e-09,6.15,0.001876047156314105,-4.871549907686677e-07,1.8048330468526491e-09,5.02,0.0014794995016740072,1.888581156714976e-06,1.979406750354832e-09,3.54,0.0005645826528510055,5.661876931604207e-06,1.633986579144698e-08,0.0547,-2.244362038990635e-05,3.012498266549915e-07,3.456725646319953e-10,3.070375816549757,7.558045148481005e-05,1.9449938083748427e-07,-2.494450995099037e-09,3.505557396986398,9.151170845484723e-05,7.115873493916906e-08,1.4658095023418193e-10,-3.451438598098902,-1.1755427057516674,-0.00028521887442541343,-3.9625754846468643e-07,2.9671349517548866e-09,-0.00019296691070141148,-3.1855967712527623e-07,3.097558847556585e-09,3.340030946424668,-2.9104571497023944e-05,-9.911414990579351e-08,6.487026227862086e-10,3.9487405883633087,-0.00010575533635425808,4.58659543179772e-08,1.6657538130883555e-09,-2.8421531856256905,-0.00026965059275568456,-1.7644124130491835e-07,4.12059524113466e-09,-1.1138170503200633,-0.0001401407097772731,3.126652540787005e-07,-1.2138255264255884e-10,3.505557396986398,9.161285287211801e-05,7.37738431153685e-08,1.413838029379859e-10,6.7383538961142575,0.00017183931137630253,3.695971603849971e-08,6.320377813722706e-10,6.744519622108414,0.0001720392339385715,4.023915977531216e-08,6.202918135942554e-10,-0.15734628061254718,0.000183847357155246,6.72651714785298e-08,4.006184410571727e-10,1.1755427057516674,0.00028521887442541376,3.962575484646856e-07,-2.967134951754892e-09,4.633863215312128,-2.222780243937922,8.427499155208435e-05,2.601836825203851e-07,-2.9504701103409472e-09,0.00011113441303542068,6.663207756228295e-07,-3.1610535139440196e-09,-2.2289459699320786,8.407506898981364e-05,2.5690423878358615e-07,-2.9387241425628986e-09,1.5830939370944985,9.456237379595993e-05,4.510064528053462e-08,3.267269359884515e-10,1.0100162551899372,0.00016460259447354154,2.2598466361973022e-07,-2.4650132792028606e-09,1.0100162551899372,0.00016450145005627025,2.23369555443529e-07,-2.4598161319066673e-09,6.907030911303851,2.0216335002078145e-05,6.19739661595847e-07,-3.310520447572971e-09,4.515573652176335,6.790929285215032,0.00016460248652055005,2.2596247881803079e-07,-2.4650182364776485e-09,0.00025611430292838756,2.971433985588946e-07,-2.3184323289686667e-09,5.289040583232388,2.9138231830438955e-05,-6.022412650305909e-09,3.259795591477687e-12,0.0264,-3.436279297907302e-05,2.629950421681502e-07,2.1408112600889712e-10,24546.52,1.637588907937942,0.001457810461311587,7.590586912974083e-06,17.15,0.004424587525595147,2.9847097072591677e-06,-6.779247572237912e-08,0.0278,1.138891312351026e-05,4.235992019627472e-08,2.0113564088041347e-10,0.011026045840001799,-2.1375767597350244e-06,3.0168308706884946e-10,3.5326391272805667e-13,0
1967-09-30,0.053,1.5943065303940782e-05,1.583499815869956e-08,1.6435259852379836e-11,0.0075,1.7891365313022923e-06,-9.012222349914187e-09,1.7147284996135874e-11,-0.0335,-2.5006062240794828e-05,3.908096578761137e-09,7.037554595804369e-11,5.65,0.0016575337792363275,6.800723296613881e-07,2.2994999253097578e-09,6.4,0.001836447432366556,-2.2114990533002526e-07,4.014228424923349e-09,5.3,0.0015943065303940802,1.5834998158699573e-06,1.6435259852379526e-09,4.42,0.001509407200284249,7.137591811487693e-06,5.419139020746666e-09,0.0556,1.8736217163844234e-05,2.983935166051961e-07,-3.5855786385691493e-10,3.100992784211484,8.104430173208957e-05,-9.827233944755308e-08,-2.954859060226292e-09,3.5145260669691587,9.910973876407006e-05,8.892727472897086e-08,1.1991356517109002e-10,-3.4900285953687713,-1.2244645323729404,-0.00030396327810112007,-5.934092192819106e-08,3.2962100637457745e-09,-0.0002041323625931804,3.419152691596095e-08,3.3979835742081873e-09,3.3379025312898416,-3.2263959629005856e-05,-3.059562434796316e-08,4.726182954658513e-10,3.9341758100692794,-7.483118127938129e-05,2.1644667951440865e-07,8.799261199315084e-10,-2.8949823704538478,-0.00024646404243573174,2.7851493317979664e-07,3.807918722500817e-09,-1.1289988256381038,-0.00010122793976492672,2.88079845941291e-07,-7.636615793286638e-10,3.5145260669691587,0.00010022555251792132,9.063429181277725e-08,1.0492160907547496e-10,6.744039162553747,0.00018523717102065517,1.09238467780427e-07,4.2041283154213897e-10,6.750004961559465,0.00018568812144718894,1.1072503742668558e-07,4.0595023505110145e-10,-0.14566732668920807,0.00019647584061356153,1.1078206035495119e-07,1.8654948025653011e-10,1.2244645323729404,0.00030396327810112007,5.9340921928189655e-08,-3.2962100637457766e-09,4.68428953243525,-2.181672098890965,8.646214745145868e-05,-8.049317020020786e-08,-3.2440045998220716e-09,0.00015823887316349718,2.059217170395492e-07,-4.172744808929533e-09,-2.187637897896682,8.601119702492215e-05,-8.19797398464508e-08,-3.2295420033310053e-09,1.5933085305042167,0.00010611869244668143,6.801935136121008e-08,3.209765462522944e-11,1.0478409966936233,0.00017258957970804433,-6.018197714873721e-08,-2.9435053334510256e-09,1.0478409966936233,0.0001714737659541927,-6.188899423254763e-08,-2.92851337735541e-09,6.95073276009478,6.165033258366815e-05,1.3661506491117616e-07,-4.335745635200595e-09,4.562367063662782,6.828755360747987,0.00017258530807775924,-6.020069669603575e-08,-2.943450193363971e-09,0.0002716993184721135,2.874529758022683e-08,-2.8235917682799255e-09,5.291846475417725,2.8679107478991884e-05,-5.5072814812918344e-09,6.023744581734716e-12,0.0274,-3.219159816742791e-07,2.4582783211507546e-07,-3.892223519376803e-10,24715.05,1.9470166841231162,0.002006708596568178,2.2918459235899472e-07,18.08,0.004048660360972328,-4.3892475551172896e-06,-6.279437834785465e-08,0.0275,1.8443624595613036e-05,6.421124520091238e-08,1.00384378909877e-10,0.0109,-2.1496953675667054e-06,4.843758906804961e-10,4.6601712340874606e-12,0
1967-12-31,0.057,1.6622000475172237e-05,1.3657397560639913e-08,1.978558548443589e-11,0.007399999999999993,8.40195917173824e-07,-5.621405786443929e-09,2.7532003406084563e-11,-0.0387,-2.2714929285492354e-05,1.119270305740298e-08,4.1078399634879843e-11,6.19,0.001694415812270409,5.769331367564744e-07,3.2120723310916843e-09,6.93,0.0017784354039877936,1.4792558112086762e-08,5.965272671700129e-09,5.7,0.0016622000475172247,1.3657397560639863e-06,1.9785585484435672e-09,4.97,0.0021820341810719576,6.684534053350469e-06,-5.3314447189692054e-09,0.057800000000000004,5.393486615546486e-05,1.9077843720313829e-07,-9.415168390681863e-10,3.079613757534693,3.1206589499085945e-05,-3.743325913978369e-07,-2.8822582431418825e-09,3.5234150143864045,0.0001088561210734619,9.711016624816303e-08,6.239688704502014e-11,-3.486755270023802,-1.2280447631119256,-0.0002629006065925577,2.4145744490165523e-07,3.0482272090522546e-09,-0.00015358271812822427,3.381570379725246e-07,3.096341203876284e-09,3.328985047548231,-2.7234565067193324e-05,7.04410040121631e-09,1.944412458022521e-10,3.9308447596687337,-3.332316586379877e-05,2.6726975956697443e-07,-1.0925969179264606e-10,-2.8841908988210836,-0.0001589241553906464,5.9839997401289e-07,2.789427344375114e-09,-1.1425641761972924,-6.689094567478692e-05,1.719323910270336e-07,-1.31845465825846e-09,3.5263605246161616,0.00010950889327798752,9.776049574739258e-08,4.936634391998309e-11,6.762998834821716,0.00020429431126550436,1.451259436507941e-07,9.16981283372e-11,6.769552420603656,0.00020485543399439282,1.4526434881646383e-07,7.692364088873917e-11,-0.12783337150988489,0.00021258061088589292,1.2149653719430002e-07,-9.036061390794371e-11,1.2280447631119256,0.0002629006065925577,-2.4145744490165676e-07,-3.0482272090522534e-09,4.684863182170042,-2.20596902416156,3.137173025985727e-05,-3.795392881512365e-07,-2.945484091587186e-09,0.00014181748062646883,-3.21905186463564e-07,-4.204108358078638e-09,-2.212522609943499,3.081060753096915e-05,-3.7967769331689945e-07,-2.9307096041387378e-09,1.601405740736836,0.00011638720009251625,4.7674844686005577e-08,-2.528633421659996e-10,1.0336147962737519,0.00012680992045190198,-3.3152351074860197e-07,-2.916182850295035e-09,1.030669286043995,0.00012615714824737635,-3.321738402478332e-07,-2.903152307169997e-09,6.942354314632036,3.764271242490264e-05,-4.120934790754931e-07,-4.341002766347992e-09,4.557029810660157,6.814520943122151,0.00012680349091906824,-3.3153314654165865e-07,-2.916089540474823e-09,0.00023566604152536406,-2.344133445004398e-07,-2.853785963250004e-09,5.294589612862358,2.8049171063057598e-05,-4.595532738324907e-09,1.1107171328365928e-11,0.026699999999999998,2.6455074030270043e-05,1.4433091061128892e-07,-8.540673303071863e-10,24839.16,2.2398884286419216,0.0014556692567221554,-7.1064556240870255e-06,17.88,0.002621763933381893,-9.773802355873332e-06,-4.6181094393112304e-08,0.0304,2.8045149196253964e-05,6.490189553179369e-08,-3.466749864699149e-11,0.010755865450957663,-2.1696577400631325e-06,1.1155223640655903e-09,9.927646602570312e-12,0
1968-03-31,0.0574,1.6635763499983016e-05,1.8471005467050336e-08,2.145217180879531e-11,0.007399999999999993,4.2153261326462383e-07,-3.351747524256311e-09,3.405956598824803e-11,-0.035399999999999994,-2.0802447137087198e-05,1.3428351722081787e-08,9.391391626013987e-12,6.11,0.0017166712356306082,1.0078751801585433e-06,3.876873782663137e-09,6.85,0.0017588244969570718,6.727004277329165e-07,7.28283038148794e-09,5.74,0.001663576349998304,1.8471005467050295e-06,2.145217180879521e-09,5.17,0.002729371780512193,5.019080901127315e-06,-1.5073612426305067e-08,0.07730000000000001,7.045267467149151e-05,3.51168303008582e-08,-1.21920421348428e-09,2.9922261342247034,-1.7367463045300096e-05,-6.535048516537857e-07,-2.513968204947484e-09,3.535145354171894,0.00011966061606999908,9.920008335574116e-08,-1.1386728763118331e-11,-3.40822199659912,-1.1620962532386956,-0.00022365478091803255,5.22102765340321e-07,2.5338920980143505e-09,-0.0001029658231779737,6.190313473536198e-07,2.51085015252046e-09,3.327550841493857,-2.0323659099522053e-05,8.052213739500305e-09,-9.590107216201896e-11,3.9396381724611196,2.0438619059551243e-06,1.7951518145795887e-07,-1.0407183733298735e-09,-2.7952434128045875,-8.065715627936683e-05,7.904288435964552e-07,1.5634775933549007e-09,-1.1511569080520716,-4.6579590221211724e-05,-1.7139988630176435e-08,-1.5906258104591078e-09,3.535145354171894,0.00011949118194113581,9.705963918051103e-08,-1.7674491732357994e-11,6.7815557992165925,0.00022301399086449846,1.282414027920983e-07,-2.4231443123584625e-10,6.787870912074866,0.00022343830057298814,1.2703063171969542e-07,-2.5412957327005044e-10,-0.10747574332714444,0.00022788780670544148,9.193689957705462e-08,-3.5612946208198203e-10,1.1620962532386956,0.00022365478091803255,-5.221027653403221e-07,-2.5338920980143456e-09,4.6790827224312475,-2.2919087044840403,-1.9682869045994227e-05,-6.422919543929271e-07,-2.38747873894048e-09,8.212493612381119e-05,-7.739449537498655e-07,-3.3488105170403825e-09,-2.2982238173423135,-2.0107178754478344e-05,-6.410811833205151e-07,-2.3756635969063254e-09,1.6213664832993742,0.00012228799179745328,-3.4443929126684097e-09,-4.5384041864365154e-10,0.9545017405606584,8.367050574851157e-05,-6.132506349565665e-07,-2.6184064414132626e-09,0.9545017405606584,8.383993987737346e-05,-6.111101907813361e-07,-2.612118678444012e-09,6.926613594660454,-3.1698152291198546e-05,-8.752270891982616e-07,-3.4205188004566857e-09,4.489647094732552,6.735411775429359,8.366453788260925e-05,-6.132452424979249e-07,-2.6183168181629915e-09,0.00020333112181850841,-5.14050551600822e-07,-2.629793170176353e-09,5.296883812191572,2.7490023651518396e-05,-3.7029303715464397e-09,1.676543671866503e-11,0.0384,3.754647419579708e-05,1.0275971759411534e-08,-1.0419658453392705e-09,25282.53,2.4225266193060917,0.00011479494019635064,-1.246543404570247e-05,16.38,0.0013690166806346465,-1.3110055528499077e-05,-2.616629386995733e-08,0.0394,3.613186421561332e-05,5.0967991529620364e-08,-1.5870863534157147e-10,0.010426885000368785,-2.0864820777202803e-06,2.1708120309055903e-09,1.460292054126164e-11,0
1968-06-30,0.0572,1.7133709032711182e-05,2.437157348954103e-08,-5.704980012859594e-12,0.0079,6.046509442090485e-07,-9.775478554350203e-10,3.6569696736420277e-11,-0.0409,-1.9215681728582638e-05,1.0694411364705992e-08,-1.44516410971173e-11,6.28,0.001690412808067833,1.716383237242901e-06,3.3530839323086877e-09,7.07,0.0017508779024887385,1.6186284516993973e-06,7.010053605950731e-09,5.72,0.0017133709032711186,2.4371573489541013e-06,-5.704980012859446e-10,5.52,0.003035582429766319,2.9752886043808483e-06,-2.4159264218733176e-08,0.1005,5.9016294143806634e-05,-1.2110215066850123e-07,-1.1012994749408917e-09,3.091042453358316,-6.75873004932083e-05,-8.785669698774627e-07,-1.808544621818417e-09,3.5467396869528134,0.00012866051540886132,9.55147965351448e-08,-7.887357816652476e-11,-3.513246885470778,-1.2808144496049587,-0.0001847703355511203,7.297506797498683e-07,1.7427092470976263e-09,-5.5814220302834865e-05,8.253420119485062e-07,1.6624553964242145e-09,3.329343277894172,-1.7470117234415217e-05,-2.6773115493766393e-08,-3.2632277360033727e-10,3.9516282600205055,2.044921629211771e-05,-8.997460811952248e-09,-1.7082988572284138e-09,-2.893175685228899,-1.7694684153170616e-05,8.391020316264403e-07,2.7553562192745035e-10,-1.1367833927676347,-5.6309941172384e-05,-2.2556017385716466e-07,-1.4120550784454739e-09,3.5467396869528134,0.00012862319389685546,9.203261445525243e-08,-8.161388218840407e-11,6.812770746149081,0.00023726952460273177,7.198064152723625e-08,-5.002310861252878e-10,6.819146991245353,0.0002375608885674202,6.941757980946002e-08,-5.077570495342152e-10,-0.07964427796116189,0.00023772160598634564,3.2698210210216286e-08,-5.36728217410025e-10,1.2808144496049587,0.00018477033555112013,-7.297506797498689e-07,-1.7427092470976183e-09,4.693563847321945,-2.202613018649951,-6.996930628602876e-05,-8.285044367708747e-07,-1.5688009345726395e-09,-2.4014568590143004e-05,-1.0562442279372826e-06,-1.7689310061704193e-09,-2.2089892637462225,-7.026067025071616e-05,-8.259413750530907e-07,-1.5612749711637455e-09,1.6370530794670737,0.00011856287747568084,-6.739779054606065e-08,-5.157243657384022e-10,1.063418040546317,3.863970290784342e-05,-8.520385917787818e-07,-1.9901584425314413e-09,1.063418040546317,3.8677024419848247e-05,-8.485564096988912e-07,-1.987418138509547e-09,6.928736255300612,-0.00014949443782914657,-1.160010832745829e-06,-1.7461808707776914e-09,4.61015772749913,6.844325476322354,3.863536203850548e-05,-8.520187087568319e-07,-1.9901029399664937e-09,0.000167300218316703,-7.565237952436361e-07,-2.069032020697936e-09,5.299164297020181,2.728976879420933e-05,-2.172681538613999e-09,2.092921102723037e-11,0.055099999999999996,2.59441383673743e-05,-1.1781672578798603e-07,-8.924320518401741e-10,25640.95,2.3463808492790177,-0.001607415104795088,-1.4261341990175848e-05,18.04,0.00032050152429339564,-1.396442966261175e-05,-4.6655546668611004e-09,0.042,3.872590785313523e-05,2.5214400322404445e-08,-2.35474601753299e-10,0.010110056385046307,-1.8246211692831126e-06,3.903171499247157e-09,1.7569529946963254e-11,0
1968-09-30,0.0546,2.1614466101453752e-05,2.8871502123463687e-08,-7.99330723184433e-11,0.008200000000000002,7.187917815885668e-07,2.8415316875911104e-09,3.758997844968599e-11,-0.038,-1.8627771035520786e-05,6.203845795871078e-09,-1.9728402237775527e-11,5.97,0.0018993163011973928,2.320512425646064e-06,-3.8217127724662547e-10,6.79,0.001971195479356251,2.6046655944051762e-06,3.3768265677219905e-09,5.46,0.002161446610145375,2.8871502123463665e-06,-7.993307231844304e-09,5.19,0.0033241921295471865,8.57940101132475e-07,-3.261943374875337e-08,0.0989,3.102958877540694e-05,-2.3748083010662146e-07,-6.688496430082473e-10,3.0763901765714454,-0.00016336773106270588,-1.0578738645069697e-06,-5.509883047124054e-10,3.55820113047182,0.00013672910890700634,8.303367875162033e-08,-1.3998549121860917e-10,-3.5098967985854963,-1.2869539040407694,-0.00010342669084190837,8.924877467398276e-07,4.774848689491199e-10,3.254362271588873e-05,9.757904581526425e-07,3.4577638970512016e-10,3.3311325072138684,-2.09388831606476e-05,-8.035884832398218e-08,-4.53385996549545e-10,3.9560398908449206,1.1496417453379232e-05,-2.3432418984132386e-07,-1.9123458411415485e-09,-2.8841908988210836,6.58055921991335e-05,8.172416378300776e-07,-1.1188633169771906e-09,-1.1218492774730844,-9.941262437384736e-05,-3.956744725717025e-07,-7.830799254126328e-10,3.55820113047182,0.00013669178739500047,8.162906333500079e-08,-1.3918080222164947e-10,6.839844678771149,0.0002404762114903161,-1.0804067964242825e-09,-6.083033242956713e-10,6.846245765764764,0.00024049318795245773,-4.1831443809447546e-09,-6.105807347517089e-10,-0.051328790500283265,0.00023706799475915738,-3.983555453235838e-08,-5.771014045472047e-10,1.2869539040407694,0.00010342669084190802,-8.924877467398271e-07,-4.774848689491118e-10,4.707375505537424,-2.221758267516511,-0.00015798840380906037,-9.717661882673743e-07,-3.2256754120295373e-10,-0.0001576712392969297,-1.1566118972554024e-06,1.475549260177884e-10,-2.2281593545101264,-0.0001580053802712013,-9.686634506828616e-07,-3.2029013074694016e-10,1.6448050562713916,0.00010678810010236323,-1.2955009356049339e-07,-4.25434281717945e-10,1.0598852807828174,-5.4241301225748004e-05,-1.055880273815429e-06,-7.908853742800389e-10,1.0598852807828174,-5.420397971374249e-05,-1.0544756583988094e-06,-7.916900632769927e-10,6.929732648449721,-0.00029373279968449294,-1.2556708552459194e-06,2.647738451496424e-10,4.618086411254637,6.840792488343092,-5.424283098991456e-05,-1.0558560183736627e-06,-7.908796669724902e-10,8.248780768125852e-05,-9.728465950638053e-07,-9.308708654986359e-10,5.301861080171402,2.7236847625992932e-05,4.946026827561762e-10,2.420858390096354e-11,0.053399999999999996,1.4666027612736247e-06,-2.0961657001879692e-07,-4.863229454074144e-10,25775.96,2.052816096307356,-0.0033444876475399584,-1.2046628118455566e-05,17.9,-0.001110042481099216,-1.3549932510871926e-05,1.9168048025820792e-08,0.0446,3.914137370448238e-05,-6.465876206128851e-09,-2.710990088386178e-10,0.01,-1.4448717609104607e-06,6.094588673260339e-09,1.84225897605577e-11,1
1968-12-31,0.0603,2.6131040997216087e-05,2.5303328801997986e-08,-1.7077638866359268e-10,0.007800000000000002,6.75799136315093e-07,7.544445675129875e-09,3.7991020827726245e-11,-0.043500000000000004,-1.9190735274892747e-05,1.3206854319442455e-09,-8.603940067987392e-12,6.45,0.002294248406393219,2.5953567969270836e-06,-7.073455988205812e-09,7.23,0.002361828320024728,3.349801364440083e-06,-3.2743539054331704e-09,6.03,0.0026131040997216097,2.530332880199799e-06,-1.707763886635925e-08,5.96,0.003349130056908493,-1.8382270099108455e-06,-3.7923328665285915e-08,0.09820000000000001,-2.5298508346385263e-06,-2.7719020053523037e-07,-8.347688351965732e-11,3.1036894150590832,-0.00027931062269222,-1.1473704554569877e-06,1.155407181346215e-09,3.56953269648137,0.0001447090932068955,6.659692961787522e-08,-1.9860635196652515e-10,-3.547379891840237,-1.335226444240619,-6.900812446997313e-06,9.721981834252402e-07,-1.1547742816849894e-09,0.00013793611765903422,1.0389078382097768e-06,-1.350944628153601e-09,3.332918540908861,-3.328163053488847e-05,-1.3673698923323007e-07,-4.547950481018166e-10,3.9623358193017353,-2.822994852874558e-05,-4.541795980221249e-07,-1.5725726071212495e-09,-2.916921093129701,0.0001423247835300786,7.182400690367754e-07,-2.461142856008268e-09,-1.1301029557594806,-0.00015806371927613443,-4.57588384936243e-07,1.0464662095905848e-10,3.572345637857985,0.00014401061330550913,6.665816155197917e-08,-1.955031527996989e-10,6.857330028787822,0.0002337971192103508,-7.3842137915338e-08,-5.383798345729915e-10,6.863883847986355,0.00023332362805404545,-7.677933645299743e-08,-5.337607791189127e-10,-0.030459207484708574,0.00022723014165621563,-1.0765194845236933e-07,-4.715250647789986e-10,1.335226444240619,6.900812446996967e-06,-9.721981834252383e-07,1.1547742816849956e-09,4.698604192634188,-2.189185043638342,-0.0002601779372982473,-1.0350930347431204e-06,1.2383590681562101e-09,-0.0002812441260880573,-1.0352878452460562e-06,1.9090344969780025e-09,-2.1957388628368757,-0.00025970444614193886,-1.0321558362054698e-06,1.2337400127020921e-09,1.6486586255873816,9.065605699793839e-05,-1.7214910604374655e-07,-2.1516208596427954e-10,1.0986122886681098,-0.0001710899112947889,-1.1755321022763451e-06,8.98585585549718e-10,1.095799347291495,-0.0001703914313934029,-1.1755933342104445e-06,8.954823863828985e-10,6.909979607452062,-0.0004253820825197138,-1.1178032183944217e-06,2.106350425617571e-09,4.66814498514948,6.879520399967353,-0.00017108785392611208,-1.1755155469886015e-06,8.985331807817726e-10,-2.6380818087892722e-05,-1.108935172658459e-06,6.999792335831985e-10,5.30453976561001,2.7190949779865025e-05,3.3528279326671293e-09,2.6431240139736646e-11,0.0496,-2.667080034405536e-05,-2.340156708634767e-07,3.924539746300921e-11,25813.94,1.6344682404568573,-0.004587453323030251,-6.554228088967624e-06,18.49,-0.00243028455786303,-1.183950153650951e-05,4.197171277404073e-08,0.0472,3.7342705753284145e-05,-3.205273772616345e-08,-2.7257378398824843e-10,0.009936809565037178,-8.527766348435226e-07,8.06491358196092e-09,1.5580854411445913e-11,1
1969-03-31,0.063,2.88293536135615e-05,-5.168761076485426e-10,-2.512609619023543e-10,0.006600000000000002,1.0433370391345347e-06,1.1303642398407611e-08,3.1487445455210394e-11,-0.043899999999999995,-1.8791448294351328e-05,4.877807553051516e-10,8.256182810650862e-12,6.85,0.0026312909551962802,1.7492140905412824e-06,-1.4553926911163033e-08,7.51,0.0027356246591097337,2.879578330382058e-06,-1.1405182365641985e-08,6.3,0.002882935361356151,-5.168761076484612e-08,-2.5126096190235414e-08,6.02,0.003070935894216827,-6.356664356205095e-06,-3.863303282532598e-08,0.09230000000000001,-3.5576579586998064e-05,-2.4112287482188245e-07,4.841195251021274e-10,3.005682604407159,-0.00041164551823283656,-9.841598991894122e-07,3.0846761324121667e-09,3.586292865338835,0.0001505745194098164,4.7360159476004865e-08,-2.433328850911408e-10,-3.4673371841667002,-1.2720309955133275,0.00010717202593265359,8.086616420064266e-07,-2.976631934174876e-09,0.00025884667102912817,8.587063152837615e-07,-3.2260874360589676e-09,3.326114575537799,-5.066233520350308e-05,-1.851871811777152e-07,-3.592411230657814e-10,3.955848484968176,-8.79419069648578e-05,-6.238345435354693e-07,-8.05284199374847e-10,-2.83702058239917,0.00021956802660750527,4.161934119440353e-07,-3.65206594454768e-09,-1.1478391493605387,-0.00021659573427382158,-3.755473531148875e-07,9.978319002251878e-10,3.586292865338835,0.00014984809619174173,4.727541938403686e-08,-2.4470844932132664e-10,6.87526307853188,0.0002215090181448734,-1.2914683841782767e-07,-3.3185112086909217e-10,6.881720290808682,0.00022065057631740493,-1.3146351108964326e-07,-3.210599618475991e-10,-0.011933093278461844,0.00021171268909791853,-1.5104843069262126e-07,-2.4888701586844213e-10,1.2720309955133275,-0.00010717202593265377,-8.086616420064241e-07,2.976631934174876e-09,4.674049924819857,-2.2771175074807535,-0.00037934337928103163,-8.647019847663047e-07,2.949241931978201e-09,-0.00038460351462403714,-7.011927734431578e-07,3.214963702339396e-09,-2.283574719757554,-0.0003784849374535614,-8.62385312094489e-07,2.9384507729566874e-09,1.6639260977181702,7.028020822980909e-05,-1.8398139223518903e-07,5.588554178904985e-11,1.0118527057122915,-0.00030840888054597325,-1.0412089826601434e-06,2.860723696200239e-09,1.0118527057122915,-0.00030768245732790014,-1.041124242568172e-06,2.862099260430436e-09,6.873774783221498,-0.0005360516629573306,-7.576472458105514e-07,3.4842731985533006e-09,4.598145571051127,6.792759605021279,-0.00030840347322674404,-1.0412032904290414e-06,2.8606300108314358e-09,-0.00015783436113615753,-9.938488231841294e-07,2.6173908111091027e-09,5.306742808853989,2.754332262664694e-05,5.7048752643098304e-09,2.4625162716681605e-11,0.0447,-5.4924765552047656e-05,-1.9237097489842427e-07,5.441230511290805e-10,26153.83,1.084485071736765,-0.0049987625945489295,7.497097932374008e-07,17.06,-0.003671860954856393,-6.681530712064954e-06,6.139455683304141e-08,0.0525,3.2254759724497064e-05,-5.409241724044796e-08,-2.4240115843783215e-10,0.009878349315462439,9.172577205990712e-08,9.607744450133073e-09,7.80901552462421e-12,1
1969-06-30,0.06570000000000001,3.087394139293186e-05,-3.9329791061468974e-08,-3.010475278572879e-10,0.007199999999999997,2.8002834743418384e-06,1.4042960705727588e-08,8.887896239030425e-12,-0.045399999999999996,-1.9108791820390506e-05,5.976984581490144e-09,3.433678816765246e-11,6.98,0.0028985134428535482,-4.700217865222173e-07,-2.0829597845108246e-08,7.7,0.0031785417902877367,9.342742840505523e-07,-1.9940808221205233e-08,6.57,0.003087394139293187,-3.932979106146891e-06,-3.0104752785728776e-08,6.44,0.0026365970929215056,-1.1610802081905709e-05,-3.445216184402487e-08,0.0799,-5.676585070235614e-05,-1.4611407056326063e-07,8.911257443469312e-10,2.9811261211646287,-0.0005388390857173735,-5.55617011924267e-07,4.83475928935246e-09,3.6000482404073204,0.00015372202774343937,2.131344275810129e-08,-2.7378280654876644e-10,-3.4545981583892704,-1.274739633717541,0.0002197619215060207,3.9939536848482665e-07,-4.616865640089159e-09,0.00037408243502585966,4.227579981784872e-07,-4.896599029776515e-09,3.321793358874887,-6.996486592869208e-05,-2.1367213365777952e-07,-2.0716957344682035e-10,3.94565118640813,-0.0001562649379405652,-6.75553462595648e-07,2.631641531332629e-10,-2.831914188324596,0.00028632076023679155,-4.0384883951239447e-08,-4.40773232678669e-09,-1.1936945633284968,-0.0002579181837749278,-1.8992810146822007e-07,1.631364333488399e-09,3.6000482404073204,0.0001536359328361825,2.0754923956666114e-08,-2.8176952490961274e-10,6.9010699820996955,0.00020499446837667217,-1.5306999058111457e-07,-6.118245638525707e-11,6.907426224849764,0.0002040064023400595,-1.5391601430526026e-07,-4.751784961580245e-11,0.00404706674233012,0.00019261149726912925,-1.6291355844568307e-07,4.419329608753663e-11,1.2747396337175407,-0.00021976192150602018,-3.993953684848241e-07,4.6168656400891515e-09,4.590059552920429,-2.304536989507268,-0.0004947212558113825,-4.5999751156147576e-07,4.470878523027582e-09,-0.00044737253980524567,-2.6821866618730485e-07,3.824122477312691e-09,-2.3108932322573357,-0.0004937331897747726,-4.5915148783733693e-07,4.457213916258136e-09,1.667706820558076,5.0362066915098784e-05,-1.6107298048153432e-07,3.256085086311464e-10,0.9964847521851072,-0.0004434488151781513,-6.343809449007e-07,4.683478873191104e-09,0.9964847521851072,-0.0004433627202708944,-6.33822426099264e-07,4.69146559155195e-09,6.772331489001748,-0.0006042985488483698,-2.9674455685886595e-07,4.145156848292633e-09,4.596532992592428,6.777395992761258,-0.0004434444994674991,-6.343855324143707e-07,4.683395472501041e-09,-0.00028972678743471034,-6.130675021425941e-07,4.40969606664232e-09,5.308966352337848,2.8435335690490255e-05,8.105437366998318e-09,1.803143794740819e-11,0.030600000000000002,-7.233989534978615e-05,-9.926994434624557e-08,8.984639574004228e-10,26169.35,0.5316024667572151,-0.004452450487993588,8.220284066753763e-06,16.98,-0.004701315751267715,1.154840160417358e-06,7.316925458035996e-08,0.0548,2.614099957160645e-05,-7.756325213940143e-08,-2.0391077476293517e-10,0.009831329706476646,1.1957344743468765e-06,1.0502310224471659e-08,-3.2755493305965967e-12,4
1969-09-30,0.0716,2.600358855202891e-05,-7.280278689837632e-08,-2.5948668604174663e-10,0.00910000000000001,5.1155227017117335e-06,1.6334778471935622e-08,-2.4983316941147155e-11,-0.0472,-1.9744488288227268e-05,1.0150679408473433e-08,5.992621945268334e-11,7.14,0.0028755625794270657,-3.233248469866902e-06,-2.2606225528593233e-08,8.05,0.003387114849598247,-1.599770622673332e-06,-2.510455722270801e-08,7.16,0.0026003588552028943,-7.280278689837629e-06,-2.5948668604174688e-08,7.09,0.0014541007950805082,-1.4917559359988529e-05,-2.0226528410605115e-08,0.0832,-6.667617741623797e-05,-1.8760795429488356e-08,1.0638191687956697e-09,2.91235066461494,-0.000592052285348784,7.230302884859337e-08,5.646345416750281e-09,3.6136169696133895,0.0001554321034167215,-7.913520313988127e-09,-2.923087382696736e-10,-3.402197881995739,-1.2341560740704816,0.0002578433102839511,-1.958519642401389e-07,-5.305352190593959e-09,0.0004140731153866692,-2.0597501521068504e-07,-5.605579867377769e-09,3.3145495749364833,-9.246266101914716e-05,-2.2023783296253623e-07,-9.965137116795241e-12,3.9406104622800586,-0.00023514839700989888,-5.892204646243929e-07,1.4933137475723197e-09,-2.7757938531887296,0.00027007693870387955,-5.707148824724825e-07,-4.08817382277272e-09,-1.2406671913880656,-0.00026220027380276115,3.747787898851251e-08,1.7972268647213094e-09,3.6136169696133895,0.000155346008509466,-1.006242169495177e-08,-3.024977437605806e-10,6.916734841762714,0.0001880861221965166,-1.382905063599127e-07,2.1520767357333452e-10,6.922822200701006,0.00018710945599482166,-1.370062283559326e-07,2.291189816136317e-10,0.020155304852842865,0.00017495783668918842,-1.4338970789822874e-07,3.3363583513997044e-10,1.2341560740704816,-0.00025784331028395007,1.9585196424014049e-07,5.305352190593945e-09,4.502327932241334,-2.3680291927557486,-0.0005383920934996153,1.1390463763752976e-07,5.080179379903815e-09,-0.00043956053879574616,1.7221654463903276e-07,3.584745773423018e-09,-2.374116551694041,-0.0005374154272979187,1.1262035963353668e-07,5.066268071863518e-09,1.673351238177753,3.3525619270215885e-05,-1.0695069060821022e-07,5.463271237483257e-10,0.9350886793935753,-0.0005057380747198207,-1.6472348408405527e-08,5.587695791746836e-09,0.9350886793935753,-0.0005056519798125634,-1.4323447027438155e-08,5.597884797237734e-09,6.666502801431175,-0.0005972414785274368,1.7543606903184243e-07,3.918976404241153e-09,4.548705649006965,6.716001377157192,-0.0005057376431248026,-1.6490178699082845e-08,5.5876623774882516e-09,-0.00035030597130309495,-2.4385868722388444e-08,5.295387053477126e-09,5.311628380607709,2.9395659886647525e-05,1.0170839511713183e-08,9.271206528391743e-12,0.029500000000000002,-7.762980984450486e-05,2.5266620869911746e-08,1.0331657193360252e-09,26269.39,0.055145778465663396,-0.0030438233278979156,1.44663180207575e-05,16.05,-0.004406202882712609,9.979981282401995e-06,6.718909199518533e-08,0.057,1.9578073603347787e-05,-9.528206944994655e-08,-1.5991467958196298e-10,0.0098,2.2407321462199663e-06,9.792982011976513e-09,-1.567863981433744e-11,4
1969-12-31,0.0765,1.20817933102453e-05,-1.0290225228609757e-07,-1.165832870075685e-10,0.009300000000000006,6.5584038397433525e-06,1.427128773155955e-08,-5.624357117224073e-11,-0.051800000000000006,-1.7677397532274826e-05,1.4243183276825788e-08,6.322222382789787e-11,7.72,0.0023011320497797346,-6.031019065628017e-06,-1.770133464896969e-08,8.65,0.0029569724337540765,-4.6038902924720625e-06,-2.332569176619382e-08,7.65,0.001208179331024535,-1.029022522860975e-05,-1.1658328700756888e-08,7.82,-0.0009220653966759557,-1.6447050746836905e-05,4.925986597165602e-09,0.0724,-6.304291926586141e-05,1.0153318546585312e-07,9.725444793695744e-10,2.8524391037275145,-0.0005349915589875464,8.122046567593871e-07,5.097971899758198e-09,3.629660094453965,0.00015319722158273417,-3.59940266266386e-08,-2.833147331505012e-10,-3.3610155920293234,-1.2103222650352716,0.00018973401257293705,-9.037889616267705e-07,-4.643703300938787e-09,0.00034410229001670053,-9.430294773123603e-07,-4.936218919082855e-09,3.3017453026904953,-0.000115088189492802,-2.1445585598166624e-07,2.0527065365248044e-10,3.905602437625223,-0.00030254207229120784,-3.8536921643367905e-07,2.5646218648555173e-09,-2.758291417538957,0.00015548403189829044,-1.1082981087788893e-06,-2.568927169360963e-09,-1.258781040820931,-0.00023519861741431585,2.507557025512786e-07,1.5089051588504285e-09,3.629660094453965,0.00015311112667547728,-3.9970688662049965e-08,-2.8958529569062184e-10,6.937271361864621,0.00017179425100337375,-9.29152072545007e-08,4.517522850091652e-10,6.943029754433182,0.00017096903949724435,-8.999424426744708e-08,4.636568714402278e-10,0.03922071315328133,0.00016203288415649438,-9.044088871899509e-08,5.614397674545313e-10,1.2103222650352716,-0.00018973401257293618,9.037889616267692e-07,4.643703300938775e-09,4.472846854572485,-2.4252037941388536,-0.0004766164530691112,7.822483128996115e-07,4.397221669582084e-09,-0.0003808236239203386,5.464559557811888e-07,2.7290757916483012e-09,-2.430962186707415,-0.00047579124156298146,7.793273499125515e-07,4.385317083151027e-09,1.6695918352538475,2.397930014116888e-05,-3.853133058571975e-08,6.652650034779055e-10,0.8824074732718019,-0.00045801942364847215,7.253271322717413e-07,5.132288687741759e-09,0.8824074732718019,-0.0004579333287412153,7.293037943071574e-07,5.138559250281877e-09,6.624090766343943,-0.0005361467474978967,5.863205725029958e-07,3.047226005276591e-09,4.512067567725767,6.6633114794972235,-0.00045802065234195054,7.253036449859144e-07,5.132306777570421e-09,-0.0003048222020657354,6.893331056451065e-07,4.848973954591229e-09,5.31442083667995,3.0343025479970253e-05,1.065207369547778e-08,-1.166644964128573e-12,0.0204,-7.016448512089306e-05,1.4371132971536272e-07,9.2820687278794e-10,26064.93,-0.21616584336393316,-0.0012110578107813236,1.79486728582615e-05,15.76,-0.0024445392722873493,1.8567605958185383e-05,4.10338530318197e-08,0.062,8.914570448368168e-06,-1.0749047109055278e-07,-8.879595556380433e-11,0.009918154474440726,3.2589983073709225e-06,7.292627523002244e-09,-2.8570975356268785e-11,2
1970-03-31,0.0707,-4.4099276564125466e-07,-1.1751650931677681e-07,5.1060951777216864e-11,0.00790000000000001,7.685008525150604e-06,4.373641060753764e-09,-8.131797402614827e-11,-0.0505,-1.474486807551158e-05,2.4473812827979243e-08,5.5672252444452526e-11,7.84,0.0014595444261892617,-8.089760804003715e-06,-8.252521527904843e-09,8.63,0.002228045278704326,-7.65239669792835e-06,-1.63843189305197e-08,7.07,-4.409927656412321e-05,-1.175165093167768e-05,5.106095177721656e-09,6.63,-0.0030220152686144266,-1.5919142662913175e-05,2.9735312356494566e-08,0.0583,-4.1495185341434666e-05,1.9770143772305647e-07,6.570620016876299e-10,2.805176911832933,-0.00041297134931960155,1.4019757860056039e-06,3.3941831010299554e-09,3.6428355156125294,0.00014767779742100653,-6.420991711800051e-08,-2.4181414056206623e-10,-3.3298073855754824,-1.1929415622394435,6.268972948591315e-05,-1.4518629447777546e-06,-2.8596647914282726e-09,0.00021045337386353807,-1.5181388223312163e-06,-3.100421649477783e-09,3.2917544702807735,-0.00013409314379822027,-1.910165161189898e-07,4.016582539019775e-10,3.8661884690843467,-0.00033119109183739196,-6.007292243769487e-08,3.1694641826887013e-09,-2.756715373083491,1.3534107694529451e-05,-1.3834907360735437e-06,-3.389964675008928e-10,-1.270710102528906,-0.00019425732749333446,3.8611472411975515e-07,9.370493156798804e-10,3.6454498961866,0.00014653018136191742,-6.889408176069493e-08,-2.361499891536197e-10,6.945192672195991,0.00016272867793873798,-3.6487304753994966e-08,5.761560249135769e-10,6.9509718442281425,0.00016232762749308628,-3.2936671968547966e-08,5.823845443575316e-10,0.056373024678215956,0.00015368761691373527,-1.6014104724720497e-08,7.004659910468741e-10,1.1929415622394437,-6.268972948591245e-05,1.451862944777751e-06,2.8596647914282647e-09,4.456037041064726,-2.460496639675774,-0.0003595115512228693,1.297333733412764e-06,2.6851670204166406e-09,-0.00030049585726713913,7.508726714780776e-07,1.6240863472552667e-09,-2.4662758117079253,-0.00035911050077722003,1.2937831006273131e-06,2.678938500972722e-09,1.667706820558076,2.6505130258608344e-05,3.4743541868629143e-08,6.480028473994398e-10,0.8418605169076875,-0.0003444606707051389,1.3250563457767662e-06,3.503137185892306e-09,0.8392461363336168,-0.00034331305464604977,1.3297405104194604e-06,3.4974730344838537e-09,6.595111645643651,-0.0004512669685094589,8.222778040102748e-07,1.8980347015048204e-09,4.484696032520217,6.622776216771132,-0.0003444632706078268,1.3250442077956341e-06,3.5032028717197145e-09,-0.00019678287328412993,1.2608464286587612e-06,3.261323045330219e-09,5.317426048217219,3.1477804106853914e-05,9.668322311944921e-09,-1.3704781901398646e-11,0.0032,-4.534026882875089e-05,2.3336354601461697e-07,6.152185054001478e-10,25950.46,-0.15905191011258352,0.0008018638976426727,1.7764463007979577e-05,15.75,-7.503120033805488e-06,2.2887477657786953e-05,3.2703576418212297e-09,0.0582,-3.113087448498571e-06,-1.1695555431541653e-07,3.0102153377592054e-12,0.010736920406093172,4.021264969495671e-06,3.844796680256446e-09,-3.903882967760677e-11,2
1970-06-30,0.0784,-1.105149337614188e-05,-9.459582467856003e-08,2.0758563831232834e-10,0.007699999999999996,8.965870658186648e-06,-8.011265431954506e-09,-9.665023780215509e-11,-0.0504,-1.4067122149939541e-05,3.177063680939864e-08,5.037655808677174e-11,8.48,0.0005263714156249474,-8.210116034960667e-06,3.0412113636154236e-09,9.25,0.0014229584814436148,-9.011242578156136e-06,-6.6238124166000856e-09,7.84,-0.0011051493376141835,-9.459582467856013e-06,2.0758563831232795e-08,6.68,-0.0041624320016398555,-1.0738317498121872e-05,4.7137123255277e-08,0.057800000000000004,-1.3970144199002226e-05,2.5542003160659433e-07,2.5503369371004535e-10,2.624668592163159,-0.00021321618257096677,1.6213991399817326e-06,9.194266974700653e-10,3.6584202466292277,0.000140455216627719,-8.825803857439595e-08,-1.7421673655326577e-10,-3.167707538293801,-1.0459176746958523,-0.00013990377709600308,-1.611233922109997e-06,-3.138634712839494e-10,-2.786249367996152e-07,-1.702076198268883e-06,-4.780434279017007e-10,3.279406324608233,-0.00015067864522362446,-1.39787553107371e-07,5.842701336794312e-10,3.8308129500026027,-0.0003233590503632797,3.4235770047456193e-07,3.2326060757779126e-09,-2.617295837833746,-0.00017195539134282864,-1.2175965027428958e-06,2.1538635165009654e-09,-1.2828477829732772,-0.0001458843300822391,4.229300754593868e-07,2.515845998274257e-10,3.6584202466292277,0.00013825845211377571,-9.294220321708952e-08,-1.5456470271912536e-10,6.957687647730346,0.0001663197282420259,3.031302839797439e-08,5.52361786430385e-10,6.963650617700663,0.00016655622086638594,3.424634569852087e-08,5.511616097314597e-10,0.062231949384610144,0.00015445691076274587,6.143400811409592e-08,7.164408947288003e-10,1.0459176746958523,0.00013990377709600325,1.611233922109993e-06,3.1386347128394927e-10,4.444960766540124,-2.632363648426261,-0.00017709459636964346,1.4411333406046562e-06,3.457718185329593e-10,-0.00020739727042415543,7.856078219376124e-07,4.880924133278914e-10,-2.638326618396578,-0.00017733108899400767,1.4372000233041051e-06,3.4697199523192685e-10,1.6695918352538475,3.663438001346442e-05,1.0773420266162537e-07,5.43210161473099e-10,0.6669037526748577,-0.00015123008475534052,1.5597044075770235e-06,1.0723503415166466e-09,0.6669037526748577,-0.00014903332024139587,1.5643885722197168e-06,1.0526983076824891e-09,6.569931763640117,-0.00034923216434457754,8.799048398620368e-07,6.703692757467409e-10,4.325323999304086,6.447812865530716,-0.00015123642861959857,1.5597076662877377e-06,1.0724510768706874e-09,-1.0774868127619296e-05,1.47144636900262e-06,8.981336049633625e-10,5.320467127788163,3.25246807605567e-05,7.887253967427599e-09,-2.5389559079710558e-11,0.0016,-1.3482250035949487e-05,2.8377293064730707e-07,2.144815730385864e-10,25911.91,0.09467467055312681,0.002813944917880518,1.5252734628575681e-05,13.69,0.003001563610337277,1.9983322586257716e-05,-3.758494354226195e-08,0.0601,-1.4029613434589762e-05,-1.148443942731332e-07,1.0696370067442657e-10,0.011571132461005034,4.146186810955096e-06,-4.5576740871984506e-10,-4.356258067828651e-11,2
1970-09-30,0.0739,-2.31944893664595e-05,-5.175221422728011e-08,3.410286756305933e-10,0.013000000000000006,7.903863271173254e-06,-1.761567222202601e-08,-8.566542760321349e-11,-0.055300000000000016,-1.088219575170543e-05,3.2049913328885544e-08,2.6480685823005683e-11,8.09,-0.0004894431458778173,-6.667797695628891e-06,1.4022302247918207e-08,9.39,0.0003009431812395089,-8.429364917831502e-06,5.45575948759688e-09,7.39,-0.0023194489366459444,-5.17522142272802e-06,3.410286756305929e-08,6.12,-0.005138280650282162,-2.7476112451927785e-06,5.899401683851277e-08,0.0545,1.359989472462784e-05,2.4531506193804146e-07,-1.2778964092517241e-10,2.6973262377392344,1.7100432273271793e-06,1.4917579750350032e-06,-1.6674006084276025e-09,3.6686767467964168,0.0001311053201653707,-1.0157141817773107e-07,-7.127771187621215e-11,-3.254503002511352,-1.1415405200927486,-0.00035599731070681524,-1.4190359243432603e-06,2.30734583640311e-09,-0.00022524739073101623,-1.5218320015286366e-06,2.24300102374102e-09,3.2722270003651954,-0.0001658547020636017,-7.191402767682627e-08,7.352618615397736e-10,3.7912103852113983,-0.0002735735587854615,6.944272845002367e-07,2.7162485170262593e-09,-2.734907655272093,-0.0003323463964886364,-7.55508286387437e-07,4.211835946911953e-09,-1.2946867014620482,-0.00010030047390437794,3.910262020465504e-07,-3.649505859716626e-10,3.6686767467964168,0.00012890855565142744,-1.0326062842307119e-07,-4.3785833188565155e-11,6.972957642227771,0.00017522898281634863,9.951030080123569e-08,4.506014029221295e-10,6.979156448190748,0.00017579897303533626,1.0332419297313894e-07,4.449930730012872e-10,0.06811133265155282,0.00016730370216587391,1.3615973140698906e-07,6.011554068344059e-10,1.1415405200927489,0.0003559973107068144,1.419035924343258e-06,-2.3073458364031002e-09,4.4333017069135074,-2.5591901217698263,1.4913625826867838e-05,1.2476115958652015e-06,-2.0226853777854967e-09,-0.00012663988287127878,7.41561909429275e-07,-4.4313545241308037e-10,-2.565388927732804,1.4343635607877784e-05,1.2437977036933012e-06,-2.0170770478646317e-09,1.6789639750827108,4.837835792000089e-05,1.5408448272285497e-07,4.0827773672500514e-10,0.7450907736615273,5.903728847784246e-05,1.4486933148441648e-06,-1.5008062629871264e-09,0.7450907736615273,6.123405299178695e-05,1.4503825250895065e-06,-1.5282981416747888e-09,6.543687641170123,-0.0002568026817219793,8.527540616098028e-07,-3.8862178013122054e-10,4.413767520457944,6.525996931818605,5.903189697603339e-05,1.4487068614883956e-06,-1.500718793205609e-09,0.0001901426086432151,1.3471218966664292e-06,-1.572083974863345e-09,5.323253851838068,3.3165781626607464e-05,4.909772238063028e-09,-3.320417258903003e-11,0.0042,1.6717168177352943e-05,2.723157862045016e-07,-1.6176359461386326e-10,26070.16,0.4034083175045623,0.004105955599577787,1.1858285232655363e-05,15.41,0.005546129621100748,1.2009479730568565e-05,-7.062251517655054e-08,0.056600000000000004,-2.5604338152048064e-05,-9.771919093250588e-08,2.34288609233736e-10,0.011699999999999999,3.797771728782994e-06,-5.487400891210651e-09,-4.2085464273059945e-11,2
1970-12-31,0.0639,-2.726199757161432e-05,-1.3107061908172914e-08,3.8239514751557016e-10,0.014799999999999995,3.948583210319897e-06,-2.601586773290824e-08,-4.690847810555951e-11,-0.05629999999999999,-5.609749670925182e-06,3.455540090725024e-08,-1.2006256317214514e-11,7.64,-0.001118861155361904,-4.521218367501358e-06,2.065661076986244e-08,9.12,-0.0007240028343299149,-7.122805140792183e-06,1.596576295930652e-08,6.39,-0.0027261997571614307,-1.3107061908172977e-06,3.823951475155701e-08,4.87,-0.005294302406810963,3.4566724892815486e-06,6.123012037807392e-08,0.048600000000000004,4.310929493965016e-05,1.884112437896881e-07,-4.332149538661485e-10,2.7644305345383176,0.00014715685552646948,1.114021876719904e-06,-3.540164653744021e-09,3.6838669122903918,0.00011939681321500237,-1.056215865294446e-07,7.005232626522289e-11,-3.3552684497737557,-1.2589452823188698,-0.0004918093943958429,-9.779378173718842e-07,4.099200507655644e-09,-0.00037246835577921174,-1.081587391653556e-06,4.1725084278200965e-09,3.2414197893030954,-0.00017111059272915605,5.403878042006047e-09,7.865662544770662e-10,3.732178378509084,-0.00017199014795897803,9.321008842801914e-07,1.680512849668062e-09,-2.864704011147587,-0.00037343260829487203,-1.5761029777047907e-07,5.063133187671009e-09,-1.305636458102436,-6.76175503374633e-05,3.116705073566774e-07,-7.741724638808488e-10,3.6838669122903918,0.00011720004870105841,-1.0138910877745622e-07,1.0013830522534392e-10,6.99031082682665,0.0001846301842320458,1.3514498300251045e-07,3.2716470928469963e-10,6.996354810852589,0.00018532554584781564,1.3746991397951001e-07,3.203465417000845e-10,0.08617769624105241,0.0001859557394029547,1.966942336306834e-07,4.08714704988588e-10,1.2589452823188698,0.0004918093943958419,9.77937817371883e-07,-4.0992005076556304e-09,4.414187375380913,-2.489945755204685,0.00013606861743464365,8.48196712411377e-07,-3.6397989624633018e-09,-7.53701435622027e-05,6.471700371092842e-07,-1.0939806364634312e-09,-2.4959897392306236,0.00013537325581887207,8.458717814343878e-07,-3.63298079487868e-09,1.667706820558076,6.705575711270922e-05,1.6896626947764334e-07,2.347264468584271e-10,0.8164981593315732,0.00020130198845168568,1.088963281943336e-06,-3.3826865794438146e-09,0.8164981593315732,0.00020349875296562966,1.0847308041913455e-06,-3.412772558403944e-09,6.511227180788062,-0.00019450688790914605,7.607630687338105e-07,-1.1821124626451813e-09,4.500365071621965,6.597404877029114,0.00020130111342188812,1.0889867090610313e-06,-3.3826552506592974e-09,0.0003206988016666877,9.83341695413888e-07,-3.312634253178581e-09,5.32611275630039,3.348144936889882e-05,8.464876629796594e-10,-3.7067791120920324e-11,-0.0017000000000000001,4.603406584174906e-05,2.1431812843491816e-07,-4.633247941735256e-10,25709.21,0.910696887869858,0.004600735253523828,7.3491883243313604e-06,17.55,0.006222891063393579,1.9836002395584544e-06,-8.397745688845954e-08,0.0557,-3.547927296876352e-05,-7.186313171172649e-08,3.7211778811767786e-10,0.011766175131662514,3.135709533081428e-06,-9.882307263372051e-09,-3.506461062801654e-11,2
1971-03-31,0.057,-2.114882433477748e-05,2.7736276571302653e-08,3.1291498334271985e-10,0.01250000000000001,3.449656352126553e-07,-3.1405040596772406e-08,-2.27309083666524e-12,-0.0534,-2.774634441654589e-06,3.5441946285770053e-08,-3.732619613686882e-11,7.21,-0.001201696732709244,-1.9025796249071473e-06,2.115769757356405e-08,8.46,-0.0011672001691879791,-5.043083684584383e-06,2.0930388489897563e-08,5.7,-0.0021148824334777496,2.7736276571302523e-06,3.1291498334272e-08,3.38,-0.003976389848948298,8.330915157655528e-06,5.059783412655652e-08,0.0799,6.0177197576334e-05,1.2460560330417296e-07,-5.656509076220536e-10,2.856470206220483,0.0002070225398168247,5.95983988408039e-07,-4.351178302921302e-09,3.6888794541139363,0.00010868591509262046,-9.702150274950965e-08,2.2937242060464533e-10,-3.4673371841667002,-1.374318170073175,-0.0005327686496278619,-3.94746718961993e-07,4.711160040503903e-09,-0.000424332593840384,-4.899859432044452e-07,4.942962931547899e-09,3.2268439945173775,-0.00016413839460759707,9.321700063085106e-08,7.212195979751566e-10,3.7445506514843974,-5.249594905857719e-05,1.0416488939561703e-06,4.905890838434468e-10,-2.9488486876551407,-0.0003130326343064562,4.560497197533145e-07,4.7147155371114e-09,-1.3132797802173748,-4.413717736070771e-05,2.0381865727428023e-07,-9.75252295317626e-10,3.6888794541139363,0.0001064891505786779,-8.931128035710386e-08,2.5477547938661957e-10,6.992655094861577,0.00020297465947767407,1.3806817788572038e-07,1.668994263720382e-10,6.998210053999527,0.00020404829632679616,1.388499220888623e-07,1.607145551849131e-10,0.10664146125792798,0.00020746279252264752,2.2311075079895225e-07,1.8370425834561086e-10,1.3743181700731748,0.0005327686496278616,3.9474671896199445e-07,-4.711160040503895e-09,4.399872420535196,-2.3914929302710246,0.00016565559554259369,3.498955417071145e-07,-4.1568398689008154e-09,-2.9118590587678268e-05,5.145226158377698e-07,-1.7256003030836592e-09,-2.397047889408974,0.00016458195869347125,3.491137975039817e-07,-4.150654997713693e-09,1.6937790608678513,8.863045437211906e-05,1.800108949520222e-07,4.5887267927373525e-11,0.9122827104766161,0.00025994433992764486,5.849852223423547e-07,-4.219312863133415e-09,0.9122827104766161,0.0002621411044415888,5.772749999499439e-07,-4.244715921915392e-09,6.485373017819912,-0.00013687745585429234,6.103870056155694e-07,-1.9779994807437083e-09,4.601162164590552,6.693187351668234,0.00025994748414413793,5.850121076599849e-07,-4.2193419396787284e-09,0.00036863025502026565,4.87963719592841e-07,-3.989940442528755e-09,5.329577053430373,3.343975240540781e-05,-3.2027683028429457e-09,-3.630083949201611e-11,0.027000000000000003,6.495825889744604e-05,1.481939583664286e-07,-6.319873663134594e-10,26324.23,1.4928528651190334,0.0050277106595107215,2.39983914941948e-06,19.08,0.005173624055751655,-7.942716821042671e-06,-7.698865648764489e-08,0.0471,-4.081839322128362e-05,-3.3024436246641587e-08,4.937616155694468e-10,0.012215101407436554,1.937333384691904e-06,-1.2809306170561192e-08,-2.169504814867122e-11,3
1971-06-30,0.0652,-1.4761313532441313e-05,6.34573325298694e-08,2.0547683293752517e-10,0.011100000000000004,-2.182063050048394e-06,-2.8047381508532676e-08,3.552033863486785e-11,-0.05639999999999999,-3.6980987681578275e-07,2.7211394786827537e-08,-5.508846499614843e-11,7.64,-0.0011358369450746877,6.002366460859942e-07,1.8432733527403153e-08,8.75,-0.0013540432500795258,-2.2045015047672714e-06,2.1984767390889952e-08,6.52,-0.0014761313532441298,6.345733252986931e-06,2.0547683293752523e-08,4.75,-0.002507777325809757,1.3235553916080079e-05,3.6132264295816106e-08,0.0833,5.9204254980796945e-05,5.6716536207750793e-08,-5.247417725712327e-10,2.837908188360424,0.0002087453605396132,9.257157384082235e-08,-4.370864874251301e-09,3.703768066607687,9.958180708396769e-05,-6.824465546796194e-08,3.9465115555700094e-10,-3.470547459796949,-1.3939448916910153,-0.0005126100818636259,1.4782205055543877e-07,4.4456282383728916e-09,-0.0004125838431874217,7.89068391242339e-08,4.8370878147003896e-09,3.208421366964342,-0.00015095019469114692,1.7138848561245592e-07,5.685384406373849e-10,3.74856245627511,5.1759673914456714e-05,9.92057155564992e-07,-5.007094481017124e-10,-2.931818947810338,-0.00021058094372364554,9.001470343435707e-07,3.7754609019630985e-09,-1.3069132228513527,-2.869103737986236e-05,9.8852756342522e-08,-1.0106945661557096e-09,3.7013019741124933,9.903445332746785e-05,-5.944119970598145e-08,4.041993375389565e-10,7.034525365404734,0.00022219485641477576,1.446010530536981e-07,2.2444101278974566e-11,7.041035390038091,0.00022335746558941466,1.4518400075651364e-07,2.178156869209699e-11,0.1289665829519414,0.00023256100782691316,2.1920021881170704e-07,-5.556298515983326e-11,1.3939448916910153,0.0005126100818636257,-1.4782205055543575e-07,-4.445628238372887e-09,4.4188760042151225,-2.432159106749377,0.00013946503075770687,-1.210346179966881e-07,-3.899533899014515e-09,2.364013543889182e-05,3.762667778162256e-07,-2.4957899233829724e-09,-2.4386691313827336,0.00013830242158306902,-1.2161756569950245e-07,-3.898871366427647e-09,1.6992786164338898,0.00010219236839906256,1.8787196376893222e-07,-1.0121844997155355e-10,0.8985981920476701,0.0002620780800885127,9.181109052497589e-08,-4.271740953292535e-09,0.9010642845428636,0.00026262543384501254,8.300763476299056e-08,-4.281289135274483e-09,6.500439893772375,-7.329247628031222e-05,4.4181370418838537e-07,-2.91878937279179e-09,4.6023662586553575,6.679511242278968,0.0002620834865904323,9.182840283378471e-08,-4.27181856799299e-09,0.0003616598871724809,2.356643505701156e-08,-3.877089797735524e-09,5.333072841476726,3.2856179684546266e-05,-6.751645756586134e-09,-3.0054513485814576e-11,0.0311,6.798771827152407e-05,8.017765593294797e-08,-6.686065523301947e-10,26383.4,1.8717691891133996,0.00535705260018581,-1.6052970470890817e-06,18.74,0.0033845408771103896,-1.513779242238607e-05,-5.946925638787746e-08,0.0464,-4.254234033617872e-05,2.2039833857969106e-08,5.938726916918028e-10,0.012658941684529142,3.4346272870483086e-07,-1.4468875332054898e-08,-4.361859188287356e-12,3
1971-09-30,0.061399999999999996,-9.210058024664046e-06,7.328020727870335e-08,9.398620771357712e-11,0.011499999999999995,-4.910607935115017e-06,-1.8376568158320114e-08,6.639198938995602e-11,-0.0548,3.2059081249891663e-06,1.7971390900313723e-08,-7.320010629970086e-11,7.44,-0.0010306142450693778,1.9297950597034445e-06,1.4553508885135688e-08,8.59,-0.0015216750385808747,9.213824387143353e-08,2.1192707824131267e-08,6.14,-0.0009210058024664042,7.328020727870338e-06,9.398620771357722e-09,4.69,-0.0015927547638306713,1.607408881142097e-05,2.3489269014008012e-08,0.08439999999999999,5.765532468404057e-05,1.3115653960249073e-09,-4.515689017864912e-10,2.8249439525737094,0.00018560586090242935,-2.939409404757461e-07,-4.0170397817768165e-09,3.708682081410116,9.213454858657613e-05,-2.039191223500268e-08,5.536871106368239e-10,-3.470547459796949,-1.398847674379763,-0.00046128400721562356,5.232706225126146e-07,3.713895954078296e-09,-0.000368505066919813,5.020096402645212e-07,4.261619942629733e-09,3.2003044392827653,-0.00012931522115371477,2.1496263059201443e-07,3.2235920036370223e-10,3.764218810659752,0.00014336963182230364,8.276600573442071e-07,-1.2001121834386304e-09,-2.9077213962312776,-9.643239068444359e-05,1.1170231024166045e-06,2.748127432843385e-09,-1.299582620195925,-2.6671756909497044e-05,4.699126744320048e-09,-9.036569070937793e-10,3.708682081410116,9.322150702738008e-05,-1.1037380004336011e-08,5.44997130820681e-10,7.052955450823867,0.00022977481916119507,1.4958761247115083e-07,-3.613611948594884e-11,7.059828946168373,0.00023055200669642588,1.502922246241493e-07,-2.65859088073181e-11,0.15196992614209603,0.0002550586139133808,2.0039476653944348e-07,-2.5617741750666523e-10,1.398847674379763,0.0004612840072156238,-5.232706225126128e-07,-3.7138959540782975e-09,4.438525910861893,-2.4538033371613386,0.00010219396690071374,-4.5789560439175685e-07,-3.3554006342286597e-09,5.9533923705455685e-05,1.6189332065429425e-07,-3.2829796030546784e-09,-2.460676832505845,0.00010141677936548466,-4.5860021654475863e-07,-3.3649508449072954e-09,1.7083778602890038,0.00011494765111755081,1.6881183446580994e-07,-2.5396362195891363e-10,0.8904700322524124,0.00023983423747533355,-2.8791607968560495e-07,-3.945223864351441e-09,0.8904700322524124,0.00023874727903452892,-2.9727061191627446e-07,-3.93653388453528e-09,6.516016057671616,-3.25047897625802e-05,1.8221248002642125e-07,-3.8372746903013484e-09,4.599152113662528,6.671374500885907,0.00023984126963600693,-2.8791362167687403e-07,-3.945326087614993e-09,0.0003319687860619105,-3.083079919206069e-07,-3.3915367537146074e-09,5.3359021268753075,3.192501726124522e-05,-9.515657336526604e-09,-2.049967614735002e-11,0.0301,6.910270473433663e-05,1.4353730639720933e-08,-6.843598479553498e-10,26524.96,2.2577051024753985,0.0049637283133136065,-6.0545986231344896e-06,18.31,0.0014993394119089203,-1.8608996924569564e-05,-4.0588118188067404e-08,0.0408,-4.032863327029775e-05,8.561017495519052e-08,6.518153784446797e-10,0.0127,-1.1788710176958897e-06,-1.4188908897128748e-08,1.2269034943465811e-11,3
1971-12-31,0.0593,-4.780050075843447e-08,6.544426015834434e-08,-2.1269680498341346e-11,0.011300000000000008,-6.894292450243991e-06,-9.124174069149088e-09,8.225658882283369e-11,-0.052800000000000014,4.302272211039143e-06,1.1612120955196161e-08,-7.470867980476933e-11,7.25,-0.0006855359655787305,2.4727841537454604e-06,1.0191989144651038e-08,8.38,-0.0013749652106031269,1.5603667468305548e-06,1.8417648026934384e-08,5.93,-4.7800500758435335e-06,6.544426015834434e-06,-2.1269680498341196e-09,4.01,-0.00015323926489286334,1.6667270690222934e-05,7.745663459399346e-09,0.0934,5.5902025748069923e-05,-1.6502560246663714e-08,-4.1308413738322196e-10,2.8094026953624978,0.00014895610074614312,-5.594469161315041e-07,-3.5865481585345952e-09,3.716008121502189,9.085322885146255e-05,4.064396133065404e-08,6.670001800019974e-10,-3.473768074496991,-1.4100697782480665,-0.000396926008736059,7.399697997425406e-07,2.8829586894402207e-09,-0.00030626186921484805,7.800094049725443e-07,3.5515648737620543e-09,3.1867657709499673,-0.0001021146362619553,2.3084712807766754e-07,1.9032046504427206e-11,3.8053282667571833,0.000210018658740551,6.565491750687918e-07,-1.5576940942651726e-09,-2.855970331178832,5.919133328451467e-06,1.2077996745352888e-06,1.9754125840308877e-09,-1.305636458102436,-3.340816849591519e-05,-8.04469207288424e-08,-7.344412750719823e-10,3.716008121502189,9.243892655315944e-05,4.8117719055069974e-08,6.457823300471214e-10,7.071297434805258,0.00023739511709050255,1.3387958120492392e-07,-8.538055329567475e-11,7.0774431997441125,0.0002381177408002963,1.3531539305268787e-07,-6.70383901285447e-11,0.17395330712343798,0.0002704227915935369,1.6523504934089228e-07,-3.82145905117927e-10,1.4100697782480667,0.0003969260087360595,-7.399697997425398e-07,-2.8829586894402277e-09,4.4228822420745955,-2.4744618856072242,5.74162553835994e-05,-6.430022528698106e-07,-2.7785460896401204e-09,7.655657240574488e-05,-2.133197891418364e-07,-4.011106913114155e-09,-2.4806076505460792,5.669363167380564e-05,-6.444380647175746e-07,-2.7968882528072327e-09,1.7101878155342434,0.0001343297465364015,1.3443291406486663e-07,-4.783288235362978e-10,0.8808274276958448,0.00020395814362264079,-5.497666329955388e-07,-3.530926822937797e-09,0.8808274276958448,0.00020237244592094216,-5.572403907199531e-07,-3.509708972982897e-09,6.487786337284501,-1.5994290769043296e-05,-2.588261035290269e-07,-4.650836604402972e-09,4.596835549198034,6.661739644407938,0.00020396387303914937,-5.497790109291239e-07,-3.5310159509126023e-09,0.00029481137247410263,-5.091226716648836e-07,-2.863926642935788e-09,5.338593853001273,3.0832626072973404e-05,-1.0817741685228101e-08,-1.0100608307018482e-11,0.0437,6.957198337419291e-05,-3.514462545408005e-08,-7.363556137540212e-10,26516.02,2.8295496454483895,0.004133909476174128,-1.2613648805108511e-05,17.4,-0.0001582524626715709,-1.9590478953220482e-05,-2.5070821697341585e-08,0.0327,-2.9419011850587054e-05,1.5312980087851826e-07,6.251961781699584e-10,0.01253780328848311,-2.5689026971053108e-06,-1.1544597699445077e-08,2.6084098661952554e-11,0
1972-03-31,0.060700000000000004,7.370375882136398e-06,5.603837673565722e-08,-1.0142056214942075e-10,0.01,-6.850413425965826e-06,-1.683527242137491e-09,7.768044326434661e-11,-0.0539,4.1004963200259e-06,4.4976034164475295e-09,-5.844369195756621e-11,7.24,-0.00037647388249669177,3.1042649737369538e-06,7.444790843588454e-09,8.24,-0.001061515225093275,2.9359122495232012e-06,1.521283517002311e-08,6.07,0.0007370375882136404,5.6038376735657174e-06,-1.0142056214942085e-08,3.73,0.0017638507489184606,1.6959175601818898e-05,-1.2230538456466933e-08,0.08410000000000001,5.232628929635342e-05,-2.796881465944244e-08,-3.9268715870532816e-10,2.87976009730157,8.37165418224775e-05,-8.166336381812647e-07,-3.2771249853395764e-09,3.7232808808312687,9.743515206614984e-05,1.1343250866163349e-07,6.990685561238606e-10,-3.5578511917075324,-1.5000465344139653,-0.0003150271142677753,9.106431956608429e-07,2.2862812415385814e-09,-0.00021842382835463928,1.0226063294927537e-06,2.9936999786423104e-09,3.1793030497483774,-7.807770032978168e-05,2.1995408031531835e-07,-2.437047149548955e-10,3.8172726688823353,0.00024883730394641075,5.069440696739699e-07,-1.6149950501867842e-09,-2.9206248010671856,0.00010950859096537646,1.3116757284094205e-06,1.6124375127639584e-09,-1.3133335934220782,-4.482193530683416e-05,-1.3867112174072677e-07,-5.665946304144748e-10,3.7232808808312687,9.952232935434985e-05,1.171686406115048e-07,6.706623540405183e-10,7.081958134797643,0.00025386518218118993,1.2163700011960867e-07,-2.0456008251357548e-10,7.088429646571181,0.0002549126828947937,1.2577318044223057e-07,-1.8199394318618067e-10,0.19722293900113308,0.00028283868009529404,1.1614760594307022e-07,-4.6203427020797e-10,1.5000465344139653,0.00031502711426777564,-9.106431956608429e-07,-2.2862812415385884e-09,4.410858026347386,-2.4026085506353,-1.691576824319578e-05,-8.123261154651494e-07,-2.3254258739799087e-09,6.46552327868269e-05,-6.794714451791435e-07,-4.440872364501583e-09,-2.4090800624088384,-1.7963268956802668e-05,-8.164622957877667e-07,-2.3479920133072645e-09,1.728109442151599,0.00015240857907385905,9.516719394497083e-08,-7.043468511319074e-10,0.9560687033310742,0.00013951426187184206,-8.041216240071708e-07,-3.2290545126173245e-09,0.9560687033310742,0.0001374270845836403,-8.078577559570374e-07,-3.2006483105339627e-09,6.463219163637571,-3.250409401959059e-05,-7.959954702733311e-07,-5.116954421156444e-09,4.679349584162343,6.7369788203277015,0.0001395179817643963,-8.041435756687603e-07,-3.229104414556557e-09,0.0002369494139379917,-6.906891153455367e-07,-2.5299859564934553e-09,5.341302846156209,2.9630697360583795e-05,-1.0816932296168857e-08,7.267343698407191e-14,0.0347,6.610385777206873e-05,-8.818531590629763e-08,-7.780620344801103e-10,26931.03,3.370907011662598,0.003078684322945841,-1.9327847429262925e-05,18.54,-0.0018794377041347816,-2.048152022262937e-05,-1.3958929432590834e-08,0.035,-1.1357803398787011e-05,2.199590005184815e-07,4.975154266348696e-10,0.011766602081560116,-3.704986951636129e-06,-7.717661390304566e-09,3.5264428465460444e-11,0
1972-06-30,0.0611,1.1160952937930834e-05,4.3543799740185625e-08,-1.2383634425498713e-10,0.009699999999999988,-5.64684597892011e-06,5.242513292148739e-09,6.57796774111318e-11,-0.053599999999999995,3.949814151952429e-06,-1.5122057870092945e-09,-4.296496440867893e-11,7.23,-0.0001760491864198202,3.719435004058684e-06,6.717895781675882e-09,8.2,-0.0007407337843118311,4.243686333273546e-06,1.3295863522789057e-08,6.11,0.0011160952937930846,4.35437997401856e-06,-1.2383634425498739e-08,3.91,0.0036243970142473348,1.6214112157009385e-05,-3.229558592422613e-08,0.09519999999999999,5.179858318603859e-05,-7.080557006335357e-08,-4.180232498658827e-10,2.8701690505786455,7.106706234546317e-07,-1.136540367369087e-06,-3.0614145359082175e-09,3.730501128804756,0.00011199633292222066,1.901957559924826e-07,6.416705550992556e-10,-3.561366133814977,-1.5099278104544498,-0.0002299969162459628,1.1017533393206261e-06,1.9363800816143156e-09,-0.00011827560614821875,1.291755863569579e-06,2.5844942153966156e-09,3.17220341666977,-6.0476660645788355e-05,1.7222562642312423e-07,-4.406405977656927e-10,3.8370839187636525,0.0002819420007107852,3.645818781966308e-07,-1.6728396164109878e-09,-2.8949823704538478,0.00022482551761880616,1.4851233306941695e-06,1.3414011748879922e-09,-1.3178160006527273,-6.311338715886977e-05,-1.7092177973675896e-07,-3.84352331716952e-10,3.730501128804756,0.00011408351021042276,1.9042076998483824e-07,6.123730579950199e-10,7.115264447785253,0.0002698818438833489,1.1841975027524631e-07,-3.29301429969441e-10,7.121885532290744,0.0002712245095240928,1.2611508620807077e-07,-3.086416055352457e-10,0.22869364642669462,0.0002935413758259503,6.88980015724433e-08,-5.129281637571897e-10,1.5099278104544496,0.0002299969162459628,-1.1017533393206268e-06,-1.936380081614318e-09,4.4537871770443225,-2.4331332206610337,-0.0001003615882831748,-1.0479474631727569e-06,-2.047719249410556e-09,-2.1088728589886697e-05,-1.157597414482947e-06,-4.072970780661186e-09,-2.4397543051665243,-0.0001017042539239208,-1.0556427991055717e-06,-2.0683790738447223e-09,1.7509374747078,0.00015731053262232133,2.1283138803824093e-08,-8.49870211064643e-10,0.9516300983194639,5.752392267795049e-05,-1.1197234688899911e-06,-3.0186912344792276e-09,0.9516300983194639,5.543674538974873e-05,-1.1199484828823415e-06,-2.989393737374994e-09,6.502676923395421,-0.0001323797812303157,-1.3383566845555191e-06,-4.690253173583795e-09,4.68213122712422,6.73254438142323,5.7524661532100394e-05,-1.11974503988661e-06,-3.018689050802883e-09,0.00016952025560017166,-9.295277128975073e-07,-2.377020679379974e-09,5.343992117462401,2.8583557372615503e-05,-1.0237031440667122e-08,7.957615728585389e-12,0.0525,5.7696515838639854e-05,-1.7381055966540135e-07,-7.784556273650042e-10,27468.78,3.562977879104335,0.001005532364827396,-2.392702047417644e-05,18.09,-0.0037275833748891428,-2.2363470664594998e-05,-4.326435319190375e-09,0.0271,1.3311968857941762e-05,2.70853394387017e-07,2.69546042340867e-10,0.010985183130874581,-4.186809510060629e-06,-3.7018922961869218e-09,3.7158131848828257e-11,0
1972-09-30,0.0655,1.2813309775894698e-05,2.802016967863082e-08,-1.1419450674366797e-10,0.008700000000000001,-4.597082825788865e-06,1.0663587773588758e-08,6.210461377492661e-11,-0.0527,3.5823968938219085e-06,-4.169332280799765e-09,-4.0527561317078875e-11,7.22,0.0001023591833893736,4.292600140850563e-06,5.4726647609520875e-09,8.09,-0.0003573490991895092,5.358958918209435e-06,1.1683126138444746e-08,6.55,0.001281330977589469,2.8020169678630786e-06,-1.141945067436681e-08,4.66,0.005118207440887018,1.2407790339709766e-05,-5.0854269109923876e-08,0.0959,5.2515307371646e-05,-1.2599683251130925e-07,-4.4641653808030073e-10,2.8684669225081145,-9.644286622497583e-05,-1.4556504253053312e-06,-2.4575366553086015e-09,3.7400477406883357,0.0001333014094536955,2.545365967760446e-07,4.848178093924719e-10,-3.5684333010380693,-1.5291139899105666,-0.00013840078617575433,1.2889932331059784e-06,1.3629427410843623e-09,-5.197385607637328e-06,1.5463583803765433e-06,1.851454729369329e-09,3.165896900077314,-4.3234424451386866e-05,1.1019664993577719e-07,-5.805146369170478e-10,3.8556642717587617,0.000318712997840221,2.4239331157452697e-07,-1.936708209294264e-09,-2.8806194664534863,0.0003569292191634574,1.6762176664638129e-06,4.882056348688195e-10,-1.3218054823730747,-8.330018282761003e-05,-1.9900436789219657e-07,-1.9616934233826016e-10,3.7400477406883357,0.0001353162018940028,2.5146084167844516e-07,4.595101499352892e-10,7.14390902942954,0.00027737000576065626,8.577972747684636e-08,-4.1432502248320033e-10,7.150297454425608,0.00027956828223684447,9.617441452303396e-08,-4.060390565086171e-10,0.26086926601425364,0.00029767788832671995,2.40126600081745e-08,-5.108230021716806e-10,1.5291139899105668,0.00013840078617575433,-1.2889932331059797e-06,-1.3629427410843619e-09,4.496528219645806,-2.44889813944166,-0.00018220364403629465,-1.264576310647057e-06,-1.5291323555181587e-09,-0.00017940562980399004,-1.6193232906213862e-06,-2.7931782934766402e-09,-2.4552865644377277,-0.00018440192051248015,-1.2749709976932279e-06,-1.5374183214927481e-09,1.7595805708638197,0.00015650580225181273,-9.138841243275618e-08,-9.231631649344177e-10,0.9549631492995452,-3.813504772933376e-05,-1.4333331799462477e-06,-2.42827518739383e-09,0.9549631492995452,-4.014984016963864e-05,-1.4302574248486413e-06,-2.4029675279366658e-09,6.541651402755404,-0.00031444104677518376,-1.8624311210729195e-06,-3.2521070113495803e-09,4.695010889987881,6.735875021605469,-3.8138545053063853e-05,-1.4333491296674502e-06,-2.4282185447688602e-09,9.516636172436296e-05,-1.1787965831701995e-06,-1.9434573780013663e-09,5.346631226826587,2.7816293982001194e-05,-8.982673429339127e-09,1.2359953138574196e-11,0.0538,4.312199949574795e-05,-2.714920888528731e-07,-6.898411757535267e-10,27659.29,3.5837598302748974,-0.0021687559329351394,-2.6399815413902655e-05,17.82,-0.005639590172276596,-2.361830264042569e-05,1.0755812433050897e-08,0.0319,4.329552860777979e-05,2.9001653703403017e-07,-5.882880848109225e-11,0.0108,-4.098036712952415e-06,2.7047911904783766e-10,3.278858395131637e-11,1
1972-12-31,0.0636,1.4521452191806178e-05,1.5885123543236983e-08,-9.470441915237834e-11,0.008499999999999997,-4.08384457912225e-06,1.406353268356747e-08,6.665022597799256e-11,-0.05249999999999999,3.4051733096132956e-06,-4.104396079006224e-09,-5.056225568833104e-11,7.08,0.0005765082464906813,5.058452264535265e-06,2.3330249764485622e-09,7.93,0.0001681237885784559,6.464805532892015e-06,8.99804757424785e-09,6.36,0.0014521452191806172,1.5885123543236888e-06,-9.470441915237848e-09,5.07,0.0062958364880100065,5.6446618822672465e-06,-6.595885159087491e-08,0.1164,3.872015360642806e-05,-1.7615271708448546e-07,-3.2819862395049344e-10,2.9258461460898246,-0.00025716289735269184,-1.7479970082713586e-06,-1.0712268082564715e-09,3.7495040759303713,0.00016230078430048907,2.965419697893425e-07,2.2630309951575248e-10,-3.619353391465326,-1.5875515169323762,-1.4403306047874182e-06,1.4777355288619886e-06,2.3696859495907483e-10,0.00016069423717789204,1.777598140708266e-06,4.648076068500667e-10,3.1788868166518376,-3.557553115097478e-05,5.330621379023664e-08,-6.113184437274402e-10,3.8907993689765195,0.000341391913280803,9.795557172547868e-08,-2.3301234429373335e-09,-2.9077213962312776,0.0005380598084236896,1.8183081519243332e-06,-1.2589576662458066e-09,-1.3280254529959148,-9.897019549063562e-05,-2.1684125519314945e-07,-4.979041099413219e-12,3.7495040759303713,0.0001642513757754517,2.918130514691309e-07,2.0759661011374042e-10,7.162836160818753,0.0002856948019190661,2.037464992425454e-08,-4.918176623924536e-10,7.16972331111381,0.00028922893262011974,3.187496420713861e-08,-5.065856991748347e-10,0.28517894223366247,0.00029626827196256643,-2.727709326633913e-08,-4.5876657480368533e-10,1.5875515169323762,1.4403306047874182e-06,-1.477735528861989e-06,-2.3696859495907266e-10,4.481259391350552,-2.39639782723454,-0.000319830002465259,-1.444803964996017e-06,-3.5646937629399825e-10,-0.0003606206453797459,-1.9067225787502294e-06,-8.339885263190448e-10,-2.4032849775295957,-0.00032336413316630814,-1.4563042792788842e-06,-3.4170133951165386e-10,1.776645831418007,0.0001476575210837161,-1.9761853927528313e-07,-8.732375174117379e-10,1.0169342576538425,-0.00019643598484668008,-1.7209712848610913e-06,-1.0745901382022233e-09,1.0169342576538425,-0.00019838657632164166,-1.7162423665408775e-06,-1.0558836488002302e-09,6.512661019267616,-0.000521375802902474,-2.1967247577755836e-06,-1.078782134669152e-09,4.7664383335842135,6.797839961501278,-0.00019644013740315185,-1.7209812721271197e-06,-1.074504573059713e-09,-3.4135200546190485e-05,-1.4244293150717465e-06,-8.482870386864818e-10,5.349191597146233,2.7065018333527478e-05,-7.234001915157854e-09,1.5255103978141615e-11,0.0689,1.3087460739184947e-05,-3.46784190885231e-07,-3.9618066550133544e-10,28055.28,3.3611712863645438,-0.005227924800874249,-2.521239143567792e-05,18.3,-0.00824086843784567,-2.290665773062522e-05,3.552765229821721e-08,0.0341,7.524402724622855e-05,2.7258364135118573e-07,-4.510110944509794e-10,0.010666514829877457,-3.8002341929892515e-06,3.3354731616809082e-09,2.5873655631701384e-11,1
1973-03-31,0.06709999999999999,1.6001081139717366e-05,9.465980816970256e-09,-7.261553963012787e-11,0.007399999999999993,-2.9690121556654494e-06,1.8526153738260413e-08,7.000194804302565e-11,-0.052099999999999994,2.745574177455347e-06,-5.481395084232217e-09,-6.518209276763565e-11,7.29,0.0011061089973672723,5.490370148914529e-06,-2.7013429192892412e-09,8.03,0.0008092077818007248,7.342985522740569e-06,4.2988518850133725e-09,6.71,0.0016001081139717364,9.465980816970165e-07,-7.261553963012815e-09,6.09,0.006783899743357652,-2.4246928878836917e-06,-7.189519296093244e-08,0.11939999999999999,1.0592684734126714e-05,-2.2155726748565208e-07,-4.077157245055385e-11,2.8570447537800976,-0.0004459950108520329,-1.9071048788376548e-06,9.773399195835976e-10,3.768152635008444,0.0001944385116167978,3.106099981509631e-07,-9.148223456794697e-11,-3.5684333010380693,-1.5557453633300662,0.00014955796561894538,1.5586006293370978e-06,-1.3691361260221821e-09,0.0003444185674749918,1.8704271070016317e-06,-1.466495772403595e-09,3.1663185741295248,-3.813911415961879e-05,-1.0031885835688842e-08,-5.424205918617872e-10,3.9296664406007413,0.0003460907826467699,-1.3995935089653412e-07,-2.747421089032282e-09,-2.8051119139453413,0.0007286163835352116,1.7387402871218911e-06,-3.6698147651787374e-09,-1.3360879862310726,-0.00011724860512419763,-2.1103150753845436e-07,2.732389474951576e-10,3.770459441106359,0.00019538888424436366,3.053830488113846e-07,-9.890494063075305e-11,7.19210982134121,0.00028957215918794384,-3.845437076051887e-08,-5.062695515840049e-10,7.198876680156427,0.00029457056511504457,-2.888391525922673e-08,-5.485106746328122e-10,0.3086084224431267,0.0002921909542152239,-7.571790677733539e-08,-3.690974030179999e-10,1.5557453633300662,-0.00014955796561894557,-1.5586006293370971e-06,1.3691361260221881e-09,4.440754969747921,-2.470045883881619,-0.0004772692389665125,-1.5301781444122665e-06,1.3329850857444564e-09,-0.0005616315514038655,-1.8746709359834854e-06,1.7255345699380386e-09,-2.476812742696836,-0.00048226764489360703,-1.5397485999135526e-06,1.3752262087932083e-09,1.801709800081223,0.00012144941920858333,-2.7721343555044907e-07,-6.097773484624977e-10,0.9539113024511466,-0.000382135591395364,-1.879242513323739e-06,9.18197768728365e-10,0.9516044963532315,-0.0003830859640229287,-1.8740155639841665e-06,9.256204747911536e-10,6.455346113537053,-0.0007507164944673475,-2.1749091868520997e-06,1.751826318050188e-09,4.722063937459591,6.7348175559785215,-0.00038213846556217206,-1.8792405682027002e-06,9.182759142778199e-10,-0.00018769707977856555,-1.5686325151727782e-06,8.267155341604026e-10,5.351418064926949,2.6342176372266824e-05,-5.822624521690041e-09,1.7597670926709687e-11,0.0756,-3.2861758490148316e-05,-3.866694817366911e-07,1.162022979502358e-10,28681.15,2.6554061362022763,-0.007578128417859509,-1.7955380689321484e-05,16.53,-0.010854909516747765,-1.9321226470141746e-05,6.507577301359228e-08,0.045899999999999996,0.00010267506460991022,2.1317078314595027e-07,-8.277759295203795e-10,0.010200610451848561,-3.3284071937842715e-06,4.917710675710488e-09,1.8160862489350685e-11,1
1973-06-30,0.069,1.684677312888762e-05,7.59031409842874e-09,-5.4989127381794675e-11,0.007600000000000007,-1.066049900529284e-06,2.7276174154088728e-08,6.444216909936377e-11,-0.05060000000000001,1.869001474795679e-06,-1.5326931987646965e-08,-8.707859394160936e-11,7.37,0.0017429773946704516,5.084923783631064e-06,-9.903077251147958e-09,8.13,0.0016363724046175253,7.812541199039938e-06,-3.4588603412115603e-09,6.9,0.0016846773128887603,7.590314098428689e-07,-5.4989127381794795e-09,7.19,0.006164164116665503,-1.027534860889129e-05,-6.436203782198896e-08,0.1165,-1.6503986710370813e-05,-2.3033408244202262e-07,3.006842148347775e-10,2.7606426512213806,-0.0006471608229565648,-1.7145245486719412e-06,3.676326430882166e-09,3.7887247890836524,0.00022584527553536,2.866676290434246e-07,-4.192494147319282e-10,-3.4834926243889854,-1.4903834207895204,0.00031298664467392727,1.3381176889522016e-06,-3.5738907463225082e-09,0.0005399433049228825,1.6250244003982392e-06,-4.005964347702869e-09,3.1616703510974213,-4.106909219549065e-05,-6.857159633735885e-08,-4.514929533406117e-10,3.9704805749997147,0.00033465377737701906,-4.5870203818853157e-07,-3.021131036442059e-09,-2.6736487743848776,0.0009146429422909712,1.2341840782563573e-06,-6.564512380791144e-09,-1.3541710429913156,-0.00014246236804742342,-1.8786644999913975e-07,6.734901003486871e-10,3.7887247890836524,0.00022579819975460658,2.7996139039696087e-07,-4.144803868314785e-10,7.228018281472588,0.0002799307176053048,-8.402818794905479e-08,-3.6948209204670623e-10,7.235734408198455,0.0002861766773204766,-8.035401319091442e-08,-4.34926141336998e-10,0.3377091492121857,0.00028303798867198004,-1.0867784754116795e-07,-2.228484612716291e-10,1.4903834207895204,-0.00031298664467392743,-1.3381176889522014e-06,3.573890746322515e-09,4.324336453457817,-2.5759645095856465,-0.0006339864544747279,-1.3226610973404908e-06,3.4918798850286564e-09,-0.0007738279601879929,-1.5788176253335147e-06,4.568032667389715e-09,-2.583680636311513,-0.0006402324141898938,-1.3263352720986378e-06,3.5573239343188897e-09,1.8115620965242347,8.25936252648967e-05,-3.3661398487834563e-07,-1.8263589821766935e-10,0.8633289828032892,-0.0005799010124047795,-1.6933569143329724e-06,3.5416472077138314e-09,0.8633289828032892,-0.0005798539366240247,-1.6866506756865143e-06,3.53687817981337e-09,6.315144181808458,-0.0009961684685657474,-1.8606050794506263e-06,4.9200804521472694e-09,4.6520537718869415,6.644245358501341,-0.0005799033701405651,-1.6933416903673484e-06,3.5417016498474017e-09,-0.0003540557368694179,-1.4066892852895519e-06,3.122397792981885e-09,5.353650164956804,2.5933184519689317e-05,-4.5243479203634e-09,1.8075129485232752e-11,0.0632,-7.831204250564972e-05,-3.673958949252979e-07,7.104475463281702e-10,28924.51,1.5852947092234557,-0.00932588736338449,-5.963718952210695e-06,14.5,-0.012710576024153403,-1.1057442347929727e-05,9.2939613089804e-08,0.06,0.00012121888793634224,1.0778749106890005e-07,-1.1275725506028873e-09,0.009729870351715261,-2.699481509172375e-06,5.786690869591803e-09,1.0622243765884746e-11,1
1973-09-30,0.0709,1.6150997828308105e-05,5.274053319324592e-09,-4.634469042161999e-11,0.010000000000000009,1.4021546469450115e-06,3.714209834391563e-08,3.9093669637459394e-11,-0.0553,2.4667258312036824e-06,-2.788791861160974e-08,-1.0687780101707857e-10,7.63,0.002318405952020701,3.862266022645779e-06,-1.7344803155944206e-08,8.63,0.002458621416715204,7.576475857037356e-06,-1.3435436192198263e-08,7.09,0.001615099782830806,5.274053319324465e-07,-4.634469042161984e-09,8.29,0.004381462820843863,-1.668442722927665e-05,-4.423753668513148e-08,0.111,-3.937679041132727e-05,-1.6720663766536304e-07,6.357480228941864e-10,2.739548868161581,-0.0008626841310523662,-1.2155887149416404e-06,6.602853057112157e-09,3.8110970868381857,0.0002540946318431173,2.240247485149926e-07,-7.163537495817155e-10,-3.473768074496991,-1.5052144065633493,0.000490234135148953,8.896539302383815e-07,-5.994328254887425e-09,0.0007451034812283846,1.1133381683920619e-06,-6.721019045732527e-09,3.154443964708812,-4.8374314560913065e-05,-9.682477311021282e-08,-3.247052635095707e-10,4.009694032601592,0.00028584391524970955,-7.936438069755235e-07,-2.75580908614821e-09,-2.6200393237794968,0.0010784748783686817,4.155799822282058e-07,-9.140981439066056e-09,-1.371988968421653,-0.00016338817121914692,-1.266535590846804e-07,1.0983101479177667e-09,3.8110970868381857,0.0002540475560623617,2.175682684754872e-07,-7.048616903432532e-10,7.254097928128763,0.0002623061166773147,-1.2484779149817977e-07,-1.4000634883917086e-10,7.2622870279182985,0.000268930018969947,-1.3011017363912382e-07,-2.143006323250969e-10,0.36743927390595715,0.00026844843937086344,-1.2476531456308338e-07,-2.8432182440686483e-11,1.505214406563349,-0.0004902341351489528,-8.896539302383807e-07,5.994328254887429e-09,4.203881839937085,-2.594439556856602,-0.0008009145663871852,-8.616309118503977e-07,5.8096293402170595e-09,-0.0009220631369334098,-1.028750406751716e-06,6.884456325989142e-09,-2.6026286566461376,-0.0008075384686798131,-8.563685297094654e-07,5.883923623702948e-09,1.8066480817218056,4.7400358527628295e-05,-3.447385020702733e-07,2.877565619595695e-10,0.8485612844339755,-0.000792703081552984,-1.2105034518635791e-06,6.385976740959559e-09,0.8485612844339755,-0.0007926560057722291,-1.2040469718240759e-06,6.374484681721106e-09,6.170118326873666,-0.0011728432468121539,-1.268800222223463e-06,7.531443971975689e-09,4.659658371272161,6.629468928170718,-0.0007927055246593456,-1.2104843904230451e-06,6.385998677174134e-09,-0.000538608449709866,-9.864787033485902e-07,5.669622991377839e-09,5.356161656232475,2.5682554766568583e-05,-2.5828237960437394e-09,1.722688374835711e-11,0.04769999999999999,-0.00011357862798732049,-2.5640330628103433e-07,1.266329525992e-09,28705.72,0.5947169983529192,-0.009621205309777456,7.483019394055284e-06,13.73,-0.01378397245770357,5.925991482144021e-07,1.1157583888291614e-07,0.0736,0.00012957679996852763,-2.7619337273487234e-08,-1.291628753546615e-09,0.0096,-2.151691083101543e-06,6.474272939704527e-09,4.8860654529016314e-12,4
1973-12-31,0.0674,1.6437662292159552e-05,-2.2762492934399963e-10,-5.1172873162787355e-11,0.008000000000000007,5.307030819800209e-06,4.279162356687222e-08,-1.7280613707070924e-11,-0.049100000000000005,8.358241218764558e-08,-3.752884121225526e-08,-8.253291819708917e-11,7.68,0.0026209632784302316,1.6486670723195542e-06,-2.1914920155880333e-08,8.48,0.0031516663604102533,5.927829429006791e-06,-2.364298152658743e-08,6.74,0.0016437662292159525,-2.2762492934418365e-08,-5.11728731627873e-09,7.45,0.0021172757288168225,-2.0279671994501945e-05,-1.6054032616980833e-08,0.1109,-5.809978582629927e-05,-6.433500783698053e-08,8.956705615540496e-10,2.6019486702196644,-0.0009745392991469242,-4.723989682965442e-07,8.418466815681044e-09,3.832979798087693,0.0002747781544909497,1.363252535469848e-07,-9.167252287683533e-10,-3.332604590196544,-1.3856615164621282,0.000564912489572208,2.4098411948874197e-07,-7.363058146148059e-09,0.0008396082846702034,3.7503068367903607e-07,-8.28416646661388e-09,3.165896900077314,-6.430043235057248e-05,-1.1539221262999586e-07,-1.4490531471648305e-10,4.0472529546882505,0.00018599348381877835,-1.108849837510535e-06,-1.6992317103330902e-09,-2.452245867548452,0.0010900435475285325,-6.174425119408814e-07,-9.832551621392362e-09,-1.3783261914707137,-0.00017578739400903927,7.3817375558332845e-09,1.4641733155332353e-09,3.835141961092188,0.00027420090087010296,1.3314826452397103e-07,-9.004857928465404e-10,7.2681100440665976,0.00024953641503877995,-1.3305596605527094e-07,8.940947586912684e-11,7.277741730369013,0.00025515787918658215,-1.4835450022874537e-07,2.731452617105727e-11,0.3920420877760237,0.0002534657839857112,-1.1885213862662606e-07,1.6005976273563423e-10,1.3856615164621282,-0.0005649124895722078,-2.409841194887396e-07,7.363058146148059e-09,4.159516328763418,-2.7165516275271546,-0.0008787493369615609,-2.2332036606345105e-07,7.1287433555624395e-09,-0.000988952128185229,-1.6928068284675205e-07,8.190889517811031e-09,-2.7261833138295706,-0.0008843708011093615,-2.0802183188998824e-07,7.190838305260508e-09,1.8164520818184267,1.3548889914827277e-05,-2.813906316674416e-07,7.518867440708281e-10,0.718578618451749,-0.0009039910764137288,-4.927015856657185e-07,8.1348780601999e-09,0.7164164554472539,-0.000903413822792884,-4.895245966427066e-07,8.11863862427811e-09,6.107444155765215,-0.0012586895270342263,-3.2897346321845814e-07,9.043659400586308e-09,4.551558416539442,6.499486243541238,-0.0009039896996486843,-4.926872102165437e-07,8.134854017768736e-09,-0.0006292129219227803,-3.5637633211873914e-07,7.218152831431559e-09,5.358646763439149,2.540414904998803e-05,-5.322056596000907e-10,1.6103377656966306e-11,0.04019999999999999,-0.0001380475611860962,-8.019053863073958e-08,1.6781687718366016e-09,28911.96,-0.3609815922010625,-0.007913766974999473,2.083377625459658e-05,11.62,-0.013192203037574169,1.2965825631772892e-05,1.0860518478469089e-07,0.08710000000000001,0.00012145593110347599,-1.6804289064078955e-07,-1.2409604752506874e-09,0.009526189006362538,-1.6453144514566397e-06,6.723669308356031e-09,2.561937047181712e-13,2
1974-03-31,0.0721,1.7745286718101864e-05,-6.0345097627623314e-09,-7.017764022660222e-11,0.006099999999999994,1.0871910107772866e-05,4.097110987654464e-08,-9.58332220826908e-11,-0.0509,-6.927440539676372e-06,-5.030345398067246e-08,-4.320613994529841e-12,8.01,0.0026986775693661896,-1.3483703783826482e-06,-2.2984730375429054e-08,8.62,0.0037858685801434797,2.748740609271822e-06,-3.2568052583698174e-08,7.21,0.0017745286718101841,-6.034509762762387e-07,-7.017764022660209e-09,7.96,-0.00011974175595547559,-2.0360189221687887e-05,1.2802615020787605e-08,0.08259999999999999,-6.065030812414872e-05,3.925049905391576e-08,9.310513857692515e-10,2.58851563240702,-0.0009455817599723141,6.273950686266091e-07,8.505543866135067e-09,3.86702563949741,0.0002823462027647085,3.137266034490309e-08,-9.668406961663702e-10,-3.343872315042886,-1.4299254424792953,0.0005183256401346779,-7.371427134062311e-07,-7.197357418044367e-09,0.0008006448861880289,-7.089779346129788e-07,-8.166623155292875e-09,3.1493113614822916,-7.707727616309834e-05,-1.31747618894617e-07,2.8251883081315684e-11,4.03742141482248,5.532487303560804e-05,-1.3088557820294776e-06,2.0958834211324004e-12,-2.4557362724882204,0.0009329018295390689,-1.8833571746856487e-06,-8.186525189227723e-09,-1.3867858422459685,-0.00017799550838661568,1.9098830416083992e-07,1.6799171946088384e-09,3.86702563949741,0.00028082727305983395,3.111694899117474e-08,-9.448218713901706e-10,7.2972867854522,0.0002364873970605752,-9.830135923113883e-08,3.1040346765474737e-10,7.306927964592253,0.00023993973924164302,-1.2096919922855629e-07,2.805303294954291e-10,0.4140851775998692,0.00024110120769923836,-8.737933918716218e-08,2.9904024304991937e-10,1.429925442479295,-0.0005183256401346779,7.371427134062332e-07,7.1973574180443665e-09,4.109926946911054,-2.7180499814906134,-0.0008318903133583487,7.036964537427665e-07,6.915205833470901e-09,-0.0009901064339843564,8.137787223635082e-07,8.280712344471472e-09,-2.727691160630666,-0.0008353426555394169,7.26364293740176e-07,6.945078971630242e-09,1.8082887711792655,-1.6275369042323406e-05,-1.7358074206749978e-07,1.1232968095763041e-09,0.7122111644641765,-0.0008777491190624838,5.740224341667142e-07,8.192449997292022e-09,0.7122111644641765,-0.0008762301893576092,5.742781455204426e-07,8.17043117251584e-09,6.037816383613392,-0.0012731394277014723,7.614719505317567e-07,9.248479161479067e-09,4.579236803961587,6.493118236991262,-0.0008777443098982429,5.740314016274125e-07,8.192388297257441e-09,-0.0005954029162977762,6.053950945116122e-07,7.2256093011256696e-09,5.360727699303801,2.535694986636888e-05,8.362205756890068e-10,1.3137147306222688e-11,0.0064,-0.00014063820159819065,1.1280823734046418e-07,1.7729806345666633e-09,28598.03,-1.1975424988401528,-0.004904255141589239,3.15294958668741e-05,11.66,-0.010769137863261665,2.5403990284257395e-05,8.108737787631442e-08,0.1039,9.534068616784617e-05,-2.9886827764702636e-07,-9.58803541926063e-10,0.009389071203149612,-9.822717889628076e-07,6.583537946859008e-09,-5.227197506252006e-12,2
1974-06-30,0.0754,1.749013993252033e-05,-1.072316293525105e-08,-8.991166033855972e-11,0.00799999999999999,1.5861356410262647e-05,2.756866364092573e-08,-1.706727386582193e-10,-0.05369999999999999,-1.210608894441173e-05,-5.6712299763925725e-08,9.077011892303701e-11,8.47,0.0025112225606068296,-3.896620392062376e-06,-2.046321933723502e-08,9.27,0.0040973582016331014,-1.1397540279698007e-06,-3.7530493203057026e-08,7.54,0.0017490139932520242,-1.072316293525105e-06,-8.991166033855914e-09,7.9,-0.0020372901978517447,-1.681019600340716e-05,3.5134279943545e-08,0.08220000000000001,-4.276016638183306e-05,1.4394278370813716e-07,7.077502596405756e-10,2.4756977107026903,-0.0008708327269312816,1.7298325958115415e-06,7.231585315554784e-09,3.8918202981106265,0.0002788482940071224,-7.741543515577346e-08,-8.782778551173747e-10,-3.2441936328524905,-1.3554788300004743,0.0004455229902504713,-1.683207449029068e-06,-5.83524856592899e-09,0.0007242949529661244,-1.7622837368545782e-06,-6.712615021928654e-09,3.1419947805322432,-8.496924156746328e-05,-1.200771455028608e-07,2.2678532365494907e-10,4.056988775678332,-9.043783952654219e-05,-1.2482320636311614e-06,2.072478657741534e-09,-2.3299562897901778,0.0007185374719902337,-2.888781228421182e-06,-4.860742385152409e-09,-1.4206059323195255,-0.00015392777944544782,3.804386470939063e-07,1.5765167811674672e-09,3.8918202981106265,0.0002774293453800758,-7.66438911099464e-08,-8.560390219101981e-10,7.307342479320839,0.00022465040531254726,-4.865864106514935e-08,4.775889801897933e-10,7.318722555693755,0.00022496209823105046,-7.278706258329767e-08,4.928395759744413e-10,0.4302745891107182,0.00023344343933044174,-4.189960297446656e-08,3.6269344250797335e-10,1.3554788300004743,-0.00044552299025047077,1.683207449029069e-06,5.835248565928983e-09,3.948651470546466,-2.8098688687881217,-0.0007551426371304792,1.6117889445913638e-06,5.584444909394107e-09,-0.0008704640515403962,1.6786410180557282e-06,6.743955313905833e-09,-2.8212489451610376,-0.0007554543300489821,1.6359173661095097e-06,5.569194313609482e-09,1.809926773183504,-2.8862407347814492e-05,-3.967828892959464e-08,1.2664463003277097e-09,0.6056533124220908,-0.0008093405258250566,1.6405457386819809e-06,6.9403117447013e-09,0.6056533124220908,-0.0008079215771980097,1.6397741946361587e-06,6.918072911494124e-09,5.839550171259054,-0.0011561327116639513,1.729783545290737e-06,7.690494697117598e-09,4.497473610532717,6.386559402874957,-0.0008093350447478526,1.640548620811195e-06,6.940251902975467e-09,-0.0005304922318179354,1.5631303035262082e-06,6.0620338895839374e-09,5.362819950496947,2.5699769450633626e-05,1.8319410837569787e-09,7.435049211933726e-12,-0.0021,-0.00011320139106572795,3.0909701327665954e-07,1.4706880142121836e-09,28600.77,-1.5569366502443018,-0.0011015722466026958,3.57987394581251e-05,10.27,-0.007831755052835376,3.41265795662925e-05,3.8525864941838096e-08,0.10859999999999999,5.775871982501026e-05,-3.9345926244947486e-07,-5.091571310636944e-10,0.00925697177277698,-2.530161977277136e-07,6.119284013554862e-09,-1.1194234553151567e-11,2
1974-09-30,0.08039999999999999,1.5045726284407451e-05,-1.89276901920071e-08,-9.595612648329175e-11,0.009399999999999995,1.906372661325741e-05,2.5758123560861153e-09,-2.182249686369386e-10,-0.049100000000000005,-1.7299240661512533e-05,-3.901774992726468e-08,1.949566210234987e-10,9.24,0.0018462989428415135,-5.483148734840744e-06,-1.3554727835750025e-08,10.18,0.0037526716041672596,-5.225567499232137e-06,-3.537722469944393e-08,8.04,0.0015045726284407368,-1.8927690192007196e-06,-9.595612648329118e-09,8.06,-0.0035252511786063824,-1.0643614056528312e-05,4.8340563612481655e-08,0.08800000000000001,-2.2346753611562215e-05,2.215804350083528e-07,3.4492397395249286e-10,2.1610215286722587,-0.0006582676430587897,2.3128190386235034e-06,4.285193415499071e-09,3.92395157629342,0.0002662615196737571,-1.61242332144631e-07,-6.669921632955664e-10,-2.9431398234348203,-1.0862115170193976,0.00024115322204540761,-2.1217029914827274e-06,-2.8881501194450436e-09,0.000506900806217856,-2.2838424286895875e-06,-3.5484790870708844e-09,3.1350593387750902,-9.969027874311559e-05,-9.032113531910531e-08,5.183028819895973e-10,4.066287964439575,-0.00023974246700051647,-9.009183906583807e-07,4.048632527874399e-09,-2.01215679487424,0.00036703939640070663,-3.09318353969009e-06,-1.7400500135979927e-11,-1.4544976815072315,-9.891770763864727e-05,5.546678876493471e-07,1.113033620105302e-09,3.92395157629342,0.00026573199805655023,-1.59139338519225e-07,-6.543476799461209e-10,7.333059615023859,0.00022341648455145857,5.951187201935417e-09,5.023400634448166e-10,7.343719200457353,0.00022042877984346508,-1.3354577616539685e-08,5.611801007339816e-10,0.44676901242261896,0.000233273482681458,2.5964770100233797e-09,3.3264827085778695e-10,1.0862115170193976,-0.0002411532220454064,2.121702991482728e-06,2.888150119445032e-09,3.784345526789285,-3.1117887592293716,-0.0005642599853399796,2.0254306689616877e-06,2.9041129379897924e-09,-0.0006199571674804248,2.3354010249735924e-06,3.7013529288221807e-09,-3.1224483446628657,-0.0005612722806319848,2.044736433780164e-06,2.8452729007006424e-09,1.80005827204275,-2.376387760587642e-05,1.1049372268521761e-07,1.1518778078480286e-09,0.2973192795010677,-0.0006071050204622805,2.1926241883082485e-06,4.073445164730207e-09,0.2973192795010677,-0.000606575498845073,2.1905211946828488e-06,4.060800681380755e-09,5.637257830981024,-0.0008914955423548262,2.4792412864680687e-06,4.458659018450256e-09,4.221270855794487,6.07823839589002,-0.0006071027176335023,2.1926165137554383e-06,4.073419438680114e-09,-0.0003408435007885249,2.031381856163623e-06,3.4064530014346477e-09,5.365274834672918,2.6085777441203078e-05,2.546058419039529e-09,1.5594237804744352e-12,-0.0063,-7.167429947421166e-05,4.677064812870812e-07,8.65035928551413e-10,28262.26,-1.4213518916362204,0.00316605949214034,3.274471362206361e-05,7.48,-0.003965737830940182,3.452290707850974e-05,-1.3489659120573195e-08,0.1195,1.3368619760396623e-05,-4.1784610107467844e-07,4.5393078836705524e-11,0.0092,3.5575770694256174e-07,4.824657878375331e-09,-1.5816714651393588e-11,2
1974-12-31,0.07429999999999999,1.231548999461328e-05,-3.241779286833253e-08,-9.054460182564175e-11,0.017400000000000002,1.8575587806647148e-05,-2.5993209791237074e-08,-2.1746265553022513e-10,-0.05260000000000001,-2.4155322610276677e-05,-7.257448832122051e-09,2.9835446775588057e-10,8.89,0.0009736175947245726,-6.508964085583668e-06,-4.7481439382450316e-09,10.63,0.002831176375389291,-9.108285064707393e-06,-2.6494409491267562e-08,7.43,0.0012315489994613265,-3.241779286833251e-06,-9.054460182564147e-09,7.15,-0.004514295461985773,-4.616434356449957e-06,5.153172350922385e-08,0.0836,2.246550813031121e-06,2.303538767972437e-07,-8.007996636140622e-11,2.1150499691472033,-0.0002778555700741033,2.501913404002283e-06,-7.213778875305963e-11,3.949318790171843,0.0002423122973071748,-2.10159977271737e-07,-3.5003449388702734e-10,-2.9243422774673182,-1.0931108250861554,-0.0001119473057955192,-2.200899810738785e-06,1.3382620204462282e-09,0.0001297996498199075,-2.41248919710283e-06,9.961727141045614e-10,3.1126260250254902,-0.00011025988079703882,-4.8377719774864276e-08,8.340017979304478e-10,4.01656318470207,-0.0003346123207795822,-3.401284210348214e-07,5.1996586812010755e-09,-2.02117263355586,-9.406882215838748e-05,-2.701455978991246e-06,5.358426915777451e-09,-1.4610179073158271,-3.145132412299117e-05,6.633490047554163e-07,4.3582644555187714e-10,3.949318790171843,0.00024256700432225968,-2.0532671928570578e-07,-3.4926720781514836e-10,7.352457766771362,0.00022929569603293427,6.773288347945644e-08,4.0044222150119636e-10,7.362202913709272,0.00022447166022971366,5.836715610456937e-08,4.849319270282073e-10,0.47000362924573563,0.00023858447641078974,3.6458655448206003e-08,2.351304923740072e-10,1.0931108250861554,0.00011194730579551989,2.200899810738784e-06,-1.338262020446238e-09,3.73573322086591,-3.1467209166597163,-0.00022760827103445353,2.0847892074844625e-06,-9.047024440169965e-10,-0.00032917507010679013,2.6090783018256616e-06,2.1872824634550323e-11,-3.1564660635976263,-0.00022278423523123086,2.09415493485935e-06,-9.891921495440054e-10,1.7967470107390942,-4.175703414238674e-06,2.335573876715184e-07,8.353255516253663e-10,0.2564180599398029,-0.00024062487230869364,2.362682068235654e-06,-1.5422572862875018e-10,0.2564180599398029,-0.00024087957932377837,2.3578488102496243e-06,-1.5499301470064175e-10,5.567318213947041,-0.0005781375286751176,2.826283057413704e-06,4.927368216638421e-10,4.205736850111646,6.037321843192776,-0.0002406239265258306,2.362667620000156e-06,-1.542195668884522e-10,1.6874249984803746e-06,2.1525220909639197e-06,-5.042602225157834e-10,5.367785612384388,2.6293715639125193e-05,2.3536396092947693e-09,-2.3244103658808544e-12,-0.0195,-1.6917218220790668e-05,5.263018607341615e-07,6.478799569043471e-11,28083.03,-0.8611332374356266,0.006668164974858283,2.383816693011382e-05,7.54,0.0006575154156314475,2.8796825738775906e-05,-6.575623692893058e-08,0.1234,-3.543834832383841e-05,-3.7566532751188707e-07,6.123057093693959e-10,0.009220648430172507,8.021714602153693e-07,2.6417190245346484e-09,-1.7925234835699967e-11,2
1975-03-31,0.07730000000000001,1.035852310785311e-05,-4.464026258699984e-08,-7.526156395670865e-11,0.018100000000000005,1.327841194853045e-05,-5.026307975925191e-08,-1.5814420547802463e-10,-0.061000000000000006,-2.502697780231673e-05,2.551636720841263e-08,3.394692331011549e-10,8.67,0.0003898355891321578,-6.607588465786787e-06,2.108043106460521e-09,10.48,0.0017176767839852045,-1.1633896441711998e-05,-1.3706377441341938e-08,7.73,0.0010358523107853069,-4.464026258699966e-06,-7.52615639567082e-09,5.49,-0.004323400884954346,-1.8483407747943488e-07,4.3407825140164644e-08,0.08380000000000001,3.1660547246628396e-05,1.8379648281932916e-07,-4.860140677788305e-10,2.318458442150336,2.272084399229865e-05,2.388766104474172e-06,-3.915979377858536e-09,3.9646154555473165,0.00021573531690040476,-2.2998131884195357e-07,-1.6480676290337875e-11,-3.128121461599737,-1.3115727246894444,-0.00037246498357700834,-1.9741526367090964e-06,4.963806315363587e-09,-0.00015702372066403182,-2.2045200610572582e-06,4.954783934662613e-09,3.1166215908294443,-0.00011223485909584996,4.291567042943198e-08,1.1036233573232688e-09,3.9504741918023987,-0.00033370192324223906,3.3718855646415316e-07,5.055543396104747e-09,-2.2936253516225737,-0.00037811438369692794,-1.907352333342541e-06,8.900591837395092e-09,-1.4578066899150361,4.0389504661226744e-05,6.562204806909109e-07,-3.3142982296255076e-10,3.966511190712216,0.00021564098747322153,-2.2415005369373919e-07,-2.1015304592476885e-11,7.377558263099985,0.00023845176902647232,1.0999897011830725e-07,2.3801559378554593e-10,7.385862237393384,0.00023348057744964346,1.1293209920348743e-07,3.232979367464108e-10,0.49391455137737034,0.00024537385623442983,5.0873003030597774e-08,1.290602972625773e-10,1.3115727246894444,0.0003724649835770089,1.974152636709094e-06,-4.963806315363592e-09,3.7296543301201694,-2.949363947581096,2.1778355454687288e-05,1.9070693370202195e-06,-4.098198551825878e-09,-4.569651375542702e-05,2.3430297128085116e-06,-3.55259741847855e-09,-2.9576679218744952,2.674954703151822e-05,1.9041362079350372e-06,-4.183480894786749e-09,1.7850704810772584,2.9471225984881513e-05,2.9665596509613547e-07,3.8023355788368433e-10,0.4635788599715721,4.449480758075379e-05,2.2470496259804844e-06,-3.843702281749968e-09,0.4616831248066731,4.458913700793876e-05,2.241218360832266e-06,-3.8391676534478536e-09,5.543845554473513,-0.0002700341703897345,2.5892702089036625e-06,-3.395786264344676e-09,4.428194315518889,6.2444969432810575,4.449524838701507e-05,2.247042493371737e-06,-3.843674753353229e-09,0.0002602301244811596,2.01706830713853e-06,-3.860182958040329e-09,5.3702024983025565,2.646921835464597e-05,1.3245834601614486e-09,-4.259764360978567e-12,-0.023,4.7618511077233706e-05,4.790280964010036e-07,-7.760515652147948e-10,27672.8,0.10468446925777926,0.008483631442511404,1.0933856935004546e-05,9.91,0.003532053362835112,1.96332312145458e-05,-9.790595918628866e-08,0.1025,-7.270752687633837e-05,-2.8265012376604503e-07,1.0320079647900723e-09,0.009536713088733568,9.817102438309237e-07,3.2546517158211445e-10,-1.6292402537461333e-11,2
1975-06-30,0.0786,6.477720850001686e-06,-4.9056576871505e-08,-2.815447009000099e-11,0.018499999999999996,5.385465384521882e-06,-6.527771015950919e-08,-6.058003595074453e-11,-0.066,-1.7495275719652426e-05,6.473186167457141e-08,2.912624211882437e-10,8.77,-8.759203195191079e-05,-5.4432728866143455e-06,7.451889494907655e-09,10.62,0.0004509545065002757,-1.1971043902565273e-05,1.3938858998332412e-09,7.86,0.0006477720850001604,-4.9056576871504905e-06,-2.815447009000052e-09,5.34,-0.003402500094131956,3.7496313644266877e-06,3.022732908320642e-08,0.0796,5.1592625028670534e-05,1.0705807036897641e-07,-7.149503968022463e-10,2.3988039507345884,0.00016862687690697467,1.6698816510875207e-06,-6.26564628376098e-09,3.9815490680767565,0.00019432540765000408,-2.105294218458698e-07,2.4790403514217867e-10,-3.213888283357162,-1.4157276301155215,-0.000481799551093148,-1.152719275709956e-06,7.095445121771557e-09,-0.0002881328268694534,-1.3622999026410732e-06,7.353477262498976e-09,3.110399348532117,-0.00011178713249057823,1.8126057690891603e-07,1.2971369135870549e-09,3.873697891106478,-0.0002493582198661665,9.373738896258359e-07,3.693088592941442e-09,-2.452245867548452,-0.0004249072180798827,-6.046888456251821e-07,9.737245072368755e-09,-1.43335603031586,0.00011190599324396657,5.599748100607829e-07,-1.0681608968485143e-09,3.979681653901961,0.0001943167808106154,-2.0826902216975702e-07,2.3771005784496166e-10,7.387781018683041,0.00025308752243745765,1.1708699295019613e-07,4.0322444606296556e-11,7.394807747327431,0.00024946403654331484,1.2988576221560973e-07,1.0360642537781552e-10,0.5168764423348378,0.0002517012121086409,4.68112506861995e-08,5.372943067075458e-11,1.4157276301155217,0.0004817995510931483,1.1527192757099527e-06,-7.095445121771556e-09,3.8225986828845637,-2.8616540400354027,0.00011692489616511385,1.2168928596686776e-06,-5.838630652790815e-09,0.0001984773798342901,1.686817729229786e-06,-6.395495542320687e-09,-2.8686807686797926,0.00012054838205925733,1.2040940904032603e-06,-5.901914633562333e-09,1.791759469228055,6.853223152250287e-05,3.0044381488724645e-07,-9.720939576830939e-11,0.5445779105708821,0.000175687010952564,1.5445092744647458e-06,-6.0462122433266615e-09,0.5464453247456776,0.00017569563779195468,1.5422488747886301e-06,-6.036018266029465e-09,5.621318039400447,1.473478951444923e-06,1.9196437616937768e-06,-6.555590121959183e-09,4.526126978647638,6.325487357761781,0.00017568559382720312,1.5445157120278602e-06,-6.046167054686187e-09,0.0003700124186025694,1.333979852618873e-06,-5.798308208184503e-09,5.372641867214002,2.662086835469382e-05,4.2390203602600885e-10,-4.09414705263643e-12,-0.0183,0.0001000442562752526,3.4487633286597905e-07,-1.4034885620290005e-09,27802.15,1.22238650466594,0.00860607443110142,-2.617203610964449e-06,11.61,0.004028736295013413,6.361192109457755e-06,-1.0247140387522435e-07,0.09390000000000001,-9.175321129408265e-05,-1.4290918072096024e-07,1.2202248053667375e-09,0.009863234183949387,7.931675690831427e-07,-1.43505988067154e-09,-1.0250550239730756e-11,3
1975-09-30,0.0843,-9.412842994382941e-07,-5.027811589642207e-08,5.7107547002397515e-11,0.0166,-2.179709537174779e-06,-6.465652920387845e-08,4.05245010049268e-11,-0.0623,-8.294649292939043e-06,1.0061677695959968e-07,1.8999248020093157e-10,8.95,-0.0006577337742675632,-4.160331425894217e-06,1.2547120267543512e-08,10.61,-0.0008757047279850438,-1.0625984346282067e-05,1.6599570368036254e-08,8.43,-9.412842994382942e-05,-5.027811589642198e-06,5.7107547002397486e-09,6.42,-0.003018778694758381,6.185787549319828e-06,2.1490309253871952e-08,0.096,5.478561754340215e-05,5.23406844021939e-09,-6.909762439310672e-10,2.2945529212967815,0.00029991316265208544,6.250227325916613e-07,-7.553684021821453e-09,4.000033882750859,0.0001752425179397707,-1.5565515551364806e-07,4.385328214350078e-10,-3.128121461599737,-1.3468102163596518,-0.0005650567666017908,-4.995603878581484e-08,8.04960113854075e-09,-0.00039058530974545453,-2.0423728870009578e-07,8.497273286653258e-09,3.091951131294534,-9.462808685279101e-05,3.267916655698192e-07,1.2646193785814306e-09,3.8299448943925394,-9.920813072782086e-05,1.2432641768276165e-06,1.4556341474245603e-09,-2.3903240073020524,-0.0003938263689462346,7.120402187710587e-07,8.671612705780607e-09,-1.4075510437239078,0.00016139368966451088,4.1317473221594284e-07,-1.5643162325498518e-09,4.000033882750859,0.00017679977406434843,-1.566743662210765e-07,4.154307229079215e-10,7.4096529670708495,0.00026982706997735056,1.0168592055099096e-07,-1.4073652789083644e-10,7.416684505723427,0.0002686043819186745,1.1903553474867433e-07,-1.1487935949264902e-10,0.5402793106108972,0.00025603794944999484,3.925787042621598e-08,3.1296199671771607e-11,1.346810216359652,0.0005650567666017905,4.9956038785812635e-08,-8.049601138540743e-09,3.9206771884563114,-2.9708916194166637,0.00020060160977165077,2.750617838046448e-07,-6.644245232068499e-09,0.0003218308543249754,8.441322177454688e-07,-7.732526129328125e-09,-2.9779231580692413,0.00020182429783032683,2.5771216960695605e-07,-6.670102400466676e-09,1.8082887711792655,9.890019902027459e-05,2.505331250690079e-07,-4.4826778975811613e-10,0.4387274649033265,0.000295186161809229,5.324028598692844e-07,-7.223514581394327e-09,0.4387274649033265,0.00029362890568465074,5.334220705767088e-07,-7.200412482867234e-09,5.703609868194022,0.00014834964517475014,1.0412595563213003e-06,-8.146168710746093e-09,4.438761347654186,6.2196354401362175,0.0002951846043448475,5.324131842540305e-07,-7.223477800350754e-09,0.0004704286797489986,3.7674770435562934e-07,-6.784981759959314e-09,5.375139509149321,2.658565371128907e-05,1.726212679880127e-10,-1.2270431637106269e-12,0.008,0.00012572306924971775,1.396207380073152e-07,-1.6377876351069053e-09,28210.13,2.0917028013161483,0.007196500884136911,-1.2584264912455096e-05,10.91,0.0036978991128718843,-6.749961872870618e-06,-8.828625433756135e-08,0.0791,-9.825031805205898e-05,7.852137619680927e-09,1.1916890826248565e-09,0.009899999999999999,3.8902924464406855e-07,-2.200281738005527e-09,-1.5590119763998862e-12,3
1975-12-31,0.08,-7.457367650168809e-06,-4.792195524593888e-08,1.4218602180093844e-10,0.017700000000000014,-8.686104344693082e-06,-4.9184782520904686e-08,1.2218787488529938e-10,-0.06409999999999999,2.2276949707456127e-06,1.1364062557820045e-07,5.068493458050728e-11,8.79,-0.0010301671718635386,-3.303770239501075e-06,1.5686122228213504e-08,10.56,-0.001898777606332848,-8.222248491591541e-06,2.7904909716743476e-08,8.0,-0.00074573676501688,-4.7921955245938666e-06,1.4218602180093815e-08,5.44,-0.002754471840822518,6.017145819871118e-06,1.6719196558548023e-08,0.1014,4.724725796892579e-05,-8.276677609539557e-08,-4.661168046889467e-10,2.327277705584417,0.0003519182916488537,-1.6600921173992064e-07,-7.324219643608227e-09,4.0163830207523885,0.000160016107642022,-9.761330835774478e-08,5.400818250595209e-10,-3.1820618517454844,-1.4176721786611148,-0.0005504500239367812,7.849944691442557e-07,7.303476952271535e-09,-0.0003906181632811312,6.902141650320039e-07,7.84627797152024e-09,3.067587710654419,-5.0460097551640466e-05,4.707690148193324e-07,9.021519020672443e-10,3.8390221125436557,7.711487313276157e-05,1.2118284420505914e-06,-1.0018240309027118e-09,-2.4112845099173867,-0.00026181345733957036,1.4287903583411865e-06,5.928275467140589e-09,-1.4024237430497741,0.00018452239379844975,2.199550501883906e-07,-1.7438452758965754e-09,4.018183201256536,0.00016191184626426352,-9.786227698309241e-08,5.12811871918663e-10,7.4441433807982555,0.0002787126817227079,7.242840458969042e-08,-2.2181911429398677e-10,7.451716601233106,0.0002799302631373027,8.92680027849154e-08,-2.347709101424228e-10,0.5653138090500605,0.00025700915871879797,3.971037089614623e-08,7.612482383534955e-11,1.4176721786611148,0.0005504500239367806,-7.849944691442564e-07,-7.303476952271524e-09,3.9199460802654733,-2.958883491482722,0.00022127724466243433,-3.8665385891461914e-07,-6.179505935910317e-09,0.0003244687737658465,-6.937950525204309e-08,-7.4364459153934e-09,-2.966456711917572,0.0002200596632478395,-4.034934571098457e-07,-6.166554140061871e-09,1.8213182714695995,0.00011885869679690401,1.6722423697606926e-07,-5.981202580259723e-10,0.46887686856314503,0.0003399738187431215,-2.1661214596717306e-07,-6.941406875263835e-09,0.46707668805899716,0.00033807808012087804,-2.163631773418336e-07,-6.914136922122954e-09,5.684468364379786,0.000165551634133225,7.186671433072599e-08,-7.989705133255127e-09,4.485259889315534,6.249782173429845,0.0003399766541220484,-2.1660273589722589e-07,-6.941413895635264e-09,0.0004999899263851409,-3.142254543249265e-07,-6.401325050204287e-09,5.377611078513047,2.6406516104339472e-05,3.6575479490374886e-10,3.1256578786280374e-12,0.0255,0.00012574245011344085,-7.142311485502537e-08,-1.461225290839388e-09,28522.17,2.662130491698838,0.004843899237606193,-1.6774305774766563e-05,11.14,0.0024290101796516613,-1.3955760460530189e-05,-5.908597991822029e-08,0.0694,-8.852933274850595e-05,1.228103001360874e-07,9.541173845056854e-10,0.0098550049336296,8.959479094294409e-09,-1.69232625143077e-09,6.465689210726917e-12,3
1976-03-31,0.07730000000000001,-1.0169759202546086e-05,-2.893488799284392e-08,2.0372782543662373e-10,0.015999999999999997,-1.3239302749994136e-05,-2.8712885126200458e-08,1.6628774748641304e-10,-0.06470000000000001,1.5571517339870887e-05,1.0592002397512904e-07,-1.195614044089154e-10,8.52,-0.001124643424999805,-1.8752457772484744e-06,1.6878956749214665e-08,10.12,-0.0024485736999992165,-4.746534289868511e-06,3.350773149785598e-08,7.73,-0.001016975920254609,-2.893488799284378e-06,2.0372782543662343e-08,5.0,-0.0018889247008634022,6.248746733168884e-06,1.3024365040896328e-08,0.1265,2.9445767703429846e-05,-1.1886109508387865e-07,-1.1894051500203065e-10,2.453587966530573,0.00023375214494694222,-7.591182609160693e-07,-5.218721538505075e-09,4.023564380161053,0.00015657587251258,-4.570577178675994e-08,5.181370019375051e-10,-3.3104430183936913,-1.5531866029321115,-0.00036971315792842693,1.3880630742820878e-06,4.632494816728056e-09,-0.00021316856786405408,1.3464067620994104e-06,5.148124392025445e-09,3.062923523094314,6.65674173822503e-06,5.75579531752334e-07,3.01826295784939e-10,3.9160150266976834,0.00020759669134190264,9.028401120306071e-07,-2.820744370690602e-09,-2.456902453378403,-1.1396148880564797e-05,1.6690358086868488e-06,2.0195880814614476e-09,-1.395883208271523,0.00019527298405455415,2.0529872514024526e-08,-1.695290196550112e-09,4.02535169073515,0.000156555086287926,-4.7834617233175205e-08,5.056163952225684e-10,7.474108888161716,0.00028100405821856604,3.663101242126553e-08,-1.814715542409844e-10,7.483130236327244,0.0002837107743229372,4.858275635753503e-08,-2.225099306312495e-10,0.5898043597065448,0.00025744036085379054,4.817443263317646e-08,1.6026945935572148e-10,1.5531866029321113,0.0003697131579284264,-1.3880630742820867e-06,-4.632494816728046e-09,3.9107287015661,-2.85799876213529,9.536584144808832e-05,-8.491145549510286e-07,-4.149196966702146e-09,0.00026047597346460225,-8.33274036025329e-07,-5.955015066327204e-09,-2.8670201103008184,9.265912534371714e-05,-8.610662988872943e-07,-4.108158590311869e-09,1.843719208158766,0.00012704559294499963,8.541697211549898e-08,-5.575485304658373e-10,0.5925457458653722,0.00021979402715407385,-7.667777707429895e-07,-4.848805522880649e-09,0.5907584352912764,0.00021981481337872725,-7.646489252965775e-07,-4.836284916165689e-09,5.658436592349425,0.00011127873443021603,-7.608073124387902e-07,-6.562387339238962e-09,4.616110126026426,6.373456299030504,0.00021980038479308545,-7.667685314744396e-07,-4.848852578652742e-09,0.0003763698996666509,-8.124835425297509e-07,-4.330668520943103e-09,5.379903801878544,2.6350912311074586e-05,8.39913059669714e-10,6.413686820459405e-12,0.061500000000000006,9.902886149251082e-05,-2.1913052432426843e-07,-9.492909896422332e-10,29094.6,2.8993534635357436,0.002524704769776058,-1.5534446159973865e-05,11.67,9.907733036741694e-06,-1.6280904402713215e-05,-1.971660398829336e-08,0.060700000000000004,-6.325004895318509e-05,1.981889835808105e-07,5.676083297228509e-10,0.009684827673811085,-1.7451324507892053e-07,-1.4216554265395295e-10,1.1123101351881857e-11,1
1976-06-30,0.0786,-1.3240306529615186e-05,3.975560576617671e-09,2.513433164773673e-10,0.012700000000000013,-1.401324764567816e-05,-9.936810751460624e-09,1.6180259635659898e-10,-0.062,2.7284905883694197e-05,8.605696211039142e-08,-2.720141045447735e-10,8.62,-0.0013131553961204703,2.2855871346991452e-07,1.8530169304942908e-08,9.89,-0.002714480160688286,-7.651223616761405e-07,3.471042894060281e-08,7.86,-0.001324030652961515,3.9755605766176944e-07,2.5134331647736674e-08,5.41,-0.0013099763545237528,8.492692114771095e-06,1.3578469211500727e-08,0.12140000000000001,8.713724384430016e-06,-9.995958492212163e-08,2.3184045601676388e-10,2.4458192610799534,8.049481106327215e-05,-1.2688016190316918e-06,-2.5314022395442675e-09,4.039536325727106,0.0001593555229352353,7.742853282271764e-09,4.3055389045490445e-10,-3.2995437279356556,-1.5572854587423963,-0.00015866686725538176,1.8075872952512283e-06,1.360396854066544e-09,1.1182870718919047e-06,1.8178091198798474e-06,1.782539909964716e-09,3.065724645374026,6.961449832810079e-05,5.75531792335895e-07,-4.378035078162181e-10,3.9659428474175766,0.0002635981974266767,4.1671224584546495e-07,-3.5302812718608904e-09,-2.397995277798704,0.00019496817928143506,1.6540270422376726e-06,-1.3047147723396672e-09,-1.3620188772686506,0.0001903713376101809,-1.3251475688470718e-07,-1.4490706057258609e-09,4.037774210733707,0.00015867720348456614,-5.614097755681921e-10,4.3083115710352224e-10,7.5068593266946335,0.00027980864965794077,1.1308688549564302e-08,-6.772514886328668e-11,7.515471469446593,0.00028322066320496386,1.6386001539534896e-08,-1.2226131604184907e-10,0.6109188076151401,0.00026227137495695655,6.715684122893684e-08,2.21801146352014e-10,1.5572854587423963,0.0001586668672553814,-1.807587295251227e-06,-1.3603968540665384e-09,3.9552677721283334,-2.883849222578211,-5.152728407445753e-05,-1.2433641914649047e-06,-1.730475213019473e-09,0.0001318637855716856,-1.2903103484794632e-06,-3.6253604550062978e-09,-2.8924613653301705,-5.493929762148131e-05,-1.2484415044548726e-06,-1.6759390458409032e-09,1.851599469584072,0.00012699695232153626,3.265023440077943e-08,-3.91285885678624e-10,0.5834737783893167,6.892584264824855e-05,-1.2397983561976104e-06,-2.228754252337696e-09,0.5852358933827159,6.960416209891634e-05,-1.231494093139764e-06,-2.2290315189862805e-09,5.696729319300973,-1.2282010227573913e-05,-1.2783422175437863e-06,-4.222902929297936e-09,4.623010104116422,6.364389245731507,6.893037129163948e-05,-1.239795745273324e-06,-2.2288103753560628e-09,0.00022828136558348047,-1.2320555029153309e-06,-1.798200361882742e-09,5.382200118900665,2.6560671183605693e-05,1.7346594781261117e-09,7.417019268142488e-12,0.0617,5.849642532963987e-05,-2.7563799693496453e-07,-2.868341655859677e-10,29238.63,2.9147388741637656,0.001055656375016777,-1.0806696092572302e-05,11.01,-0.0020409756348031467,-1.6016105649967938e-05,1.3751256481323565e-08,0.059699999999999996,-3.717986261778136e-05,2.3318880093897292e-07,1.8801847253322718e-10,0.009523262815882146,-6.715477025453799e-08,1.7137637460385121e-09,1.1302289120872486e-11,1
1976-09-30,0.0759,-1.3868095539038645e-05,3.194338463464633e-08,2.564058689214295e-10,0.010199999999999996,-1.2363905431519436e-05,6.1532544039249875e-09,1.2530955295512038e-10,-0.0575,3.4073576160941044e-05,5.100817864635223e-08,-3.674949524108312e-10,8.38,-0.0014141050693997612,2.0571207635190324e-06,1.9131470976147164e-08,9.4,-0.002650495612551704,2.6724462039115256e-06,3.166242627165921e-08,7.59,-0.0013868095539038602,3.1943384634646327e-06,2.5640586892142886e-08,5.08,-0.0009294646789324748,1.0343213134404218e-05,1.5656954860697277e-08,0.10339999999999999,-9.519277342371008e-07,-3.6966321916866216e-08,4.49677429771007e-10,2.468946630209271,-3.645764384531854e-05,-1.3792675936401404e-06,-1.6899751841227637e-10,4.053522567701846,0.0001610947002955089,4.6230243611193914e-08,3.587519812995917e-10,-3.3104430183936913,-1.5832437113432767,1.821915951132902e-05,1.7533430856317211e-06,-1.6000519080009138e-09,0.00018053390475668285,1.8001462796452974e-06,-1.2568090484845299e-09,3.0754672415728446,0.0001368638555753532,4.744882597291658e-07,-1.207133095558076e-09,3.98397150474073,0.00026348563648365754,-5.29380119478188e-08,-3.16124783623236e-09,-2.4024054282762566,0.00030620648558700653,1.2692483301887355e-06,-3.194874570037025e-09,-1.327444230190395,0.0001631892299371473,-2.4682711931320756e-07,-1.033928617202198e-09,4.053522567701846,0.00016152686484454046,3.780394413148968e-08,3.6218849704284865e-10,7.524200664798704,0.00027822431462205116,1.3032975517566901e-08,6.392152869696106e-11,7.533146501333829,0.000281653996534606,1.1920743285501996e-08,1.1958951190016228e-11,0.6323738478222899,0.0002711656308469845,1.0001522775350642e-07,2.327170136525291e-10,1.5832437113432767,-1.8219159511328672e-05,-1.7533430856317196e-06,1.6000519080009134e-09,4.001277135093308,-2.865489711882583,-0.00015957961855802977,-1.2918878014201283e-06,3.2899728374589845e-10,-4.1908207401446934e-05,-1.4876323223145896e-06,-9.344174086705202e-10,-2.8744355484177078,-0.0001630093004705825,-1.2907755691880627e-06,3.809598612528372e-10,1.8562979903656263,0.00012424390894088844,1.7004011580704356e-08,-1.8137951916999607e-10,0.6051883852142755,-4.2450004231482395e-05,-1.3250850695137591e-06,3.4166831143215967e-11,0.6051883852142755,-4.288216878051646e-05,-1.316658770034048e-06,3.073031539999614e-11,5.73621066239434,-0.00018982757006108937,-1.5265338197069376e-06,-1.453293520832009e-09,4.658710952916121,6.3861046085773125,-4.2446852101890586e-05,-1.3250949231925062e-06,3.4120163262061285e-11,0.00011864469606402417,-1.2788548259025533e-06,3.929188124428419e-10,5.38467853219608,2.685962832223235e-05,2.872556606364852e-09,7.003818958808728e-12,0.0496,2.4394858888780753e-05,-2.3902789544718123e-07,2.883199742066721e-10,29326.1,2.8508330459615308,0.0006812482849158641,-4.840408278147348e-06,11.05,-0.0031375341028742772,-1.2162704196799034e-05,3.287739260312539e-08,0.054900000000000004,-1.5255708267375456e-05,2.1504947707691905e-07,-8.991432996512074e-11,0.0095,2.87954472726595e-07,3.0664578981277134e-09,7.54014306535568e-12,0
1976-12-31,0.0687,-7.09555683991403e-06,5.488991270120075e-08,1.864239226731763e-10,0.011399999999999988,-1.072622427209914e-05,1.5990283449214302e-08,8.460647040620932e-11,-0.05249999999999999,3.6988379343028614e-05,4.982234237827123e-09,-4.046862578868905e-10,7.98,-0.001051250746246081,3.785439876782929e-06,1.563370785961382e-08,9.12,-0.0021238731734559923,5.384468221704355e-06,2.4094354900234753e-08,6.87,-0.0007095556839914017,5.488991270120068e-06,1.8642392267317588e-08,4.35,0.00022082917071989256,1.1515728373247622e-05,1.1604120876283612e-08,0.09789999999999999,-1.0562776489932666e-06,4.0169379593585455e-08,4.5904075128250624e-10,2.451005098112319,-0.00018628118164469714,-1.101648450612638e-06,2.0302536228320746e-09,4.063885354737392,0.0001663683822893225,6.19011396600479e-08,3.023269393973018e-10,-3.2519156789464008,-1.5353640519278038,0.0002022139230337035,1.282019073428251e-06,-4.192593217201883e-09,0.00036964866131129206,1.3433704253010324e-06,-3.905473438212976e-09,3.1157350659486873,0.0001835605744245114,3.0859754214559244e-07,-1.7623504912082804e-09,4.01060056878914,0.00021439504724487523,-3.4237919285097785e-07,-1.9603937454960235e-09,-2.3570412787901045,0.00039933945225054774,6.917435457861276e-07,-4.082589954176642e-09,-1.3205066205818874,0.00012881492505624793,-3.3167700298120206e-07,-6.115353183331153e-10,4.067315889834181,0.00016560502023073022,6.027475319287941e-08,3.192722111426951e-10,7.542509283697193,0.00027840056499202765,4.031660145295802e-08,1.7718588069234313e-10,7.551542558103191,0.0002810733924182962,3.410879410648537e-08,1.4103180289222267e-10,0.6575200029167941,0.00028080319400363714,1.3292897469097205e-07,1.8908841816202976e-10,1.5353640519278038,-0.000202213923033703,-1.2820190734282495e-06,4.19259321720188e-09,3.993579114959697,-2.891410165820702,-0.0002970539136012224,-1.0137381327356201e-06,2.253056845301278e-09,-0.00020003370173322447,-1.432523007104606e-06,1.4262395331860485e-09,-2.9004434402266996,-0.0002997267410274888,-1.0075303253891467e-06,2.28921092310139e-09,1.864080130807681,0.00012164233202811882,2.418867055213181e-08,-2.2432041318932913e-11,0.587213763139099,-0.00018502173089851467,-1.0353226709427154e-06,2.1279157865962906e-09,0.5837832280423099,-0.0001842583688399217,-1.0336962844755408e-06,2.110970514850909e-09,5.7105985704452324,-0.00035627734856489847,-1.519478489800846e-06,1.0063042317535966e-09,4.651099117876491,6.368118573362027,-0.00018501938757720243,-1.0353392327414167e-06,2.1278916883073863e-09,-1.865334860919124e-05,-9.734215312826527e-07,2.4302427259935946e-09,5.387191108422161,2.7116028852088025e-05,3.5941835916697573e-09,5.908790658383738e-12,0.0431,1.4355801062660345e-06,-1.4515950361608897e-07,6.000429899518078e-10,29463.67,2.781805152045041,0.000918921217264836,-3.406420743601842e-07,10.57,-0.004004252464104399,-6.3269955949667725e-06,4.163092779250128e-08,0.048600000000000004,6.346726598780025e-06,1.6958651739067753e-07,-2.523546737064475e-10,0.009545577641047956,7.654069815685044e-07,3.447945043702933e-09,1.6245313614079591e-12,0
1977-03-31,0.0746,2.2366394741069376e-06,7.641624489261031e-08,8.344127891816925e-11,0.010199999999999996,-9.194727140103067e-06,1.815550383678572e-08,5.0418812700402826e-11,-0.04949999999999999,3.560097689040876e-05,-3.93617731941068e-08,-3.813603554405759e-10,8.1,-0.0004377186499270977,5.671628230672493e-06,9.70505602937042e-09,9.12,-0.0013571913639374045,7.48717861435107e-06,1.4746937299410728e-08,7.46,0.00022366394741069607,7.64162448926102e-06,8.344127891816894e-09,4.6,0.0017446537068395121,1.3081020677138023e-05,3.3359121412632673e-09,0.0924,1.1665340599709768e-05,9.494251116902825e-08,2.52995370140081e-10,2.388762789235098,-0.00031927206347582144,-7.514886882390105e-07,3.528225380709776e-09,4.085976312551584,0.00017570376850799886,7.819691979626341e-08,2.5978109215722893e-10,-3.177254150177381,-1.4835149132317091,0.00033317164314685223,6.951802667342699e-07,-5.741138767236145e-09,0.0005091498489412614,7.704697493794667e-07,-5.489982802768841e-09,3.1276373444339294,0.00019817131243452245,8.905905853728142e-08,-1.9418839727860887e-09,4.005513348515485,0.0001445193570704363,-4.3145791369969593e-07,-4.2308467377866647e-10,-2.3005870903313728,0.00045466469055952945,2.5271073521488994e-07,-3.952963825555965e-09,-1.3182796921114692,9.573358248570664e-05,-3.602996876104045e-07,-2.89053234993807e-10,4.087655574071304,0.00017242977105644126,7.902781055371802e-08,2.942280294496297e-10,7.567486824272659,0.0002804851326480881,7.225247178503115e-08,2.257695119237796e-10,7.576686608282964,0.00028244687787956776,6.281515041802393e-08,2.1145043171654342e-10,0.683506364796093,0.0002936146866141801,1.4933627614485402e-07,6.349870573625416e-11,1.4835149132317094,-0.00033317164314685245,-6.951802667342698e-07,5.741138767236141e-09,3.965804648552207,-2.9563345666070195,-0.00041548546336041893,-6.78373679982018e-07,3.5734852825262827e-09,-0.00033365742416854654,-1.1107081723014739e-06,3.1624509693770883e-09,-2.9655343506173253,-0.00041744720859189787,-6.689363586150118e-07,3.5878043627335188e-09,1.8764069432883397,0.00012585543555575473,3.641595022859581e-08,3.8476669813349497e-13,0.5251759451140547,-0.0003107040992203306,-6.843181279932623e-07,3.539473702292842e-09,0.5234966835943348,-0.0003074301017687707,-6.851490187507058e-07,3.505026765000428e-09,5.66411889622893,-0.0004989378762309538,-1.2315407603725715e-06,2.814155643436618e-09,4.611152257665639,6.30609278854437,-0.0003107027677009058,-6.843334656998837e-07,3.5394863681471687e-09,-0.00013500033071232946,-6.061212081969848e-07,3.799254794450047e-09,5.389668122113472,2.745976066819769e-05,3.740509777993181e-09,3.808161533917084e-12,0.0323,-2.0301735508632427e-06,-4.808327166520573e-08,5.765948208775935e-10,29738.33,2.9332280430765594,0.001259810350193087,5.5708753363794255e-08,9.98,-0.00448701859319982,-1.7773082316129177e-06,4.025209145392242e-08,0.0644,1.995027890297383e-05,1.3229432288753476e-07,-2.694738554212166e-10,0.00978607602274869,1.2018467766786004e-06,2.993442036391169e-09,-4.04763475865097e-12,0
1977-06-30,0.0728,9.1000094374769e-06,8.05689824819636e-08,4.183740880732175e-13,0.0096,-7.076720026443776e-06,1.8551362668299964e-08,2.7441152307922675e-11,-0.045200000000000004,2.884767753276157e-05,-7.631999917941419e-08,-3.0686979126211925e-10,7.95,0.00014434749648687683,6.585128554183578e-06,4.638942952131569e-09,8.91,-0.0005633245061575046,8.440264821013578e-06,7.383058182923871e-09,7.28,0.0009100009437476881,8.056898248196351e-06,4.183740880730078e-11,5.02,0.0030166694205943554,1.3450022093893917e-05,-3.219355001491666e-09,0.1099,3.084670705933705e-05,1.147355957191227e-07,-8.37512794460758e-11,2.354228326145884,-0.0003524208640099596,-3.298858595951522e-07,3.6433921136597807e-09,4.1059436980654525,0.00018283780571661453,1.0572984215424276e-07,2.705486498788718e-10,-3.1258409589010117,-1.4504502381822657,0.00034683404914635644,2.1815152726966513e-08,-5.66675683754059e-09,0.000529746917540213,1.2322578738529982e-07,-5.400151195098388e-09,3.147594622863237,0.00019221219963908368,-1.420862953393382e-07,-1.7933599144198617e-09,4.018722624087202,9.254112203433279e-05,-3.462012758292058e-07,8.347701263188672e-10,-2.2547477635798856,0.00042977970954741174,-7.614451165415143e-08,-2.7620070698201834e-09,-1.312861908724016,5.870007053578909e-05,-3.4391940349614196e-07,-3.621189646213149e-11,4.102643365036796,0.00018041599587015206,1.0580070053612944e-07,2.971846017288499e-10,7.595210289838897,0.0002910380620398653,9.493277235064345e-08,1.5212297116399492e-10,7.6055979186002,0.0002919824829137288,8.570573825700092e-08,1.6387056789725198e-10,0.7132438064411332,0.00031198083970049176,1.5155616953804622e-07,-1.4712275502506753e-10,1.4504502381822657,-0.0003468340491463563,-2.1815152726967317e-08,5.666756837540585e-09,3.8823822719261605,-2.9971654287933935,-0.0004456599115471388,-2.588342204169453e-07,3.7212739519567374e-09,-0.00043969889848638683,-6.533247707436642e-07,4.212691818991664e-09,-3.0075530575546967,-0.00044660433242100226,-2.4960718632330515e-07,3.709526355223478e-09,1.8946168546677629,0.00013525114505640346,5.087180314214885e-08,-1.0441881702405481e-10,0.49210116298005013,-0.00033745965522388976,-2.6963129022055545e-07,3.602848273241888e-09,0.495401496008707,-0.0003350378453774258,-2.6970214860243175e-07,3.576212321391886e-09,5.567741332115317,-0.000618055199362725,-7.923557629358482e-07,3.928825905615374e-09,4.598044861045503,6.273009073296668,-0.00033746078855615146,-2.6964030451691595e-07,3.6029060897040187e-09,-0.00015462184950727209,-1.6390144806630578e-07,3.873396923120716e-09,5.392182909618377,2.7916167565555234e-05,3.883256344158937e-09,1.054386390806153e-12,0.0447,8.02368852908579e-06,2.0867045851873233e-08,2.9614007632711006e-10,30239.91,3.239923328419235,0.0016987949682618915,-3.319167910174789e-06,9.53,-0.00416839567022907,1.5940705208354732e-06,2.8410754183558515e-08,0.0687,2.461879299757488e-05,1.0602305070269221e-07,-1.6067516112629334e-10,0.010037246183058882,1.4319831685483079e-06,2.0852839068037674e-09,-7.619396230296723e-12,0
1977-09-30,0.07339999999999999,1.7433155411795118e-05,6.434343192488127e-08,-6.584446003074469e-11,0.008800000000000007,-5.557015155021395e-06,2.0391454168024162e-08,2.374183652725296e-11,-0.041200000000000014,1.8645443889499832e-05,-1.0098904723823198e-07,-2.139481412528005e-10,7.92,0.0008605385886039831,6.006585354724851e-06,4.087876918118278e-10,8.8,0.00030483707310184627,8.045730771527274e-06,2.782971344537121e-09,7.34,0.0017433155411795103,6.434343192488113e-06,-6.58444600307448e-09,5.81,0.004269577799748231,1.1840273551631312e-05,-1.0085999670606335e-08,0.1229,4.342518957449984e-05,8.568945014550586e-08,-4.2227079770581724e-10,2.309560706730471,-0.00033764043664411756,1.5258565726774517e-07,2.8854730507665025e-09,4.117409835153096,0.00018937104151896532,1.324913747421257e-07,3.162339621165395e-10,-3.061872076058536,-1.3991586288876594,0.00029513388877454115,-6.486718487282446e-07,-4.526879643366602e-09,0.0004843692133195271,-5.191372718539484e-07,-4.2095536888941e-09,3.1675825304806504,0.00016690607038578122,-3.129435465100639e-07,-1.3789996618997254e-09,4.034594557816327,6.748750192623193e-05,-1.307564820839775e-07,1.4419178609961894e-09,-2.1955260207006377,0.00038532954604302076,-3.322444947256706e-07,-1.3897104588050217e-09,-1.3075743810178677,2.4006881585013005e-05,-3.282256928203434e-07,1.3011997081667677e-10,4.115779842942166,0.00018975186189779946,1.3764684244628408e-07,3.194091541692534e-10,7.628473364895133,0.00030660487838447825,1.1439613947119175e-07,-1.8034665694322096e-11,7.638515149749946,0.00030610615487466073,1.0762102261515016e-07,2.0512907335626776e-11,0.7434302617543026,0.00032900511519078285,1.3682891307843278e-07,-3.7258559799543614e-10,1.3991586288876592,-0.000295133888774541,6.486718487282448e-07,4.526879643366599e-09,3.7975713626750247,-3.0617322055268237,-0.00043483269677323797,2.2133216274698673e-07,3.1659146471612064e-09,-0.0004761263173903831,-1.7820820569288577e-07,4.398849178781121e-09,-3.071773990381636,-0.0004343339732634205,2.2810727960302925e-07,3.127367074131246e-09,1.9125010869241836,0.00014056690012033377,4.633126306747484e-08,-2.6060463420807473e-10,0.4493313242152127,-0.00031759885990772786,2.032369274760526e-07,2.8316460193503806e-09,0.45096131642614384,-0.0003179796802865601,1.980814597718965e-07,2.828470827297628e-09,5.46964775818461,-0.0006705546664724782,-3.3852979685353324e-07,4.176763508856355e-09,4.566741159368309,6.23024519920159,-0.0003176019580199682,2.0323541651267837e-07,2.831737478451262e-09,-0.00012822781838875836,3.357283022181793e-07,3.147879981466867e-09,5.394717860834352,2.8273924648482274e-05,4.115945608176485e-09,-1.4367387204630717e-12,0.057699999999999994,1.622253240546992e-05,3.116053583378825e-08,-7.978398158736898e-11,30705.02,3.4030984818978935,0.0015617251466890198,-8.067782423536526e-06,8.99,-0.0036396454645535705,4.151258098251382e-06,1.4394788416614207e-08,0.066,2.9990365167897957e-05,9.481323391027734e-08,-3.2263573449552896e-11,0.0101,1.4722841380468984e-06,1.003685358661894e-09,-9.260003308105599e-12,1
1977-12-31,0.07690000000000001,2.5158623648619806e-05,4.7093861260379175e-08,-1.0863225776278036e-10,0.008000000000000007,-4.231113321234728e-06,2.2186992731728797e-08,3.1473417438033316e-11,-0.040100000000000004,6.7095824807425515e-06,-1.0990850033922295e-07,-1.2128363737579923e-10,8.19,0.0015876177750405811,5.087884530708797e-06,-2.8503452066388047e-09,8.99,0.0011645064429171125,7.306583803881691e-06,2.969965371644955e-10,7.69,0.0025158623648619816,4.709386126037902e-06,-1.0863225776278042e-08,6.07,0.005423679550644933,9.964679806484788e-06,-1.974189117250861e-08,0.1189,5.055075099270564e-05,7.036523619179144e-09,-6.881509194250101e-10,2.2700619012884857,-0.00030237540824796307,4.202857870496563e-07,1.8300296441284055e-09,4.128745988939433,0.00020238514939494788,1.5919599054998882e-07,3.213204108985427e-10,-2.99974029495153,-1.348025185263197,0.00019739319571326317,-1.030342495041939e-06,-2.8800564366991816e-09,0.00039893898988868566,-8.729022699959709e-07,-2.5511856987401762e-09,3.193352867637115,0.00012111608123132195,-4.0779700830950265e-07,-7.637983719872382e-10,4.04006435530903,6.740304225498761e-05,1.068836485237617e-07,1.3070295753233435e-09,-2.153303390278291,0.0003462721045075879,-3.5482118379008036e-07,-4.912534040720073e-10,-1.305636458102436,3.5103912698394164e-07,-3.164955297112991e-07,1.941929019730341e-10,4.131961425793407,0.00020266005894829174,1.689696160549678e-07,3.1284887317239853e-10,7.658450825118747,0.0003176282362889582,1.1560409261061125e-07,-2.0332604070104862e-10,7.668261063006895,0.0003163360204819776,1.1332158158757808e-07,-1.4815852776063579e-10,0.7701082216960737,0.00034083200169001993,8.798834198653161e-08,-5.511551678813026e-10,1.348025185263197,-0.00019739319571326317,1.0303424950419387e-06,2.8800564366991804e-09,3.771269831204238,-3.1170727722184344,-0.00039390535077090045,5.069413941218198e-07,2.3195841054130063e-09,-0.00044718770025266796,2.8316243848333913e-07,3.852078879357894e-09,-3.1268830101065834,-0.0003926131349639192,5.092239051448553e-07,2.2644165924725738e-09,1.9125010869241836,0.00014371279907860398,2.6644387762504733e-09,-4.3910514655333686e-10,0.41263206396087876,-0.0002786622638768923,4.6334949618244873e-07,1.7949376538134435e-09,0.4094166271069045,-0.0002789371734302319,4.535758706774671e-07,1.8034091915395366e-09,5.42343965899447,-0.0006553290238996985,9.795093287951773e-08,3.664693429908238e-09,4.541378052900312,6.193547880690543,-0.00027866549923512144,4.6335517060571283e-07,1.7950184279065437e-09,-7.627711448194157e-05,6.225454867324342e-07,2.1162580647119495e-09,5.397286491866113,2.856133388432769e-05,3.991878511009124e-09,-4.395332906767179e-12,0.0501,2.2216832627159763e-05,-2.1735834490326757e-08,-4.2577236380657903e-10,30624.25,3.505624192925785,0.00019776799970511427,-1.3496614222997174e-05,8.62,-0.003158000355871926,4.427057221802867e-06,4.533058290335192e-09,0.067,3.861502171199075e-05,1.0781098993209665e-07,3.4186018373260336e-11,0.010154545712941816,1.4761405005472793e-06,9.877071040271962e-11,-1.0547849329040933e-11,1
1978-03-31,0.08039999999999999,2.7408062971473263e-05,3.895930111966494e-08,-8.927232913687417e-11,0.0075,-1.9669789049263988e-06,2.510133153279929e-08,3.353701940555777e-11,-0.0382,-5.379372636366529e-06,-1.1350998287542809e-07,-5.086969892931145e-11,8.47,0.0019584471594836493,4.898870422448439e-06,-2.0814609972935245e-09,9.22,0.0017617492689910128,7.4090035757283734e-06,1.2722409432622105e-09,8.04,0.0027408062971473247,3.895930111966484e-06,-8.927232913687385e-09,6.29,0.006128951873950046,8.849172886042885e-06,-2.6651397463853714e-08,0.10769999999999999,5.1898053606936256e-05,-8.187814214817513e-08,-7.973496295727988e-10,2.191653532286764,-0.00021894548351041287,4.283637286316816e-07,5.742607257298069e-10,4.14946386144318,0.00022122684453878272,1.9563034443837848e-07,2.5484474576491125e-10,-2.9187712324178627,-1.2867149915935583,4.068736221157724e-05,-1.1074240803112205e-06,-9.590894667048464e-10,0.0002611075591203556,-9.134614885893996e-07,-6.9544474705599e-10,3.199896858270398,6.942459528982495e-05,-4.430970311716573e-07,-1.3091130070107374e-10,4.021953064800342,9.57704853521868e-05,2.647097835578287e-07,5.085381485568614e-10,-2.096384262410148,0.00028865247879222703,-2.0413707360558925e-07,-7.165604210711952e-11,-1.3056384505063559,-2.1992123699401954e-05,-2.9535235853278816e-07,2.8192986648401004e-10,4.14946386144318,0.0002208442265382693,2.004926417273114e-07,2.400685761161764e-10,7.6798384011297705,0.00032590684170739627,7.695551403460355e-08,-3.8990168985897987e-10,7.688473221713311,0.00032484593802534353,8.265881995490572e-08,-3.327726788675322e-10,0.7979067372515964,0.00034942182566066244,1.0872535790177785e-08,-6.574852191984704e-10,1.286714991593558,-4.068736221157707e-05,1.1074240803112193e-06,9.590894667048458e-10,3.753037945628634,-3.193226551265814,-0.00029716960862915046,5.87371535104958e-07,1.2180798558627794e-09,-0.00038886430301553687,6.389671244129899e-07,2.9680768696983205e-09,-3.201861371849355,-0.0002961087049470963,5.816682291846535e-07,1.1609508448713078e-09,1.916922612182061,0.0001483897649065768,-5.7032273628221515e-08,-5.934784816746636e-10,0.33714798842077587,-0.00019248961146053675,4.6869670470119237e-07,5.733334202388916e-10,0.33714798842077587,-0.00019210699346001994,4.6383440741225304e-07,5.881095898875901e-10,5.384303195178331,-0.0006117891381643467,4.392100905876297e-07,2.827461789267768e-09,4.486611849863956,6.118053144207556,-0.00019248920084330296,4.687171445505729e-07,5.73363800776205e-10,2.873723307824788e-05,6.643270491395609e-07,8.281781660037871e-10,5.399977229096627,2.8950739758768635e-05,3.458478348989492e-09,-8.929341651189397e-12,0.041100000000000005,2.2647444424485743e-05,-9.452540789912399e-08,-6.045772088001545e-10,30641.0,3.6696690720310015,-0.0016336153575549606,-1.8296946014096126e-05,8.13,-0.0025173928403178667,2.9972049515942814e-06,-9.53914979750198e-10,0.0655,4.909165994664748e-05,1.306833760067791e-07,6.656609463228956e-12,0.010355386909968149,1.4696015516298028e-06,-5.368335969915987e-10,-1.2207743916652452e-11,1
1978-06-30,0.08460000000000001,2.6515771205268475e-05,3.134080236973453e-08,-2.0787662422544576e-11,0.008399999999999998,5.872866362956664e-07,3.0639065807146534e-08,2.702906343927098e-11,-0.0457,-1.4152664561832355e-05,-1.1565633208092165e-07,-2.9597416401036446e-11,8.76,0.0020375207911659753,4.860236442360099e-06,2.6545636216474443e-09,9.6,0.0020962494547955473,7.924143023074745e-06,5.35746996557449e-09,8.46,0.0026515771205268407,3.1340802369734374e-06,-2.0787662422543782e-09,6.73,0.006632790595614853,6.468609247752207e-06,-2.782399970851793e-08,0.1341,3.691572627243509e-05,-1.6856135987689652e-07,-6.58730169789823e-10,2.256541154492639,-0.00014683371901051158,3.5958962679428574e-07,-3.7363349510850106e-10,4.177459468932607,0.00024123596106054648,2.323522837725347e-07,1.3665056480687346e-10,-2.9897502018764435,-1.386908926334358,-9.703151056109256e-05,-1.0524208109625775e-06,5.536574299404787e-10,0.00014364584753114167,-8.207468182345083e-07,6.961865381954108e-10,3.1945831322991562,2.688104063426136e-05,-4.166954102186625e-07,3.462284636212005e-10,4.021953064800342,0.00014379760051579302,2.8264466568133793e-07,-6.776556849941051e-10,-2.162823150618887,0.0002616973170229065,-1.218319982975082e-07,-3.4220762294387386e-10,-1.3131559558288022,-5.2607277714470344e-05,-2.7765284352702765e-07,4.966521278064724e-10,4.174387269895637,0.0002424215439757682,2.299826408097706e-07,1.0953361175273886e-10,7.697466398516355,0.0003375694138329277,2.0429735163868456e-08,-5.621434435574883e-10,7.707446125002062,0.0003370402329560901,3.41601263036828e-08,-5.175605087295293e-10,0.8387759425527764,0.000349813176445124,-6.735728481330167e-08,-6.420195576751148e-10,1.3869089263343581,9.703151056109292e-05,1.0524208109625767e-06,-5.536574299404792e-10,3.711390465161439,-3.115974339882841,-0.0002136568626375776,6.152956655800527e-07,3.5471447723824345e-10,-0.00030663227431089734,8.305607272261112e-07,1.9246872308344227e-09,-3.125954066368548,-0.0002131276817607379,6.015652744402293e-07,3.101315424102634e-10,1.9544450515051506,0.00014122493710043912,-1.1928434369609885e-07,-6.090313054135868e-10,0.4040325897009069,-0.000117323409865195,4.0337311697139233e-07,-3.440795311261338e-10,0.40710478873787714,-0.00011850899278041506,4.05742759934144e-07,-3.169625780720087e-10,5.321041685833734,-0.0005514028366231397,6.201137914694137e-07,1.900365788137329e-09,4.581492058633514,6.1849526915145665,-0.00011732169638228457,4.0340390583200267e-07,-3.440979811180849e-10,0.00012391255119535358,6.357254007439175e-07,-2.0742896631926528e-10,5.402704939762174,2.93710983939828e-05,2.5845500226711563e-09,-1.412645649778235e-11,0.0608,5.478930329884672e-06,-1.7197799211880516e-07,-5.102825509761601e-10,31741.3,3.464277334493181,-0.0035223563965095595,-1.8821539074289054e-05,8.7,-0.002181169450181433,2.050811336814859e-06,2.148228911365186e-11,0.0741,6.335663844640857e-05,1.417492190880956e-07,-1.3630459935417833e-10,0.010555062434024562,1.4048488187183656e-06,-1.4801898566661633e-09,-1.4040637913123541e-11,1
1978-09-30,0.0842,2.8054339387026677e-05,2.5992554875129007e-08,2.0343338006859055e-11,0.007300000000000004,3.3615277633592774e-06,3.476906929681112e-08,1.3316847532843878e-11,-0.0459,-2.1697479412820642e-05,-1.1093519297324797e-07,-1.7960824484123415e-11,8.69,0.0023293738944243163,4.757738563350526e-06,4.645467730124153e-09,9.42,0.0026655266707602487,8.234645493031628e-06,5.9771524834085115e-09,8.42,0.002805433938702663,2.5992554875128927e-06,2.0343338006859907e-09,7.85,0.0072436055340060574,1.960340965797125e-06,-3.080258617514779e-08,0.1306,1.2009854526544165e-05,-2.4929790431232604e-07,-3.183978353249668e-10,2.2965670206684825,-0.00014386117820411326,2.416465992659319e-07,-4.94208882095863e-10,4.197201947661808,0.00026234818469520957,2.441998448129959e-07,-3.911402289866562e-11,-3.03032371832361,-1.4463897678461555,-0.00016017673879947496,-8.724692077488014e-07,1.130850267364649e-09,0.00010145032257391217,-6.278485366090849e-07,1.0961939602043847e-09,3.1970391302590264,-8.303686361534057e-06,-3.35153568100097e-07,6.402737271801225e-10,4.032114485685967,0.00018977534033674318,1.3365824333457425e-07,-1.8348440951780636e-09,-2.1946279514889535,0.00030038616395524286,-1.6103072043866052e-07,-1.3874014684086868e-09,-1.320850870516551,-8.209286756816203e-05,-2.494952779306406e-07,7.634371719400322e-10,4.197201947661808,0.00026446967547145983,2.4021939545906903e-07,-6.728727561936007e-11,7.754324159442312,0.0003395892211663226,-3.726561467941537e-08,-6.087637002228417e-10,7.762333147119356,0.00034090911710897147,-1.9490513978210166e-08,-5.963225238783355e-10,0.8802108399785702,0.00033604071886390895,-1.3338395957350047e-07,-4.743919463585391e-10,1.4463897678461555,0.0001601767387994746,8.72469207748801e-07,-1.1308502673646462e-09,3.670800608118521,-3.1108952613371303,-0.0001877161687283843,5.745812543281318e-07,1.1818716003833237e-10,-0.00020919104601822765,9.239233508435751e-07,8.418864065014914e-10,-3.118904249014174,-0.00018903606467103248,5.568061536269144e-07,1.0574598369382657e-10,1.9643112344262046,0.00012200658567023057,-1.935284318384745e-07,-4.673265884953439e-10,0.4462269504433733,-0.00011047513225726923,2.931157948357177e-07,-4.514625172858653e-10,0.4462269504433733,-0.00011259662303351984,2.970962441896313e-07,-4.23289264565156e-10,5.25841276962263,-0.0004772160888525813,7.030923106925868e-07,9.712444094121712e-10,4.6434288981051814,6.227129378975864,-0.00011047164105596475,2.9313377939602255e-07,-4.5153954757495774e-10,0.0001518730524379404,5.373156396487102e-07,-4.905765401845178e-10,5.405286587545279,2.964332865308464e-05,1.0364660382287368e-09,-1.807869998502919e-11,0.0525,-1.932339136155544e-05,-2.428382989011967e-07,-2.0832169940151188e-10,31973.23,2.879017620611637,-0.00581774762329511,-1.4482184816722157e-05,8.98,-0.00244653614796706,2.0058783002770045e-06,8.283110224907676e-09,0.08310000000000001,7.957909900290707e-05,1.268078674686756e-07,-3.8264006893836077e-10,0.0106,1.3176561392101056e-06,-3.0951338606891557e-09,-1.5328115524727344e-11,4
1978-12-31,0.0901,3.429629403870005e-05,3.723636435140829e-08,1.999313766169582e-11,0.007799999999999994,6.932861717687052e-06,3.477001183478571e-08,-1.6969783928588133e-11,-0.04659999999999999,-3.447733247195921e-05,-1.1297829039690143e-07,3.1157413643314866e-11,9.16,0.0031675834108061797,5.92081360239907e-06,1.752941484204048e-09,9.94,0.0038608695825748844,9.397814785877626e-06,5.5963091345240806e-11,9.01,0.003429629403869999,3.7236364351408467e-06,1.9993137661696718e-09,9.08,0.008145607311615514,-1.1139937056074272e-06,-3.3355286170212556e-08,0.1445,-1.2877899852416522e-05,-2.777916582141378e-07,1.3294357938133015e-10,2.1983350716202463,-0.0001583985573661583,1.1268226663827943e-07,-1.1367714790271243e-10,4.215086179918229,0.0002885049471234219,2.2579755495752577e-07,-2.851571365891113e-10,-2.9412440882699213,-1.3762523490966831,-0.0002054761941405435,-6.364390931223344e-07,1.1468640876102052e-09,8.21388269392119e-05,-4.102502730374066e-07,8.649900572694413e-10,3.18924101973851,-3.682034364244358e-05,-2.393252918036477e-07,7.774620293246839e-10,4.077876369514794,0.00021124434991007663,-1.5103542028916116e-07,-2.5425611866226006e-09,-2.0533840073605463,0.00033082351178765105,-3.247887664073058e-07,-2.4559260497042757e-09,-1.3205066205818874,-0.00010530423528524283,-1.646761028736924e-07,9.934032285119265e-10,4.21803603456465,0.00028882568362605386,2.2191189199641304e-07,-2.9376812607025165e-10,7.7811606390364885,0.00032822166894247716,-1.0880801949701316e-07,-4.897342188512233e-10,7.789844966061161,0.0003325700573194992,-9.062077150659903e-08,-5.226633326303842e-10,0.9082585601768908,0.00031446732471717315,-1.775711599794684e-07,-2.165288382276259e-10,1.376252349096683,0.00020547619414054314,6.364390931223341e-07,-1.1468640876102005e-09,3.6572348086583024,-3.215667270201296,-0.00015956581844437656,5.059218208157132e-07,1.2033216056568095e-10,-0.00012331291978839864,9.547355991668782e-07,-1.1581044363185118e-10,-3.224351597225968,-0.0001639142068214014,4.877345728252883e-07,1.5326127434487586e-10,1.9782390361706734,0.00010114153484606196,-2.5112897015316634e-07,-2.3407999030204716e-10,0.35040718891696365,-0.00011984909662531925,1.713162463611689e-07,-8.424492169644349e-11,0.34745733427054243,-0.00012016983312795343,1.7520190932227404e-07,-7.563393221526231e-11,5.22305488204749,-0.0004107413682509678,7.476442217945964e-07,1.6433884139354035e-10,4.565493368835193,6.13131344222438,-0.00011983825854897379,1.7131456331377832e-07,-8.439142280758322e-11,0.0001686558504981006,3.971138013186916e-07,-3.694020582855258e-10,5.407904117641865,2.9700116162531542e-05,-1.2102164667590735e-09,-1.942652108115241e-11,0.0666,-4.311354881072142e-05,-2.56152276690605e-07,2.058466970248743e-10,32313.48,2.2534480423307173,-0.007628748641871857,-7.3653571863896506e-06,7.79,-0.002646888162778227,2.9730619571964836e-06,1.7165970220689365e-08,0.0902,9.448706074604519e-05,7.856849801000501e-08,-6.648548340966325e-10,0.010648560615940965,1.094110360173448e-06,-5.006136087019632e-09,-1.3843718670671722e-11,4
1979-03-31,0.09119999999999999,3.707941706915024e-05,5.50508926118634e-08,3.404384444671412e-11,0.008900000000000005,1.1198390320706749e-05,3.2493550238272276e-08,-6.179636976782417e-11,-0.050699999999999995,-4.5579234727460916e-05,-1.2458726262908412e-07,8.553086024693017e-11,9.37,0.0037275771709068552,7.575074227427987e-06,-3.1168119259744094e-10,10.26,0.004847416202977531,1.0824429251255206e-05,-6.491318169379843e-09,9.12,0.0037079417069150176,5.505089261186369e-06,3.4043844446714927e-09,9.48,0.007492267007348621,-2.588257161254852e-06,-2.1500310530870693e-08,0.147,-4.71611912818234e-05,-2.3133443802523142e-07,6.495703847904361e-10,2.2049722641270453,-0.0001572849052656259,1.1815527055279774e-07,1.8740935462650962e-10,4.2456340097683265,0.00031507813208939904,1.8992524736157168e-07,-5.34484555905352e-10,-2.958436488810294,-1.4222994706517893,-0.00025776309955952094,-5.337417569761298e-07,1.1094685673534523e-09,5.6582669728093975e-05,-3.435172055481518e-07,5.759049247404799e-10,3.1838702156693857,-5.482144858426491e-05,-1.6338331177191493e-07,7.528302002168176e-10,4.123093975508087,0.00018234027369166684,-4.961381012008769e-07,-2.507004576772159e-09,-2.0181583132629375,0.00029416028857317394,-6.785782068298021e-07,-2.678749811075721e-09,-1.3235177832646683,-0.00012379480511798805,-2.81619839052293e-08,1.1346948265548214e-09,4.247065649239764,0.000313293601353401,1.8435155960760992e-07,-5.210460876568443e-10,7.814782839854706,0.0003145095070188009,-1.7367280846391326e-07,-2.7427891027022027e-10,7.824661821206171,0.00032094126479296906,-1.6032900609861216e-07,-3.4637832540034175e-10,0.9325324086036184,0.0002933885743626952,-1.8302644328669723e-07,4.241821613536825e-11,1.4222994706517895,0.0002577630995595208,5.337417569761298e-07,-1.10946856735345e-09,3.653053969358008,-3.208613153533531,-0.00011156785604354083,5.440312536681382e-07,-8.235945686646649e-11,-4.218421355625668e-05,9.025757198236254e-07,-1.0260633938667754e-09,-3.2184921348849964,-0.0001179996138177139,5.306874513028317e-07,-1.0260041736294226e-11,1.979621206397625,7.387912470548375e-05,-2.5649775206665196e-07,8.518348505200152e-11,0.3605356765528481,-0.00011213648111414037,1.8043319784265012e-07,1.77846188768679e-10,0.35910403708141014,-0.00011035195037814557,1.8600688559661013e-07,1.644077205202228e-10,5.195023100879764,-0.00034938085955848395,7.41176642574835e-07,-5.825433628566844e-10,4.6061696863211745,6.1414565917863815,-0.00011212549506410541,1.8042108000841585e-07,1.7770354905802322e-10,0.00020294165097525866,3.7035844520421807e-07,-3.566383671366543e-10,5.410821221633158,2.949206537934193e-05,-3.5816102651055154e-09,-1.704835869721389e-11,0.06509999999999999,-7.556246257217974e-05,-2.0069185397512503e-07,6.850852429206696e-10,32282.33,1.4278239501838583,-0.007815067924947242,2.446036831402039e-06,7.53,-0.002319962083393129,5.657064414818237e-06,1.944796658627079e-08,0.1009,0.00010361436905189949,-8.031940142561041e-10,-8.762088933605659e-10,0.010869465629478194,5.109781075591515e-07,-6.731196901038781e-09,-7.419024034342898e-12,4
1979-06-30,0.0891,3.925187065500365e-05,4.914558499378314e-08,2.9045039511657164e-11,0.010900000000000016,1.4248318653243772e-05,2.7035357500748297e-08,-9.750373977458983e-11,-0.051300000000000005,-5.407665522096124e-05,-1.1454674752888765e-07,1.5213436394571884e-10,9.29,0.004157679332940594,6.607626049044648e-06,-3.34622304334904e-09,10.38,0.00558251119826497,9.311161799119482e-06,-1.3096597020808005e-08,8.91,0.003925187065500364,4.91455849937834e-06,2.904503951165714e-09,9.06,0.005895125873357876,-6.798266734676639e-06,-5.035311739269623e-09,0.11130000000000001,-7.759596214175462e-05,-1.3617281952518432e-07,1.0584521493070347e-09,2.180417459019838,-0.0001459000875126685,2.738655708013152e-07,1.5664947851543913e-10,4.280824129164719,0.0003309216508459202,1.2948491538434113e-07,-6.977624003601271e-10,-2.946942109384559,-1.4468944011342324,-0.0002968673080088262,-5.652504343213529e-07,1.2134266651243486e-09,3.350810368131299e-05,-4.3540041639917817e-07,5.155828104233303e-10,3.175132901920282,-5.997993654896505e-05,-1.0154638995464573e-07,6.121237904265923e-10,4.137723285524046,0.00010463522481840779,-8.062203078090687e-07,-1.7301516453943131e-09,-1.984131361875511,0.00019812584810761786,-1.1406137440434573e-06,-1.8171037880674846e-09,-1.3535808554722666,-0.00012536202814497893,1.0966853542346273e-07,1.0671685147727072e-09,4.279440045898781,0.00032903539623441863,1.2416490101827552e-07,-6.758198776076426e-10,7.834633762276176,0.00029508684408067755,-1.8855735998790892e-07,2.056567911995501e-11,7.844746274372194,0.0003025470232046773,-1.8704538866190137e-07,-7.414199502355929e-11,0.9546241904371718,0.0002749838156445942,-1.5137237079674887e-07,2.471270170396783e-10,1.4468944011342322,0.00029686730800882637,5.652504343213538e-07,-1.2134266651243481e-09,3.6665091590979086,-3.212606459221661,-5.8199472620812376e-05,6.522614043546152e-07,-6.218685538177678e-10,4.872367548839074e-05,7.846586098709834e-07,-2.013858004621477e-09,-3.22271897131768,-6.565965174481631e-05,6.507494330286129e-07,-5.271608796742109e-10,1.9810014688665833,4.171533266636301e-05,-2.2565850219109613e-07,4.329777759773924e-10,0.3412031738897953,-9.403427938605787e-05,3.342191289823636e-07,9.645952566234456e-11,0.34258725715573374,-9.214802477455777e-05,3.3953914334843505e-07,7.45170029098942e-11,5.170554927025713,-0.0002764504547745954,6.777359704678045e-07,-1.4216976780785628e-09,4.622027303054514,6.1221199329870295,-9.403154856801738e-05,3.3418632051435445e-07,9.640520039677055e-11,0.00023688737145986376,4.63704044366707e-07,-6.013028746977765e-10,5.413766179244867,2.8971176342901945e-05,-5.44407537116291e-09,-1.0807343802616567e-11,0.026600000000000002,-0.0001008903797251147,-1.0793504457501233e-07,1.0526455261387718e-09,32228.01,0.44096270896606027,-0.00687803491920254,1.3250484050204941e-05,7.27,-0.0015630363173084166,9.27449012530527e-06,1.3243926224253323e-08,0.10890000000000001,9.986392455697891e-05,-1.0877213764038613e-07,-9.378465626882801e-10,0.01108112649054645,-3.735505431204787e-07,-7.689201030292573e-09,3.1149749664270436e-12,4
1979-09-30,0.0933,4.885534254543203e-05,3.8748477030518684e-08,-5.145011283714561e-11,0.010999999999999996,1.6054062667683433e-05,1.32076401679367e-08,-1.1511577700290254e-10,-0.05469999999999999,-6.864473931078446e-05,-8.526407562285813e-08,2.833777028369749e-10,9.44,0.005257177129829695,4.686302398990926e-06,-1.2174202407176025e-08,10.54,0.006862583396598035,6.007066415784596e-06,-2.3685780107466283e-08,9.33,0.0048855342545432116,3.874847703051901e-06,-5.145011283714648e-09,10.26,0.005921889158382031,-8.416082316064425e-06,-2.66665467602237e-09,0.11380000000000001,-8.66004957723753e-05,4.552891234896019e-09,1.1224512671793686e-09,2.209372711271867,-0.00011770952737289592,4.055500794004423e-07,-3.7816547094440537e-10,4.312140507209715,0.0003374058707562175,3.843627128124223e-08,-7.743762338831168e-10,-2.9818293683849997,-1.512538505579553,-0.0003397401538867617,-5.422926321954314e-07,1.736612983999452e-09,-2.813545703268111e-06,-5.035538523311901e-07,9.63567929644096e-10,3.175132901920282,-6.249354143557582e-05,-4.763617811165122e-08,4.741979814296876e-10,4.151826997635463,-1.429634363867005e-06,-9.627159180835313e-07,-4.861687077045222e-10,-2.0047051955658186,5.799673327535615e-05,-1.417872593865389e-06,1.3084867175164914e-11,-1.3842013385162013,-9.93395288848271e-05,2.2126813364713134e-07,7.28077797781029e-10,4.309455941839047,0.000336617042021331,3.856623413757617e-08,-7.522216351130273e-10,7.859894506006917,0.00026910416877128085,-1.6032252153659122e-07,3.4824825771124617e-10,7.871195973487451,0.00027667105697977564,-1.723189776024553e-07,2.5385391792692667e-10,0.9766253724535228,0.00026219306951662767,-1.0397363845326497e-07,3.448179290612741e-10,1.512538505579553,0.0003397401538867617,5.422926321954325e-07,-1.7366129839994504e-09,3.681287473848303,-3.172223098507082,8.142443679907268e-06,6.549789756203581e-07,-1.610663260281053e-09,0.0001277187370623982,5.806769719234115e-07,-2.904829882158062e-09,-3.1835245659876157,5.75555471410416e-07,6.669754316862359e-07,-1.5162689204967115e-09,1.9878743481543455,1.889684608249696e-05,-1.6604327720875159e-07,6.355428950261314e-10,0.37553090029011993,-6.0159258305029484e-05,4.562201828025292e-07,-4.88038768686667e-10,0.37821546566078873,-5.937042957014369e-05,4.5609021994620743e-07,-5.101933674567457e-10,5.146678857351581,-0.00020373415245756796,5.317244779000087e-07,-2.2500722318821743e-09,4.687671407499835,6.156449184248659,-6.016119815985127e-05,4.561699803062185e-07,-4.880157257157585e-10,0.0002772466124511874,4.946564540837759e-07,-1.2624150025697744e-09,5.416367033321851,2.8252681573864845e-05,-6.2220173199779205e-09,-2.4027934748620108e-12,0.0239,-0.00010422998794298378,2.6858601784422582e-08,1.1124510563814775e-09,32385.67,-0.2637359978343966,-0.005054465863648748,1.9581004884794034e-05,7.42,-0.00044001460472148786,1.1359744491852614e-05,-9.94583474771395e-10,0.12179999999999999,8.432183186706013e-05,-2.2465559842126423e-07,-8.351068196193803e-10,0.0111,-1.3094753925563277e-06,-6.947450608620933e-09,1.4692128764508763e-11,4
1979-12-31,0.1039,5.626437069701499e-05,4.900890599535393e-08,-1.2621967192315135e-10,0.013200000000000003,1.750950083416226e-05,-4.4684844298563385e-09,-1.2053079051498466e-10,-0.0682,-8.117866607139593e-05,-6.200962915156814e-08,4.1067408481373034e-10,10.74,0.006050236802874006,4.5669634411706825e-06,-1.888642299897789e-08,12.06,0.0078011868862902355,4.120114998185045e-06,-3.093950205047643e-08,10.39,0.005626437069701505,4.900890599535412e-06,-1.2621967192315249e-08,12.04,0.00565843952910952,-2.7951972564157514e-06,-3.362302190770491e-09,0.09970000000000001,-7.485483226680667e-05,1.7071381571100342e-07,8.12273884081761e-10,2.169053700369523,-6.460604141026692e-05,3.636568172230753e-07,-1.4564556279899531e-09,4.33990170837321,0.0003392555220399343,-5.078514152809349e-08,-7.748025149904687e-10,-2.9488486876551407,-1.507655218124158,-0.00040517903013964456,-3.647744837399835e-07,2.7714245015232933e-09,-6.646384293834546e-05,-4.1526882779631676e-07,2.001309678930085e-09,3.1726224403507386,-6.835187504189571e-05,-1.627380924622413e-08,3.88342297798676e-10,4.139636551413807,-0.0001183125333753636,-9.034494651013336e-07,8.281342577815373e-10,-1.9819519204025788,-0.00011628329155400873,-1.3009319024266768e-06,2.443796997379399e-09,-1.3862943611198906,-6.021422372515361e-05,2.85652301414968e-07,2.768592397279876e-10,4.3425058765115985,0.0003383411756954495,-4.477302414763187e-08,-7.529456081093385e-10,7.888921350264221,0.00024927517085568255,-1.0517777044445037e-07,5.29769318195827e-10,7.902361319742932,0.00025465885601076433,-1.2752022821674848e-07,4.665218909438799e-10,1.000631880307906,0.00025666557012350016,-5.8328626003121666e-08,3.016190773824342e-10,1.507655218124158,0.00040517903013964456,3.647744837399833e-07,-2.7714245015232913e-09,3.6796457781669907,-3.208643691789324,8.755198424206662e-05,4.5367844493819417e-07,-2.912851521920456e-09,0.00018123531974758715,2.3483583264956593e-07,-3.4466875992189726e-09,-3.222083661268035,8.216829908698486e-05,4.76020902710503e-07,-2.849604094668515e-09,1.9906103279732201,1.0379575704958649e-05,-6.905455979379581e-08,6.312663009703211e-10,0.34037595010168625,-2.428366942184082e-06,3.992858160218479e-07,-1.6082796887341508e-09,0.33777178196329843,-1.514020597699053e-06,3.93273698641395e-07,-1.6301365956152918e-09,5.120654060882913,-0.000147235778736729,2.570204888316042e-07,-2.8006145117897963e-09,4.680277658474897,6.121285941190819,-2.432143743351378e-06,3.9925434562088475e-07,-1.6081952159088545e-09,0.0003368271550977492,3.4850067449375386e-07,-2.3830822037246163e-09,5.418858281840839,2.748753695529585e-05,-5.684150464713754e-09,5.739787273155631e-12,0.0128,-9.198560776358353e-05,1.837597250051074e-07,8.749169909229924e-10,32388.73,-0.5212960872698374,-0.002054331369897521,1.9441486700257637e-05,7.25,0.0009841049660721788,1.0367217356183745e-05,-2.0393694470030228e-08,0.1329,5.747632493427219e-05,-3.068289977165771e-07,-5.63088850918083e-10,0.010978858637698916,-2.11314473862475e-06,-4.343535550314107e-09,2.387490973170207e-11,2
1980-03-31,0.1275,5.13250347893968e-05,4.024591441149219e-08,-1.7100588532037556e-10,0.014899999999999984,1.7388059078009175e-05,-1.5427807818202956e-08,-9.659360000353729e-11,-0.08909999999999998,-7.982301139107982e-05,-2.1846964865489576e-08,4.5913090321469706e-10,12.96,0.005510435122017443,2.9806446710990146e-06,-2.0616437395392228e-08,14.45,0.007249241029818364,1.4378638892787115e-06,-3.0275797395746046e-08,12.75,0.005132503478939688,4.024591441149208e-06,-1.7100588532037693e-08,15.2,0.003594146243397843,-8.522560025044402e-07,-5.37061619033159e-09,0.1042,-4.920482143183501e-05,2.7074985027810855e-07,2.1118934000551564e-10,2.089391872533004,1.2987942048253363e-05,1.3390866386627786e-07,-2.547937596824962e-09,4.383275854074314,0.0003292451652228662,-1.1771635184337384e-07,-6.723567512894296e-10,-2.893175685228899,-1.4958022746511617,-0.00047635504211223127,-3.514280613608006e-08,3.7161364020402323e-09,-0.00014785684935304452,-1.5241191884811572e-07,3.0522102349956896e-09,3.1552968432253294,-6.932096724835551e-05,1.8365140821502603e-10,3.1703691574142554e-10,4.124873767256924,-0.00021824694834601046,-6.849752300482518e-07,1.753767085680371e-09,-1.9241486572738007,-0.0002959354231986358,-8.351674215356524e-07,4.481686586668385e-09,-1.3823061511850911,-2.559037159674711e-05,2.726866031062568e-07,-6.482861699142609e-11,4.383275854074314,0.0003278324141309602,-1.1125397135910519e-07,-6.57394952943306e-10,7.909813714805109,0.00024600823006000054,-1.9418112162921313e-08,4.6494209169238103e-10,7.923123992662332,0.0002476177969519433,-4.7715508083082706e-08,4.545450741202796e-10,1.0245863186129487,0.00025595056680146054,-2.6137578673179008e-08,1.414478499744496e-10,1.4958022746511617,0.0004763550421122316,3.5142806136079896e-08,-3.716136402040233e-09,3.684860646492924,-3.2587145969286175,0.00016102584480387206,5.474456970720606e-08,-3.864041577991161e-09,0.00020249570650048357,-1.9865064357817405e-07,-3.3958640145131336e-09,-3.272024874785841,0.00015941627791193208,8.304196562737203e-08,-3.853644560419087e-09,1.9933388426264242,7.191655110326545e-06,2.1123674990115407e-08,4.749641814542447e-10,0.2678232638021777,7.778890964100839e-05,1.5304280938766718e-07,-2.7267427350093553e-09,0.2678232638021777,7.920166073291679e-05,1.4658042890339968e-07,-2.7417045333555155e-09,5.102337702031541,-0.0001215534739371818,-1.0823649033442632e-07,-2.7724307836305117e-09,4.651099117876491,6.0487423982594555,7.777718028345731e-05,1.5304099687721354e-07,-2.7265849168078884e-09,0.00040703407486387537,3.532645754429254e-08,-3.3990994862987985e-09,5.421168395035666,2.687417903788694e-05,-4.295049912304483e-09,1.1205664805375492e-11,0.014199999999999999,-6.781837976706116e-05,2.801061404683284e-07,3.9778340189020675e-10,32412.82,-0.6123979426608173,0.000749329146667968,1.4533997030349087e-05,6.85,0.0024065901430477335,6.630559782068686e-06,-3.637113557516634e-08,0.1476,1.6648343815842062e-05,-3.443720416505173e-07,-1.6645161654405006e-10,0.010363540022076161,-2.4995877433429474e-06,-8.259760771759841e-10,2.7004226569904556e-11,2
1980-06-30,0.0978,5.5754232644681624e-05,4.9681028596770155e-09,-3.034995038914559e-10,0.021300000000000006,1.2780292448503426e-05,-2.2821565891593783e-08,-3.6984576409093665e-11,-0.07530000000000002,-7.838207599797053e-05,4.3556177584307325e-08,4.904744649981315e-10,10.58,0.0056942579175793704,-6.376850085908642e-07,-2.8733670805830256e-08,12.71,0.006972287162429711,-2.9198415977502687e-06,-3.2432128446739665e-08,9.78,0.0055754232644681725,4.968102859676804e-07,-3.034995038914573e-08,7.07,0.004400761415665188,-5.1542455036163885e-06,-2.9745655823596938e-08,0.0795,-6.186294065481574e-06,2.4856829136543437e-07,-5.808128738645739e-10,2.1412419425852827,4.2143912159665894e-05,-2.4359092074087857e-07,-2.7586769484692312e-09,4.415219602029645,0.0003091530932515914,-1.7517544009699286e-07,-5.193493637901269e-10,-2.9603651297166995,-1.593853181417402,-0.00048205095142835085,4.4720359078610204e-07,3.739071474266571e-09,-0.0001734992219644925,2.7348152177666303e-07,3.229505810602401e-09,3.147594622863237,-6.559144170957057e-05,2.9588337053286368e-08,2.6777412009636514e-10,4.06971028126374,-0.00026926763577447485,-4.0270129211630737e-07,1.9234234235024687e-09,-2.0371486294895846,-0.0003762911400423081,-1.5730974259089449e-07,4.872269876337292e-09,-1.3777042835285915,-2.66833492908701e-07,1.9960279495620653e-07,-1.889110179818985e-10,4.412798293340635,0.00030928456778286305,-1.7060314417636555e-07,-5.21363871380398e-10,7.933740242387453,0.0002498315656899633,5.672001220425448e-08,2.1144761165331462e-10,7.9472652656834075,0.000248014904055624,3.011479851423857e-08,2.5366643450743344e-10,1.0483292188852673,0.0002571468422095897,-1.823301698143146e-08,-7.385929095184115e-11,1.593853181417402,0.00048205095142835085,-4.472035907861005e-07,-3.739071474266571e-09,3.7383962991912774,-3.1922924381068136,0.0001666279440288125,-4.7433526593707496e-07,-3.6827449658234766e-09,0.0001625548060281548,-5.991251468438153e-07,-2.4872054230596915e-09,-3.205817461402768,0.0001684446056631539,-4.4773005224705985e-07,-3.724963788677617e-09,1.9726911717329554,1.6349726199083037e-05,5.344325766317182e-08,1.7378305214613195e-10,0.3262282022509935,0.00010730641646718746,-2.424398136358238e-07,-2.95194799038006e-09,0.3286495109400038,0.00010717494193591897,-2.4701210955645185e-07,-2.9499334827898285e-09,5.120165242946535,-0.00015235254344126702,-4.598282670366608e-07,-1.91327301677362e-09,4.741447804280639,6.107134240116959,0.00010729414952262566,-2.4243078566358983e-07,-2.9517941914366606e-09,0.00041645950971878,-4.176152537328143e-07,-3.4712973541701965e-09,5.42346468873309,2.6622488646319e-05,-2.6579426857331383e-09,1.215768550698345e-11,-0.0078000000000000005,-2.576637042374748e-05,2.8185109058993286e-07,-2.599492828797254e-10,31669.16,-0.31778978053309287,0.0017443514467739966,5.093171781865829e-06,7.67,0.00301988100677338,1.0999784119985828e-06,-3.85840475998675e-08,0.1438,-2.406361137872186e-05,-3.416620264403732e-07,2.003789880798234e-10,0.009740710405863214,-2.2529286902084283e-06,2.558820207494009e-09,2.2211231145359686e-11,2
1980-09-30,0.1151,6.579121517213175e-05,-1.569865136376558e-08,-4.678763869241747e-10,0.016799999999999995,8.630253894429329e-06,-2.8144200551080213e-08,1.3021061644017558e-11,-0.08899999999999998,-7.840750098578316e-05,9.261601133034732e-08,4.991069695148452e-10,12.02,0.006409543277517351,-2.4168803040784113e-06,-4.01518858476392e-08,13.7,0.0072725686669602805,-5.2313003591864755e-06,-3.884977968323744e-08,11.51,0.006579121517213177,-1.569865136376585e-06,-4.678763869241751e-08,10.27,0.006486115813958554,-7.180391534007525e-06,-5.766427549224739e-08,0.0708,3.7352774143882744e-05,1.2852477300711425e-07,-1.237337821892954e-09,2.2192034840549946,-1.3749732901917334e-05,-6.921584074558939e-07,-1.6762749112287646e-09,4.430816798843313,0.0002906349688386031,-2.150163686459592e-07,-3.941159793390572e-10,-3.036554268074246,-1.6866519499980035,-0.00040558608473998845,9.85741939367132e-07,2.5237614314912105e-09,-0.00011536113765692122,7.742270085189005e-07,2.1382161997663137e-09,3.1535903581695712,-6.421078571818492e-05,6.111263689705009e-08,2.4686764088126347e-10,4.033886593184986,-0.00027072177741254214,-1.4555101126202103e-07,1.3638164224866209e-09,-2.1567546447825063,-0.0003209590469980945,5.656629591073564e-07,3.2399636395170214e-09,-1.3724124362714076,1.2714225390153197e-05,1.373261184150061e-07,-5.3022135175149316e-11,4.429625613473161,0.00029235074237388413,-2.1027575867106417e-07,-4.099713656025147e-10,7.936428534407685,0.0002631289978168555,6.473018414020729e-08,-1.8295430237436296e-10,7.949149034356101,0.0002584365184205406,4.8241087802846e-08,-1.0277312746308108e-10,1.0720015832004268,0.0002577571386547557,-3.991172543698148e-08,-2.7759020042592877e-10,1.6866519499980035,0.0004055860847399881,-9.857419393671305e-07,-2.52376143149121e-09,3.792976400040621,-3.0961862262401096,7.824630120494628e-05,-9.89359486610286e-07,-2.093939488235556e-09,5.920552978314064e-05,-8.641626186653251e-07,-7.952720711309389e-10,-3.108906726188526,8.293878060125978e-05,-9.728703902729292e-07,-2.1741206631468337e-09,1.9712993830601329,3.601772162966331e-05,4.2080886936041156e-08,-1.7335507758702328e-10,0.4094255093242613,5.0740330183201166e-05,-7.096129338241187e-07,-1.8827778112708935e-09,0.4106166946944143,4.9024556647920104e-05,-7.143535437990191e-07,-1.8669224250074504e-09,5.138842446711703,-0.00023784461497995124,-6.80566884023639e-07,-3.1526776416681696e-10,4.840242308167575,6.190335897446472,5.073774841437284e-05,-7.095898611735935e-07,-1.88272318630758e-09,0.00034137529902180384,-9.246293024700792e-07,-2.276893790609949e-09,5.425918711141758,2.663569223880294e-05,-1.132587815475849e-09,9.105428234464282e-12,-0.016200000000000003,1.7253270669698368e-05,2.1142525609642473e-07,-8.185751104602925e-10,31554.48,0.3054385849408618,0.0013529866988165958,-5.76654611615118e-06,8.64,0.0025779760223464897,-4.761545569280581e-06,-2.4012203314230716e-08,0.126,-5.282507614783642e-05,-2.8398118334338407e-07,4.4369608252177367e-10,0.0096,-1.5931459450194355e-06,4.8424476194588664e-09,1.1634849604024222e-11,2
1980-12-31,0.1284,5.94516027769242e-05,-5.257833178958168e-08,-5.178083731133215e-10,0.019299999999999998,7.593884941453109e-06,-2.0099833484620224e-08,2.918972794985302e-11,-0.1053,-6.455864492381238e-05,1.2746542737765276e-07,3.967265046442822e-10,13.21,0.005765538933085357,-5.12354704064946e-06,-4.317512690967916e-08,15.14,0.006524927427230659,-7.133530389111516e-06,-4.0256154114693796e-08,12.84,0.005945160277692418,-5.257833178958209e-06,-5.17808373113321e-08,15.49,0.004591368817073281,-1.28904011818572e-05,-5.815097361619777e-08,0.09609999999999999,4.5954172507932595e-05,-6.773969758096142e-08,-1.374583505658081e-09,2.2396452932201716,-0.00012961505415665618,-9.58507782256702e-07,5.359796430301278e-10,4.457829598089382,0.00027013031813088035,-2.3291486390445998e-07,-2.802846180842553e-10,-3.076942328979534,-1.7529710015969564,-0.00026117833346722826,1.3071418917332872e-06,1.4718230960297066e-10,8.75035500001245e-06,1.0791284925420214e-06,-1.281158072290051e-10,3.141130476243348,-5.8194120116007024e-05,8.046107444948932e-08,1.8215470133053714e-10,4.019082077721554,-0.00025274484370526874,-2.196229532712713e-08,4.743101019467279e-10,-2.198225077669803,-0.00018477150873244668,9.721395253663228e-07,1.498387008546472e-10,-1.3664917338237108,1.2091920444854028e-05,1.363463204029113e-07,3.2069917356868315e-10,4.45898767581001,0.0002716640600346529,-2.2900800947612237e-07,-2.998885208588132e-10,7.9573464268077565,0.00028314635795096966,1.0029165360297842e-08,-5.994687846946323e-10,7.969322113571215,0.0002770026834234038,6.584501259500304e-09,-5.066871567444729e-10,1.095273387402595,0.00025533306795505874,-8.627403000254041e-08,-3.948937112026495e-10,1.7529710015969564,0.0002611783334672286,-1.3071418917332868e-06,-1.471823096029743e-10,3.798828090437709,-3.0632449489674527,-8.016214459974983e-05,-1.2367099826440878e-06,6.344411764222049e-10,-6.528025732345788e-05,-8.750987720974139e-07,1.1811960972181374e-09,-3.07522063573091,-7.401847007218465e-05,-1.233265318543292e-06,5.416595484720756e-10,1.9906103279732201,4.392497665892392e-05,2.832815299753605e-10,-3.341273834842462e-10,0.43627187975092196,-6.7146104779658e-05,-9.937659533793325e-07,3.1525700981180403e-10,0.43511380203029426,-6.867984668343179e-05,-9.976728078076804e-07,3.34860912586369e-10,5.1219113885330465,-0.000341935274779253,-6.436011549428643e-07,1.5592712536259782e-09,4.894101477840304,6.217184775935642,-6.714412317011809e-05,-9.93727778949394e-07,3.1523725295776615e-10,0.00020298421335122261,-1.226680817283797e-06,3.49723917275521e-11,5.428400236227025,2.6656401827468425e-05,-2.962472561457366e-10,4.462996140640381e-12,-0.0004,3.3804802055869816e-05,7.123381052148429e-08,-9.768664384907796e-10,32064.02,0.5575721856238658,-4.428113414549003e-06,-1.0721850424130167e-05,9.01,0.001468466311339986,-7.848245652136628e-06,2.973822812810635e-09,0.1252,-7.78727526338593e-05,-2.017578818566779e-07,5.811408782649704e-10,0.00958967834845153,-8.467198318276974e-07,5.201664669499455e-09,-5.501952201108122e-13,3
1981-03-31,0.13119999999999998,5.057541908890875e-05,-1.353650646295393e-07,-4.929547545509296e-10,0.020099999999999996,5.159242012512251e-06,-5.217244598817292e-09,2.7699129319703927e-11,-0.1063,-4.5813560476304545e-05,1.7285368338579255e-07,2.2826998117326077e-10,13.33,0.004992038271238297,-1.1733986134840237e-05,-4.141305166227707e-08,15.34,0.005507962472489508,-1.2255710594721982e-05,-3.864313873030655e-08,13.12,0.005057541908890873,-1.3536506462953963e-05,-4.929547545509285e-08,13.36,0.0023459008376780026,-2.5251558017181954e-05,-4.291532579003859e-08,0.1199,2.062866646254063e-05,-2.8801787890427897e-07,-9.411048264412777e-10,2.206074192613202,-0.00027612693156165954,-8.043322887180062e-07,3.3621252980997726e-09,4.483002552013883,0.00024666615669871605,-2.540105504816383e-07,-1.708602200101423e-10,-3.055482277959765,-1.756357542177139,-7.478799297000495e-05,1.2139672229368043e-06,-2.8943082663131647e-09,0.00017237849336052962,9.646509870070033e-07,-3.068105341450356e-09,3.1354942159291497,-4.5876391174166226e-05,1.0060223456300704e-07,6.494986208688213e-11,3.9776234625120948,-0.0002343939026734028,-8.32865891686143e-08,-2.6610243282736073e-10,-2.2118307297255817,-1.58924768878705e-05,7.757195191211773e-07,-3.404598305522385e-09,-1.3630153203003648,1.0665799297204445e-05,1.9711041921971003e-07,7.413659836033476e-10,4.484131857611035,0.0002476319609550359,-2.5345311607201216e-07,-1.9109476560373733e-10,8.001541608084143,0.00028744070089553044,-8.260707255560073e-08,-7.872009871133988e-10,8.011050916962548,0.0002821829490552749,-7.477785208501418e-08,-7.133773707322201e-10,1.1180024402628606,0.000246964428220272,-1.4354403338280759e-07,-3.522885856051328e-10,1.756357542177139,7.478799297000598e-05,-1.2139672229368039e-06,2.894308266313158e-09,3.784866413204808,-3.1096898499778534,-0.00025852909909969207,-1.0307579158181934e-06,3.746459115513435e-09,-0.00017443550840565147,-5.877529483450616e-07,2.846737880294368e-09,-3.1191991588562593,-0.0002532713472594386,-1.0385871362887739e-06,3.6726354991323004e-09,2.0095554142156695,3.4807889734778455e-05,-7.629902956262225e-08,-2.296833622498757e-10,0.4088492060924048,-0.00021775455490287567,-8.593544378921607e-07,3.1301183484101603e-09,0.40771990049525353,-0.00021872035915919573,-8.599118723017926e-07,3.150352894003777e-09,5.087818241679104,-0.0004302825311558511,-3.212358735677989e-07,3.1142299370791025e-09,4.891851758106289,6.18976197404949,-0.00021775358698628705,-8.59332999042306e-07,3.1300702105406937e-09,2.8911601795840457e-05,-1.1133649883738001e-06,2.9592581284000297e-09,5.430860169243605,2.6658353774312167e-05,-4.814183294302002e-10,-4.627746491427936e-14,0.016,2.8134968444482392e-05,-9.787693631054384e-08,-7.146092443011609e-10,32612.21,0.2709597470764379,-0.0024422279757008534,-7.241185086615436e-06,9.14,7.152529796989327e-05,-5.806910920530948e-06,3.3902699538182384e-08,0.10490000000000001,-9.250517687391003e-05,-1.455314152151801e-07,5.904636098766551e-10,0.009751566215265284,-2.3112022553062653e-07,3.828446362650942e-09,-1.0486764591538318e-11,3
1981-06-30,0.13470000000000001,4.307374153940514e-05,-1.9985269338587235e-07,-3.8691380042012186e-10,0.020500000000000008,4.0947041349308984e-06,-3.2399407408308544e-09,-6.6559084213824625e-12,-0.10969999999999999,-3.1112849110375764e-05,1.979599721005271e-07,6.128199878251242e-11,13.75,0.004393481176159464,-1.7146030579902473e-05,-3.406075131018174e-08,15.8,0.0048029515896525375,-1.747002465398556e-05,-3.472634215231984e-08,13.47,0.004307374153940507,-1.9985269338587236e-05,-3.8691380042012034e-08,14.73,0.0004398027328842452,-3.063673319511675e-05,-1.538021173039072e-08,0.1305,-2.5774248014286887e-05,-3.980679543596103e-07,-7.682141577839816e-11,2.1713368063840917,-0.000405824426566289,-2.452223185427983e-07,5.717589089997971e-09,4.506454213048934,0.00022590665999478802,-2.7377576205396086e-07,-8.404191172726728e-11,-3.03032371832361,-1.7556834127542456,9.075510641771943e-05,7.060212388240294e-07,-5.4356483495247825e-09,0.0003180492126559929,4.361882373415082e-07,-5.532973787079961e-09,3.1293886583666644,-3.639769138195775e-05,1.0854309575304212e-07,-4.073934958846797e-11,3.983226764434478,-0.00023450629682550406,-2.5314918423422273e-07,-4.292221487204531e-10,-2.1759524420606797,0.00011898145985333696,6.946575564350346e-08,-5.913560783657151e-09,-1.374301494839517,2.884600843085349e-05,3.099136146584231e-07,9.47587377642267e-10,4.505349850705881,0.00022697903641888395,-2.761854254723946e-07,-1.028109631789269e-10,8.04693544988671,0.0002674624523024874,-2.0754447777981843e-07,-6.351779885240699e-10,8.056936783289373,0.00026458036315473165,-1.9275831240988497e-07,-6.016838982839599e-10,1.1420284491301074,0.00022949219405168103,-1.9372101004543485e-07,-1.2584612145584632e-10,1.7556834127542456,-9.075510641771909e-05,-7.060212388240296e-07,5.435648349524779e-09,3.7139039026181955,-3.1618633787658,-0.0003946152501021642,-3.8993366529117203e-07,6.0300869884603686e-09,-0.00023093170300612155,-1.136861356584004e-07,3.6676173000498316e-09,-3.171864712168463,-0.0003917331609544078,-4.0471983066109265e-07,5.99659289822029e-09,2.0014800002101243,2.2083152454296236e-05,-1.2854105199021173e-07,6.201167786054668e-11,0.3786178580719765,-0.00035305945779446306,-3.2370238101703423e-07,5.478950911663548e-09,0.3797222204150296,-0.00035413183421856146,-3.2129271759859887e-07,5.497719963115248e-09,4.993221007179832,-0.00046009543468576925,1.7043117132073438e-07,3.770849758766901e-09,4.88507207112091,6.159518132104232,-0.0003530544593974977,-3.237060670881354e-07,5.478869309445486e-09,-0.00012715279779967683,-5.974781430709943e-07,5.394908999936306e-09,5.433332667243651,2.6675133112512296e-05,-1.1485910164522112e-09,-3.585014077201297e-12,0.0297,6.03425707855363e-06,-1.835447814784978e-07,-1.1435117954189443e-10,32291.43,-0.14102830993901422,-0.004084852429018694,2.260008032306899e-06,8.81,-0.0010170084388247125,6.804388855132838e-07,5.522439405871697e-08,0.0955,-9.259907186780504e-05,-9.960869600623092e-08,5.094530701113461e-10,0.0099148464539103,4.347469941417843e-08,1.686571387235225e-09,-1.529895238997466e-11,0
1981-09-30,0.1532,1.6106888540267748e-05,-2.2489920701540286e-07,-7.5845452640939e-11,0.014300000000000014,7.816800620130913e-06,-8.960748807852615e-09,-7.472983956005405e-11,-0.11410000000000002,-1.105794705297551e-05,1.849035861490626e-07,-1.4796642279890908e-10,15.49,0.002139582040891125,-1.9701804258675045e-05,-1.0162808146988319e-08,16.92,0.0029212621029042042,-2.059787913946029e-05,-1.7635792102993618e-08,15.32,0.0016106888540267622,-2.2489920701540274e-05,-7.584545264093718e-09,14.7,-0.004172534388984459,-2.7980850815409197e-05,3.595052912582434e-08,0.14150000000000001,-9.009672144658494e-05,-3.334032129380164e-07,1.0053420677803157e-09,2.0255131996542803,-0.0004111325677166013,6.124750968188982e-07,6.3469569435500385e-09,4.534747721691546,0.00019996738447896413,-2.7472169847176043e-07,4.293733193781678e-11,-2.8986055628232683,-1.6521813064649034,0.000140722639382412,-1.478627042793544e-07,-6.299923144259569e-09,0.00034240381251375503,-4.2000729748190754e-07,-6.2768023238030225e-09,3.1210424645194377,-2.5381389388452746e-05,8.718461133826486e-08,-1.398452314083212e-10,3.97198858659558,-0.000273517553934427,-3.933425549520252e-07,2.506657383570521e-10,-2.0471679811295402,9.283074007152039e-05,-9.046663639142591e-07,-5.869529638698003e-09,-1.3848787087030852,7.029682545439432e-05,4.5285725039226654e-07,8.392366265448266e-10,4.533674184283021,0.00020122268675625693,-2.7902992027003824e-07,3.006462966781885e-11,8.059128251561658,0.00023784634767324563,-3.0056868716539615e-07,-2.3213559598169566e-10,8.068573683343766,0.0002372834445553973,-2.855703738053002e-07,-2.405996462273591e-10,1.1658726310231304,0.00020495209838397658,-2.1018842951973875e-07,2.2754304954196095e-10,1.6521813064649034,-0.000140722639382412,1.4786270427935238e-07,6.299923144259569e-09,3.6421327635332923,-3.2859044805773174,-0.00040395037644411143,5.35616002783009e-07,6.392213508832937e-09,-0.0002022931164127037,3.8235446324302616e-07,3.3277990896765797e-09,-3.2953499123594256,-0.0004033874733262603,5.206176894229313e-07,6.400677559078603e-09,2.0135687975291283,2.4929293774966083e-06,-9.934335261442352e-08,4.93860242558212e-10,0.23847604929279545,-0.00036607141324982893,5.09769014089369e-07,6.1171405809134174e-09,0.2395495867013197,-0.00036732671552712324,5.14077235887651e-07,6.130013283183455e-09,4.898256160124953,-0.00040062978779164887,6.732422456214194e-07,3.232231067545675e-09,4.773223770984341,6.019395812036673,-0.00036606519502965643,5.097633692754273e-07,6.1170698848533215e-09,-0.00016610402877086512,2.3504731561761156e-07,6.160077912851252e-09,5.435772302001884,2.6552284363615814e-05,-1.6849063475080754e-09,-5.08959694687282e-12,0.0433,-3.374666127978485e-05,-1.426977782691702e-07,6.790630478599637e-10,32599.46,-0.7687460100513818,-0.0031283289042189147,1.6252358316610083e-05,7.75,-0.0006903309025195023,9.592728298936295e-06,5.3367079957499066e-08,0.10949999999999999,-9.933095478191229e-05,-5.481156604199868e-08,4.917311981024699e-10,0.009899999999999999,-4.6989452665801265e-08,-3.795091717262741e-10,-1.4397429588853479e-11,2
1981-12-31,0.13720000000000002,-1.8605577448838345e-05,-2.3340155859165098e-07,3.419081231033542e-10,0.023200000000000002,8.975467988963542e-06,-1.7420695906003324e-08,-1.1296668138735591e-10,-0.1119,1.2083790702611042e-05,1.5825489766097812e-07,-3.7389335198208834e-10,14.23,-0.0007898877328748943,-2.0972475384698422e-05,2.3130790911805063e-08,16.55,0.00010765906602145381,-2.2714544975298727e-05,1.1834122773069522e-08,13.72,-0.0018605577448838396,-2.334015585916507e-05,3.419081231033552e-08,10.85,-0.008038567291477354,-2.300804197077607e-05,8.47517456287515e-08,0.0989,-0.0001414001094416518,-1.4120296732583948e-07,1.8479196394926471e-09,2.057962510002712,-0.0002899337493955715,1.5249819463440563e-06,4.87867812191706e-09,4.543294782270004,0.00016765783263984757,-2.7113647565194893e-07,2.3034580455450628e-10,-2.926206210905381,-1.6892787018838311,7.52914680630077e-05,-1.0662429309697123e-06,-5.136988770781808e-09,0.00024448447843601585,-1.3376665120727665e-06,-4.927990695125259e-09,3.1293886583666644,-1.270359944232774e-05,6.195694068918351e-08,-2.1822309121879114e-10,3.9693480720474157,-0.0003442340623160234,-3.9164834795516324e-07,1.6212821567925695e-09,-2.0866675867715756,-8.837788828884723e-05,-1.7925427494377248e-06,-3.068976308037918e-09,-1.3783261914707137,0.00012340082286858273,5.60700032437038e-07,4.5154115003719565e-10,4.544358046591334,0.0001687941105356111,-2.758802327113321e-07,2.247428883142502e-10,8.089669266729924,0.00019934835442325937,-2.948962690870027e-07,3.382208768384963e-10,8.09964629150507,0.00020049532847847827,-2.8577051018671475e-07,3.003802334146629e-10,1.1878434223960523,0.0001786267825850016,-1.6804944606738325e-07,6.081088848207538e-10,1.6892787018838311,-7.52914680630077e-05,1.0662429309697106e-06,5.136988770781808e-09,3.6308239378544434,-3.2710019064794276,-0.0002873434219285972,1.4230961407458931e-06,4.580544802724533e-09,-0.00010995853742955391,7.479353697096639e-07,1.9932968801962377e-09,-3.280978931254575,-0.00028849039598381266,1.413970381845622e-06,4.61838544614834e-09,2.0028304393079956,-1.9502750433068524e-05,-1.0899540294213672e-08,9.22175046210938e-10,0.27537257798049186,-0.00025565290014518526,1.399336347310832e-06,4.688419875008521e-09,0.27430931365916184,-0.0002567891780409497,1.4040801043702236e-06,4.6940227912488e-09,4.868448666578986,-0.00027985194877386125,1.0240629631028472e-06,1.718773683831149e-09,4.818667360250496,6.056292088975038,-0.00025565421269509723,1.399331538134396e-06,4.688409053512063e-09,-8.799506750533787e-05,1.1281998716588914e-06,4.918765679563033e-09,5.438190105603167,2.6262060475601422e-05,-2.115961471771774e-09,-4.506151295130367e-12,0.013000000000000001,-6.401663199134364e-05,-1.0535391264747684e-08,1.2819666649592897e-09,32167.32,-1.4645082511294163,-0.0002604128195245133,3.0117337912743346e-05,8.06,0.0010449477787735958,1.768360082441404e-05,2.6007579367704962e-08,0.0892,-0.00011085927459267499,-3.091136853270135e-08,5.495126729539014e-10,0.009841792846965914,-3.1297650034269285e-07,-1.7432326035854123e-09,-9.823374057869107e-12,2
1982-03-31,0.1386,-3.921627561263702e-05,-1.8654887319763034e-07,6.608352469730631e-10,0.022400000000000003,4.608349125408465e-06,-3.727440319137709e-08,-9.095552274143426e-11,-0.10760000000000003,2.5663267177668452e-05,1.1629484128611665e-07,-5.084726307855719e-10,14.58,-0.0027353243822317184,-1.755194859226017e-05,5.019725683399966e-08,16.82,-0.002274489469690874,-2.1279388911397855e-05,4.1101704559856225e-08,13.86,-0.003921627561263702,-1.865488731976299e-05,6.60835246973063e-08,12.68,-0.008948335344759304,-1.0740472172771084e-05,1.0581841843294551e-07,0.048,-0.00013981899466666676,1.3819427082787626e-07,2.0296974238027745e-09,1.9387416595767009,-7.438962832454869e-05,2.0568196120134995e-06,1.7379884030628821e-09,4.548599834499697,0.00014322304122953156,-2.5315060568193737e-07,3.925287693290912e-10,-2.8034603859068685,-1.570494938485493,-0.00010055117989353386,-1.6176033678829391e-06,-2.2067485116731877e-09,4.4095716052912e-05,-1.874174361242864e-06,-1.8346755176830963e-09,3.1372318358276905,-1.0609227256322406e-05,4.123916887928665e-08,-1.937414741235946e-10,3.9276994848131537,-0.00041178549147039695,-1.700681409942073e-07,3.1060223510489146e-09,-2.01215679487424,-0.00035836196046569425,-2.083485832252015e-06,1.4845797830083464e-09,-1.3644661611444708,0.00018495863627677813,5.798682624288047e-07,-1.7888604843455554e-10,4.550714000192032,0.00014318873530633284,-2.568168491480129e-07,3.9737272305630385e-10,8.095848060529514,0.00015720557713818083,-2.1017057583512608e-07,9.148503353511755e-10,8.107252181387175,0.00015872246467759504,-2.0891607417817237e-07,8.67216758054736e-10,1.2055897793405101,0.00015739648521608912,-7.263155662207585e-08,8.902349200829782e-10,1.570494938485493,0.00010055117989353352,1.6176033678829387e-06,2.206748511673191e-09,3.63682765757585,-3.388121286216331,-6.72636245009732e-05,1.869013112597353e-06,1.0981567021984526e-09,3.2408200395191155e-06,8.617979546301184e-07,1.794125436557409e-10,-3.39952540707399,-6.878051204038115e-05,1.8677586109404053e-06,1.1457902794948284e-09,1.9878743481543455,-1.827719311451072e-05,1.126931704689517e-07,1.0982990583027194e-09,0.15912693981348636,-5.3281088592323094e-05,1.911993142444155e-06,1.6204782682205287e-09,0.15701277412115075,-5.324678266912359e-05,1.915659385910241e-06,1.6156343144933203e-09,4.8594182959933425,-0.00014119058486507864,1.0950401924154478e-06,-2.40899425814707e-10,4.707726774313183,5.940039665115794,-5.3283773585363625e-05,1.9119859459391522e-06,1.6204860676928867e-09,8.994195263720902e-05,1.6588425367622247e-06,2.0130070375496167e-09,5.440539307527173,2.5978689691617125e-05,-2.5684473592249222e-09,-3.3074803661654717e-12,-0.0219,-5.366873671721885e-05,1.9354702932264658e-07,1.35873874108071e-09,31592.18,-1.4139361900828304,0.0037609677367712287,3.5929136719331644e-05,7.48,0.003658255865317604,2.026307640708026e-05,-1.810464309786445e-08,0.0678,-0.00011101274478605964,9.474398160529567e-09,5.901579128300551e-10,0.009754029662059089,-6.044762555933232e-07,-2.164761039522857e-09,-4.223270424581143e-12,2
1982-06-30,0.14300000000000002,-5.642405816824569e-05,-7.117866004797729e-08,8.462857095814932e-10,0.02110000000000001,3.1615291582094435e-07,-5.6057439815695985e-08,-3.392726104232555e-11,-0.10710000000000001,3.2724184521194494e-05,4.865445638494498e-08,-5.35941041976504e-10,14.81,-0.004513677092323559,-8.63837852722764e-06,6.781761811253695e-08,16.92,-0.004482061800741469,-1.424412250879722e-05,6.442489200830435e-08,14.3,-0.005642405816824561,-7.1178660047976865e-06,8.462857095814926e-08,12.47,-0.00975993167113824,5.365350407339714e-06,1.0606389885366911e-07,0.0536,-9.983457039528598e-05,4.233046983988808e-07,1.5383599342448669e-09,1.900613874140137,0.0002255146033548542,1.9854746816589724e-06,-2.2483012410554307e-09,4.574710978503383,0.0001230490840163724,-1.9463627401606055e-07,5.095158031251395e-10,-2.779009290042704,-1.5731842218842251,-0.0003684863163296564,-1.6243964814099168e-06,1.6729648353319156e-09,-0.0002442226782418535,-1.824063619891585e-06,2.1673123469452662e-09,3.1245651453969594,-1.3714622853079617e-05,1.1468602863417032e-08,-8.265817328467281e-11,3.857355604085838,-0.00043446251602129795,2.8407384526404e-07,4.048578238411498e-09,-2.0463936876336355,-0.0006661718641221188,-1.547801620859648e-06,6.3148161661486955e-09,-1.3304471643350868,0.00025074856938169486,5.226204177287641e-07,-9.267821269243388e-10,4.574710978503383,0.00012171138547594149,-1.9827165645060058e-07,5.272796756146489e-10,8.093859995582983,0.00013927289434402385,-7.701339947496345e-08,1.2244715184996366e-09,8.104792286178956,0.00014008883631121127,-8.168559039369321e-08,1.186372470627101e-09,1.2065268101406041,0.00015304590139682308,4.871479599356457e-08,9.401624824685024e-10,1.5731842218842251,0.00036848631632965605,1.6243964814099168e-06,-1.6729648353319123e-09,3.6688799783714563,-3.396110628301798,0.0002154987991325491,1.7128784837483008e-06,-2.98009452711618e-09,0.00010675970698872939,7.190437720548459e-07,-1.5461118639613584e-09,-3.4070429188977718,0.0002146828571653693,1.717550674667032e-06,-2.9419954792437374e-09,1.9919755158985601,5.594248167657689e-06,2.6166895012072643e-07,9.480052176018997e-10,0.12303838877780172,0.00023172260946020029,1.8305013582893936e-06,-2.2651388117416877e-09,0.12303838877780172,0.00023306030800063264,1.8341367407239417e-06,-2.2829026842312137e-09,4.886081098955774,-1.605614754616111e-05,8.973336006748529e-07,-2.0618810922078208e-09,4.697749367281185,5.903943949578487,0.000231722982219168,1.8305042352311912e-06,-2.2651541732363735e-09,0.00035477169347657503,1.6358650842733353e-06,-1.7556230086165677e-09,5.442898293913494,2.5800012605868562e-05,-2.8502602839454104e-09,-2.5989064393949636e-12,-0.0101,-1.6416945030644553e-05,3.9918748418224686e-07,9.106981450023469e-10,31660.93,-0.6369527054515288,0.008612404027247202,3.1271145329418915e-05,7.74,0.0066144543045595205,1.4988332144005943e-05,-6.487083321988033e-08,0.0706,-0.00010954395994770957,9.064764530758175e-08,6.122528516325184e-10,0.00966312477393905,-8.300095165546733e-07,-1.967042359464598e-09,4.3069862757867784e-13,2
1982-09-30,0.1234,-6.345849122391346e-05,4.659273431347932e-08,8.487343120673646e-10,0.026900000000000014,-6.715131288271339e-06,-5.4850173511238717e-08,5.380468498150311e-11,-0.1003,3.509045649621014e-05,-1.8915014123068774e-08,-4.808661901293365e-10,12.94,-0.0052759899378840595,7.462911027682442e-07,7.053611910917119e-08,15.63,-0.005947503066711196,-4.738726248355621e-06,7.591658760732143e-08,12.34,-0.0063458491223913355,4.659273431347947e-06,8.487343120673633e-08,7.92,-0.008577936326956971,1.5827921204508498e-05,8.203378859581261e-08,0.032400000000000005,-3.599115601480699e-05,5.724102110927233e-07,5.555939272017756e-10,2.0014800002101243,0.00048056445752687956,1.4247204508647814e-06,-5.548549870605953e-09,4.583946549536464,0.00010174841899759091,-1.228645263718029e-07,5.891543675337669e-10,-2.882403588246988,-1.6862519055587881,-0.0005841925391314787,-1.1514693361475811e-06,4.891275077146389e-09,-0.00048204289451088086,-1.2801089808688038e-06,5.476609788639882e-09,3.1210424645194377,-1.1564715396020914e-05,-1.7628873760000782e-09,3.4852387463892416e-11,3.803992261214441,-0.0003908647260661903,8.526928492440356e-07,3.956703672282472e-09,-2.200028504668954,-0.0008620069546673572,-4.2163304948550784e-07,9.406201330503034e-09,-1.294276374876791,0.00030017021241025653,3.993303786135977e-07,-1.5394323476957542e-09,4.581901559048737,0.0001008607856686758,-1.2626770567990677e-07,6.10593325298037e-10,8.11131959989008,0.0001470908809917862,9.24540409138139e-08,1.1674872193154126e-09,8.123528187423824,0.00014650806268508287,8.53492772318371e-08,1.1487818595638618e-09,1.2067519355300842,0.00017016120295871955,1.6681630222437467e-07,7.177597220615777e-10,1.686251905558788,0.0005841925391314787,1.1514693361475816e-06,-4.891275077146388e-09,3.7033502347776652,-3.3040252298118546,0.0004255369427436706,1.0572524078577738e-06,-6.023909908997881e-09,0.00016920817836190842,4.0668895587174637e-07,-2.6692308892487954e-09,-3.316233817345598,0.00042611976105038014,1.064357171539745e-06,-6.005204549246415e-09,1.9878743481543455,4.0724205736690154e-05,3.7365365227163253e-07,5.553851509036807e-10,0.22334782054176094,0.0004708794047378631,1.2725709751433855e-06,-5.4455770572162215e-09,0.2253928110294886,0.0004717670380667817,1.2759741544514963e-06,-5.467016014980529e-09,4.916225312278855,5.912541314988876e-05,5.295879891859837e-07,-3.1883073219378867e-09,4.807294370078226,6.0042573689067344,0.00047088045203741853,1.2725762472970358e-06,-5.4456168977145975e-09,0.0005726278237354575,1.1497064487715842e-06,-4.856422689682483e-09,5.4452707795042,2.5602868630825864e-05,-2.8883411998609616e-09,-1.9207616265114885e-12,-0.0256,3.9563421750731114e-05,4.853386911878316e-07,6.818816991770879e-11,31466.79,0.5091642985757516,0.012299541595100286,1.873239407181139e-05,9.03,0.008533237315660571,3.7385968373565737e-06,-9.47806056172501e-08,0.0504,-0.00010415399474169822,1.6566719016564605e-07,5.58818014953523e-10,0.0096,-9.471827896893569e-07,-1.5224034333332753e-09,3.2191256764915874e-12,2
1982-12-31,0.1054,-4.7764637562493867e-05,1.317720986128401e-07,5.715386526326314e-10,0.023100000000000006,-1.5329617794157887e-05,-3.948676453568213e-08,1.5216738163543837e-10,-0.0921,2.900971725231698e-05,-6.262263724901805e-08,-3.207789136265606e-10,11.83,-0.004216816582102728,8.219545955344703e-06,5.0967211787257985e-08,14.14,-0.005749778361518518,4.270869501776487e-06,6.618394995080176e-08,10.54,-0.004776463756249375,1.3177209861284e-05,5.715386526326299e-08,7.94,-0.004998475085048965,2.191395525885113e-05,3.264113533122344e-08,0.0371,4.6070713287321695e-05,5.42984250243222e-07,-6.573467672354759e-10,2.136530508663963,0.0005776868609367877,5.17393540201817e-07,-6.7599570555292005e-09,4.580877493419047,9.269624404186841e-05,-6.646031899582405e-08,5.547433070016161e-10,-3.009831197933493,-1.810148462030127,-0.0006577666297894566,-2.9412732465727807e-07,6.140515729777769e-09,-0.0005655121261595505,-3.6692006834736624e-07,6.703890565310763e-09,3.1271990362962967,-1.2183642605392148e-05,2.082191213350504e-08,1.5805120787103084e-10,3.7369550773454994,-0.00026952105663533845,1.3379399092438622e-06,2.6011374435938687e-09,-2.400197921861046,-0.0008227461369455829,9.54744475651025e-07,9.143578881143776e-09,-1.2765434971607714,0.0003280880795652625,1.994558937482431e-07,-1.8725856269468414e-09,4.581901559048737,9.264011631730032e-05,-6.538885992418383e-08,5.706969943050977e-10,8.121576032682812,0.0001674581039214626,2.3396925778338163e-07,8.323781726489771e-10,8.131927396619833,0.00016575389540300633,2.2757038510828044e-07,8.292866573010084e-10,1.2237754316221157,0.00019866360027652393,2.408877386300686e-07,3.1186890780805113e-10,1.810148462030127,0.0006577666297894566,2.941273246572785e-07,-6.1405157297777705e-09,3.713572066704308,-3.184228534356389,0.00047812488326260327,8.097997900741685e-08,-6.8148426945557045e-09,0.00018256622986805027,2.5495511457298826e-08,-2.8998480228974974e-09,-3.1945798982934095,0.00047982909178106227,8.737885168249698e-08,-6.8117511792077955e-09,1.9878743481543455,8.688150163969968e-05,3.9963646713885236e-07,-4.642777211536926e-12,0.35647000490737685,0.0005528867431421945,3.8140955578661213e-07,-6.537207828908328e-09,0.3554459392776864,0.0005529428708667646,3.8033809671497374e-07,-6.553161516211851e-09,4.913605990386021,7.807838128763983e-05,9.428402144607665e-08,-3.3422909978755143e-09,4.937347498326424,6.137381422008136,0.0005528902297542674,3.814020761580219e-07,-6.537283380303717e-09,0.0006455829871840638,3.149492367907865e-07,-5.98246452190673e-09,5.447622309922315,2.5278604569645147e-05,-2.9590577460968317e-09,-5.532037911570912e-13,-0.0144,0.00010930967324746046,4.233590651050698e-07,-9.463331443962254e-10,31407.39,2.019638418865708,0.013240805549855456,6.490127092646954e-07,11.03,0.008205954970368514,-1.0136845222220477e-05,-9.188496796877129e-08,0.0383,-7.917959679134821e-05,2.1927466881816164e-07,3.2538531127707856e-10,0.00953033934531439,-1.0286560305435e-06,-1.0469824339631688e-09,4.6365174128490115e-12,2
1983-03-31,0.1051,-1.9761607686691287e-05,1.8288434918016638e-07,1.1087891077787601e-10,0.01879999999999999,-1.9083827115366486e-05,-1.7143599513745274e-08,2.0140488566910272e-10,-0.0906,1.6412564108478162e-05,-8.366727299820896e-08,-7.84395303967308e-11,11.73,-0.0023109951998736473,1.3051061893952302e-05,1.698564261682171e-08,13.61,-0.004219377911410296,1.1336701942577771e-05,3.712613118373194e-08,10.51,-0.0019761607686691204,1.8288434918016618e-05,1.108789107778751e-08,8.35,-0.002290220664249995,2.3689918297750364e-05,-1.7975186933908316e-08,0.0608,0.0001094654561068685,3.8229720042831463e-07,-1.6526197458868934e-09,2.222459048514761,0.0005333677916046313,-4.5006561678179694e-07,-5.756091959597969e-09,4.583946549536464,9.708642685619245e-05,-1.3741087174756871e-08,3.954806648678239e-10,-3.0900429530252325,-1.8933964015670375,-0.0006083670333337073,6.242978033356161e-07,5.3095121297071495e-09,-0.0005122063585524819,6.053717054327887e-07,5.723150320420208e-09,3.12982600803469,-1.5166551092501979e-05,5.3018623990914605e-08,2.670427736033017e-10,3.716251400909787,-8.753678013470184e-05,1.5786252546156125e-06,2.2309191464157323e-10,-2.5034780353734356,-0.0005840897438491339,2.1357886024781436e-06,5.66739242016278e-09,-1.2568281744766285,0.000341901660146972,-3.2387594341146114e-08,-1.905050840767504e-09,4.585987366571318,9.632385883840134e-05,-7.708828706276878e-09,4.0960250554663973e-10,8.132283662359038,0.00020059654024912055,2.8964615562573593e-07,2.985426091265902e-10,8.142253602594106,0.0001985880837543294,2.8558238764831237e-07,3.000826395192744e-10,1.2454901117129304,0.0002301928251704284,2.3928869221661993e-07,-1.5413650388700852e-10,1.8933964015670375,0.0006083670333337073,-6.242978033356166e-07,-5.30951212970715e-09,3.721464254916974,-3.109061252757311,0.00039260394199208334,-8.609253349704229e-07,-5.3410119652304326e-09,0.00015975736810105792,-3.1206761210033903e-07,-2.2508622718479937e-09,-3.119031192992378,0.00039461239848687937,-8.56861566993028e-07,-5.342551995623154e-09,2.0014800002101243,0.00013509039377796738,3.5481004339750153e-07,-5.823320253788152e-10,0.4392758600652624,0.0004961140553850117,-5.575380921699355e-07,-5.437950020971655e-09,0.4372350430304099,0.0004968766234028056,-5.63570350638421e-07,-5.452071861650505e-09,4.908694846889984,5.8347223472860614e-05,-2.84204417418536e-07,-2.5876519569931136e-09,5.023222409601727,6.220192476716092,0.0004961180684999955,-5.575550734586185e-07,-5.438029211259076e-09,0.0005932004822412045,-5.712791793446983e-07,-5.042469356103842e-09,5.449861487119155,2.493834818662055e-05,-3.1966519310125032e-09,1.3238045221971668e-12,0.0143,0.00015784444175763883,2.5122834603485873e-07,-1.727928856351752e-09,31748.66,3.612320492209318,0.011894029657077339,-1.82061261872647e-05,12.23,0.005818698985678465,-2.2037472865083647e-05,-5.6386873717075306e-08,0.036000000000000004,-4.848719380350689e-05,2.54115344599309e-07,-1.153771023961075e-11,0.009398423034752057,-1.1195860121818797e-06,-6.776864469009124e-10,5.600561034548356e-12,3
1983-06-30,0.1085,4.044720458909879e-06,1.7266677485663377e-07,-3.2667542033299947e-10,0.01629999999999999,-1.749020251710895e-05,1.1563903471964747e-08,1.8204472502649517e-10,-0.09199999999999998,4.184177266049974e-06,-8.110082417160967e-08,1.500296878675217e-10,11.74,-0.0005533327862596998,1.2865171941598742e-05,-1.6851342057798355e-08,13.37,-0.0023023530379705976,1.4021562288795213e-05,1.3531304448511524e-09,10.85,0.0004044720458909898,1.7266677485663354e-05,-3.266754203329994e-08,8.79,-0.00022331079815979677,1.7386964846856767e-05,-5.469774331753652e-08,0.0741,0.0001322522525843279,1.2354872891241855e-07,-2.0840899928752667e-09,2.302585092994046,0.0004063367452284739,-1.0365931576153409e-06,-3.1667898800258443e-09,4.600157644164547,0.00010137396091480372,2.7249810817584346e-08,2.1320185157412563e-10,-3.177254150177381,-1.9964446221088679,-0.0004712291193376291,1.1601317986765969e-06,2.8568734629121456e-09,-0.000371257244767155,1.1853699606901737e-06,3.0948719329451052e-09,3.1179499062782403,-9.600641536856858e-06,8.151897304164379e-08,2.77023550825764e-10,3.713572066704308,0.00010773064046654262,1.477920451970261e-06,-2.4794628141400095e-09,-2.580977118538734,-0.0002533433693307326,2.584681517576869e-06,3.214179353232895e-10,-1.2067951447236493,0.00033047569425955403,-2.3018487112623115e-07,-1.577179565581038e-09,4.599152113662528,0.0001002257695198426,3.225246806617509e-08,2.2427969565622977e-10,8.152892963036475,0.00024060080449695987,2.732508978420827e-07,-2.998607690832437e-10,8.162648548203345,0.00023873968865280592,2.706784663974735e-07,-3.0328739118237936e-10,1.2777520904193918,0.00025830975016421284,1.7694469009650706e-07,-5.5584173133829e-10,1.996444622108868,0.0004712291193376291,-1.1601317986765973e-06,-2.856873462912145e-09,3.7409590267406423,-3.0384984346493678,0.00022102767330381412,-1.3518637234770288e-06,-2.279989143003156e-09,0.00010444078270463938,-5.180178751568304e-07,-9.425632194677136e-10,-3.0482540198162367,0.00022288878914796738,-1.3492912920324444e-06,-2.2765625209040082e-09,2.0241930674493576,0.00016789916233537482,2.554118643783772e-07,-9.703928508127658e-10,0.5142368842225611,0.00036025451688596633,-1.105862636452529e-06,-2.7930517636604946e-09,0.5152424147245798,0.00036140270828093047,-1.1108652937011294e-06,-2.804129607742622e-09,4.9210967466717355,3.3504448521112783e-06,-5.099425807115219e-07,-1.1631876564117026e-09,5.114394528387108,6.2951552942048155,0.0003602513647631103,-1.105893935333393e-06,-2.793069577303103e-09,0.00046162847780077123,-1.0786128256349498e-06,-2.579849912086376e-09,5.4521111966203035,2.4674592520398246e-05,-3.2223462181284284e-09,3.2932263719123727e-12,0.0327,0.00016791844722473056,-3.953852858029169e-09,-1.986339105081904e-09,32397.17,4.725549364536806,0.008751984795451325,-3.114531837215176e-05,13.22,0.0023583757380066807,-2.662961875291685e-05,-6.064136376554754e-10,0.0258,-2.2716498354978243e-05,2.3462338591620125e-07,-3.225280752059982e-10,0.009265739522200596,-1.1810380794211848e-06,-2.784473515745663e-10,6.501393922569618e-12,3
1983-09-30,0.1165,1.9810553659525702e-05,9.174293593675469e-08,-6.442290941626789e-10,0.011800000000000015,-1.3759640325677191e-05,3.370545408589914e-08,1.2265334584591167e-10,-0.0936,-2.576453407624195e-06,-4.7380448060337454e-08,3.0221052053751807e-10,12.37,0.0007549052558913887,7.499003901196958e-06,-4.324027394113652e-08,13.55,-0.0006210587766763365,1.0869549309786865e-05,-3.097493935654534e-08,11.65,0.001981055365952568,9.174293593675447e-06,-6.442290941626786e-08,9.0,0.0015332926949654367,7.0988568089831655e-06,-7.606382896790793e-08,0.0959,0.0001237967341896791,-1.5703361845519735e-07,-1.9363697974857915e-09,2.300583090323373,0.00022279787193425215,-1.0801833096322463e-06,2.25404545142557e-10,4.612145799724517,0.00010352047334461073,3.126340824195398e-08,4.809149496668138e-11,-3.172469452054045,-2.004342946206448,-0.0002709086324906941,1.1913647648696665e-06,-4.704753201351382e-10,-0.00016914556589551835,1.2240246873319875e-06,-3.9706825969421114e-10,3.114847754444153,4.6278696461857225e-06,1.148464116716475e-07,1.8316895335450935e-10,3.756538102587751,0.00026428782587748016,1.0149891675856494e-06,-4.708215430713293e-09,-2.5319982573218507,9.161920177252342e-05,2.1237716256483455e-06,-5.308942235048146e-09,-1.1550268731743378,0.00028738921779852925,-3.742643311749473e-07,-9.107688395825457e-10,4.609162207257629,0.00010437825902605211,3.3389070496626645e-08,4.244586236543657e-11,8.182796239900474,0.0002689379038024062,2.021919452148528e-07,-7.462293513734077e-10,8.193010053547685,0.0002672528860363954,1.9841234513859613e-07,-7.59079787110566e-10,1.3105068697724904,0.0002717516147982341,8.648355264892679e-08,-7.690556945986797e-10,2.004342946206448,0.00027090863249069376,-1.1913647648696665e-06,4.704753201351435e-10,3.7610106506618606,-3.063605539249873,6.598598334478512e-06,-1.2787102984128642e-06,1.3998736248630091e-09,2.9998535956951566e-05,-5.47485056398801e-07,6.586890940802963e-10,-3.073819352897083,8.28361610048442e-06,-1.2749306983366296e-06,1.4127240606002403e-09,2.0438143640366846,0.00018379982590316265,1.1728897853405387e-07,-1.0935816551417495e-09,0.5070449009260846,0.0001720160287922691,-1.1077817614399659e-06,6.055527785229646e-10,0.5100284933929723,0.00017115824311082843,-1.1099074236946476e-06,6.111984111242065e-10,4.934837445157765,-7.330669694029235e-05,-5.481700883788475e-07,5.552583874314925e-10,5.119190700650601,6.2879514926464015,0.00017201007687305951,-1.10782374468933e-06,6.0559900857353e-10,0.0002755365021368798,-1.076518353198015e-06,6.53644273489649e-10,5.454423276523579,2.440526190840911e-05,-2.683562533851238e-09,5.58558973556736e-12,0.0574,0.0001486408552514864,-2.628100272160958e-07,-1.718376796843166e-09,32971.93,5.296181551190751,0.004295961820443429,-3.561905524653114e-05,12.57,-0.0012509760696059967,-2.1923819694624846e-05,5.9227985763536864e-08,0.0286,1.8593895252574565e-06,1.6240769112447692e-07,-5.74534576569742e-10,0.0092,-1.2077053521775214e-06,3.888783543225284e-10,7.43974725336426e-12,1
1983-12-31,0.1183,2.658005346993231e-05,-1.6736968913671295e-08,-7.912408846906158e-10,0.011799999999999998,-8.290428151083896e-06,3.896986533209535e-08,4.336920530457388e-11,-0.09440000000000001,-5.6460280038327095e-06,5.893802793591186e-09,3.731913075356515e-10,12.57,0.0013257950649967765,-3.7197422294420613e-09,-5.682864700638198e-08,13.75,0.0004967522498883825,3.893266790980085e-06,-5.249172647592457e-08,11.83,0.0026580053469932308,-1.6736968913671365e-06,-7.912408846906153e-08,9.0,0.0017611128951827454,-2.402866614616543e-06,-7.526577555335738e-08,0.1152,8.855941872335315e-05,-3.539930726396204e-07,-1.335743225709973e-09,2.2844211223663744,7.47871724618699e-05,-7.432503571779094e-07,3.1125748692045626e-09,4.618086411254637,0.00010818428556318634,1.1588342843431936e-08,-1.0789112217878942e-10,-3.144232281872435,-1.9808190037625282,-0.00011316519618180427,8.590460386473035e-07,-3.278904709590209e-09,-6.34901708501806e-06,8.750093918305278e-07,-3.370265199002898e-09,3.121483478859551,1.9001816026250478e-05,1.3836984301981467e-07,5.7945173411665815e-11,3.803992261214441,0.00034946920634635616,3.17271840257364e-07,-5.825053523198659e-09,-2.461580824484504,0.0003255593387592001,1.0511348728647618e-06,-9.27123939586423e-09,-1.1332037334377287,0.0002332076224922255,-4.4086240023226164e-07,-1.1986275821097336e-10,4.619073091157083,0.00011072271920730195,1.5168006110671213e-08,-1.2938989260353472e-10,8.21315921905435,0.00028137000103259786,8.601964106867961e-08,-9.438636400915926e-10,8.223371241769607,0.00027955354406943576,7.926438843242322e-08,-9.62655042429648e-10,1.332366019094335,0.0002694379754237027,-1.0973935256820537e-08,-7.694090964208417e-10,1.9808190037625284,0.00011316519618180393,-8.590460386473032e-07,3.2789047095902172e-09,3.7699364635277446,-3.1108567364322717,-0.00014920298882453928,-8.066958366961605e-07,4.280713523093425e-09,-3.8781717728801623e-05,-3.7671050309230845e-07,2.1135622825438005e-09,-3.1210687591475272,-0.00014738653186138485,-7.999405840599201e-07,4.299504925431578e-09,2.064327903869788,0.00018586248639009922,-1.3253582735221604e-08,-9.902211359262902e-10,0.48421607136744194,2.398272664486927e-05,-7.322645384709113e-07,3.444741005180647e-09,0.48322939146499677,2.144429300075263e-05,-7.358442017381587e-07,3.4662397756054132e-09,4.932764076342048,-0.00014288733641473484,-3.8238216339776437e-07,2.1035892048086382e-09,5.10230248262208,6.265130095436382,2.3974612095623015e-05,-7.322865632141036e-07,3.4448453472896806e-09,0.00013216701220805578,-7.20676195627483e-07,3.3368498830018695e-09,5.456699326113174,2.407831150756587e-05,-1.8198380473577806e-09,8.159527062716659e-12,0.079,0.00010309959949767505,-4.283051655110016e-07,-1.037084518359182e-09,33586.88,5.416183846101643,3.7969688476101326e-06,-3.272118078483182e-05,11.72,-0.0036768880917134638,-1.052148235385572e-05,1.0248132800186535e-07,0.0379,1.619047488505792e-05,8.177751301117079e-08,-6.983531001343754e-10,0.009126742818779218,-1.1870763670850548e-06,1.2516657012207033e-09,8.075258510113546e-12,1
1984-03-31,0.1232,1.9228202778452253e-05,-1.0695918806530818e-07,-7.02325805958671e-10,0.014199999999999999,-3.051141066108998e-06,3.2598758385718484e-08,-3.4132650950102935e-11,-0.0943,-3.974169688709971e-06,5.1079086198900526e-08,3.4519542938866133e-10,12.57,0.0008910458750088113,-6.703459577580744e-06,-5.251225348492407e-08,13.99,0.0005859317683979071,-3.443583739008895e-06,-5.592551857993435e-08,12.32,0.001922820277845226,-1.069591880653081e-05,-7.023258059586705e-08,9.52,0.0005178083854847929,-1.0062720880103166e-05,-5.290458678158144e-08,0.1251,3.238845200890821e-05,-4.3406077373740895e-07,-4.75111407089855e-10,2.2332350148592526,3.520955689432538e-05,-1.7367114395775943e-07,4.394935412812323e-09,4.630837932736669,0.00011086055022916444,-8.040517002695218e-09,-2.0872965438274022e-10,-3.0878475624617967,-1.9373068571237515,-6.712005261691779e-05,2.730669879862828e-07,-4.487408269390728e-09,4.323418539869048e-05,2.7121570682745564e-07,-4.6943537691499425e-09,3.121483478859551,3.2239122373164256e-05,1.335895193977236e-07,-6.41566570752399e-11,3.8753590210565547,0.00033724815174168146,-4.093093534962207e-07,-5.472048263654322e-09,-2.3330443004787544,0.0003489190211685495,-2.7592573698610776e-07,-1.0108069774458856e-08,-1.1198214218700662,0.00018328358174742962,-3.9687755146658244e-07,5.880548530975985e-10,4.633757642840004,0.00011208357945770367,-4.008022595731515e-09,-2.2631038098424932e-10,8.241362216473016,0.0002820954317465138,-3.5976734649063434e-08,-9.250411823589095e-10,8.251764596680818,0.0002792781027987273,-4.601439302850934e-08,-9.39662967104052e-10,1.3526452445392458,0.0002601535083184869,-9.013759617989519e-08,-6.338199179455808e-10,1.9373068571237515,6.712005261691779e-05,-2.730669879862814e-07,4.487408269390734e-09,3.768611586686251,-3.1825718804897134,-0.00018273625675642864,-1.0350073393949806e-07,5.34829279467437e-09,-8.330971661659678e-05,-4.199237607478596e-08,3.024153164593679e-09,-3.1929742606975147,-0.0001799189278086484,-9.346307556005148e-08,5.3629145794196e-09,2.0831845279586703,0.00017385038832158742,-1.010234203551922e-07,-7.116584551477363e-10,0.42795240324663375,-1.1501375239080478e-05,-1.3143695158585486e-07,4.631981266698208e-09,0.42503269314329883,-1.2724404467622224e-05,-1.3546944599282392e-07,4.649561993299747e-09,4.920305594097652,-0.00018651111731074406,-4.537180060581318e-08,3.0837829150077603e-09,5.058790335983303,6.208871676570255,-1.1517268847822948e-05,-1.314331424385165e-07,4.632150268842324e-09,9.935917499008309e-05,-1.3947746858855312e-07,4.4232516123154844e-09,5.458759144323906,2.3862000573330462e-05,-9.894841711922274e-10,9.742424826362709e-12,0.0858,4.038660484205745e-05,-4.7648460695635596e-07,-1.4987587688347987e-10,34169.43,5.068488829013705,-0.0029542992758596863,-2.4009469193523074e-05,10.31,-0.0038939219725392217,4.09004599259899e-06,1.135345227073071e-07,0.048,1.4399045478161654e-05,5.738647727134435e-09,-6.337157938231031e-10,0.008938119322906094,-1.0413457011141952e-06,2.127948686660704e-09,7.500975973203307e-12,1
1984-06-30,0.1356,-3.082637588909857e-06,-1.7013509475246329e-07,-4.1598575166749904e-10,0.015,-4.064683475232377e-07,2.279281190188054e-08,-7.601482503887966e-11,-0.1028,6.213875116726163e-06,8.01086087960728e-08,2.1011006724536817e-10,13.55,-0.000573097035221054,-1.1767972006037698e-05,-3.3502243778645247e-08,15.05,-0.0006137438699733821,-9.488690815849638e-06,-4.110372628253319e-08,13.56,-0.00030826375889098643,-1.7013509475246324e-05,-4.1598575166749865e-08,9.87,-0.001330980699826033,-1.407684670604167e-05,-2.1408879751525755e-08,0.1204,-2.1689086877326305e-05,-4.126118340277507e-07,3.352405194146932e-10,2.1983350716202463,8.482724340098877e-05,4.670859077592332e-07,4.173456538290854e-09,4.641502115235482,0.00010746901310814128,-2.959328240860061e-08,-2.256755949122177e-10,-3.0428238810878416,-1.9025779178758284,-0.00010622048558477752,-3.9130263696880314e-07,-4.233851263697927e-09,1.6624412450233495e-06,-4.154209461887772e-07,-4.472932153421062e-09,3.1285133847878095,4.5675117567137854e-05,1.0796817927122727e-07,-1.727322579027164e-10,3.9243467551169777,0.00023293587266400294,-9.901609213526942e-07,-3.784077597241258e-09,-2.246204759557938,0.0001884985272871807,-1.518747055715436e-06,-8.075437990730163e-09,-1.1190494761764196,0.00014352681988643695,-2.6695359254440216e-07,1.0882085031429776e-09,4.641502115235482,0.00010748067173694254,-3.178357990741428e-08,-2.3504554366517227e-10,8.270794830876829,0.00027050565737946064,-1.248228074649849e-07,-7.331323101080681e-10,8.280228060626012,0.0002661826557553523,-1.3707618904845592e-07,-7.347600179670107e-10,1.377845394270095,0.00024723099466720453,-1.341720348137883e-07,-4.356052770992392e-10,1.9025779178758286,0.00010622048558477752,3.9130263696880626e-07,4.233851263697927e-09,3.7242680046307135,-3.2397035282131914,-0.00011861005422754145,6.240936237050056e-07,4.794251315903251e-09,-7.584491893871393e-05,3.624579455275796e-07,3.093430387606042e-09,-3.2491367579623747,-0.00011428705260343938,6.363470052884925e-07,4.795879023762256e-09,2.1004689088719113,0.00015460473755107355,-1.4575999009999668e-07,-3.6223039202780916e-10,0.38958918742815635,4.442659004377609e-05,5.288640986486349e-07,4.286794600707402e-09,0.38958918742815635,4.4414931414973535e-05,5.31054396147447e-07,4.296164549460379e-09,4.8668614833728086,-0.00017930304928916383,3.6866360543150804e-07,3.2199247568233753e-09,5.031091302663638,6.170489007782642,4.44116772061548e-05,5.288781662885529e-07,4.286952927068469e-09,0.00015189560315191641,4.99270816240032e-07,4.061119005795205e-09,5.460812770343869,2.3903572181818017e-05,-4.5840672136669605e-11,9.303004481593708e-12,0.08,-1.4616171608545103e-05,-4.2104755408145995e-07,6.257554747630826e-10,34684.83,4.466915673521868,-0.004523206137919391,-1.2784099490449485e-05,9.45,-0.002155084578049654,1.818893305149888e-05,9.424386327625458e-08,0.042199999999999994,6.280125267937088e-06,-5.949139152729883e-08,-4.5638278361824093e-10,0.00875565305416784,-7.524627060599793e-07,2.948155557049723e-09,5.325096799383874e-12,1
1984-09-30,0.1252,-2.7620531065115504e-05,-1.9906088440541494e-07,-7.082219751160515e-11,0.016899999999999995,-5.087173264445435e-07,1.1586531510233344e-08,-7.700695530633241e-11,-0.0991,1.9700903835067426e-05,9.694319197360566e-08,2.8800493426319456e-11,12.66,-0.0022704607185530844,-1.4355996766482128e-05,-9.165195425048443e-09,14.35,-0.0023213324511975443,-1.3197343615458792e-05,-1.6865890955681663e-08,12.52,-0.0027620531065115474,-1.9906088440541493e-05,-7.082219751160525e-09,10.37,-0.0033424272497731165,-1.377211126650629e-05,8.597739490128068e-09,0.10710000000000001,-6.005943940425573e-05,-3.065710454060526e-07,8.597720416785586e-10,2.2710944259026746,0.0001715708320420291,8.901372299713907e-07,2.9958307023791425e-09,4.653960350157523,0.00010160669991733582,-5.593163867445997e-08,-1.9213834081708828e-10,-3.114515809543958,-1.9867070586002131,-0.00018397720803848376,-8.193049186230847e-07,-3.0174517383248328e-09,-8.112365763761342e-05,-8.727641709029244e-07,-3.2332678121976695e-09,3.125882958019036,5.6246513413120425e-05,8.040449823935484e-08,-2.3436250365347414e-10,3.933980172780188,7.961162656791032e-05,-1.282662594813308e-06,-1.3557121590526573e-09,-2.3055896020143445,-5.876760746235561e-05,-2.2393754648856835e-06,-4.337370414890539e-09,-1.1186666767083013,0.00012528103716052518,-1.0769016443104145e-07,1.261206060626987e-09,4.651099117876491,0.00010308157405580151,-6.23404310486954e-08,-2.0579466767591754e-10,8.296447014103155,0.00024957635699818237,-1.7586729199515973e-07,-4.4147344520065475e-10,8.305765737803592,0.00024387416459316634,-1.8743070125994634e-07,-4.2714493456559054e-10,1.4031954028436406,0.0002312957309097103,-1.5416932171386477e-07,-2.26766336895818e-10,1.9867070586002131,0.0001839772080384841,8.193049186230876e-07,3.017451738324826e-09,3.6795008830493865,-3.1838569974839053,-9.352635546574367e-06,1.0755767088575918e-06,3.2245626798719944e-09,-4.993256833758092e-06,7.378291969827812e-07,2.2773267154874687e-09,-3.193175721184343,-3.650443141562515e-06,1.0871401181223982e-06,3.2102341692369533e-09,2.1102132003465894,0.00013650867602208703,-1.512338961424965e-07,-6.930373222056494e-11,0.4586296664617258,0.00013861702153427177,9.556410555368981e-07,2.975227575488411e-09,0.461490898742758,0.0001371421473958058,9.62049847911138e-07,2.9888839023472583e-09,4.8134191011335545,-0.00010929772692081299,7.583902310721094e-07,2.462186729489406e-09,5.112590016619249,6.2395348299460505,0.00013861286957956854,9.556741006496286e-07,2.975296594221386e-09,0.00024022372145160662,8.997094168624393e-07,2.7830892346713456e-09,5.463068802148527,2.4041775683276283e-05,1.0991630994230813e-09,7.55800550341169e-12,0.069,-5.114437407302383e-05,-2.833477524377196e-07,1.0756306929167759e-09,34942.2,3.88275315519615,-0.00480723166297019,-3.1653213686302175e-06,10.03,0.0006500331745007109,2.6848361873252952e-05,5.566178046039483e-08,0.042699999999999995,-2.2354377079717097e-06,-9.105529712140635e-08,-2.4627009850438807e-10,0.0087,-4.0570528082354375e-07,3.482981642360491e-09,1.969309735150543e-12,0
1984-12-31,0.115,-4.620794317783056e-05,-1.7920115712600357e-07,2.503592992507659e-10,0.012699999999999996,-9.377691489389838e-07,2.693228197903975e-09,-6.214366160721485e-11,-0.0882,2.8630327701768572e-05,9.049734264656718e-08,-1.3916922701305252e-10,12.13,-0.003649080839225953,-1.3322694337795574e-05,1.5158307479703346e-08,13.4,-0.0037428577541198547,-1.3053371518005178e-05,8.943941318981866e-09,11.5,-0.004620794317783054,-1.7920115712600354e-05,2.5035929925076572e-08,8.06,-0.004530000190018901,-1.0143479436055188e-05,3.014908114156662e-08,0.0932,-8.059759808567887e-05,-1.629009964297912e-07,1.0603349385809523e-09,2.2617630984737906,0.0002971754121501781,1.007292465925918e-06,1.1949365346895943e-09,4.6568134191399295,9.590358133191382e-05,-7.670526396701289e-08,-1.2293758926174865e-10,-3.083471187861998,-1.9600522317611417,-0.0003066928262393617,-9.273811056908155e-07,-1.1612425304556395e-09,-0.00020954382272048502,-1.0055628518110256e-06,-1.3073942360659464e-09,3.142858338444285,6.108580202249872e-05,5.775080743854244e-08,-2.3467826139045366e-10,3.935934825474459,-8.13251667462149e-05,-1.22816548335005e-06,1.0862951614333493e-09,-2.290656522128772,-0.00035311153567559977,-2.2907165359584194e-06,3.152690348304112e-11,-1.1056369036050742,0.0001295272004716505,3.997485901910947e-08,1.0825011637413306e-09,4.658710952916121,9.79348686776363e-05,-7.919883844020186e-08,-1.3518142407432134e-10,8.314893391906619,0.00022711611979721463,-1.9484280023753542e-07,-1.6383596383590804e-10,8.323998172214262,0.00022009821444946286,-2.0294474193732593e-07,-1.3537835090461528e-10,1.423108334242607,0.0002163500734301684,-1.627703272703703e-07,-5.572266998398669e-11,1.9600522317611417,0.0003066928262393624,9.27381105690816e-07,1.1612425304556242e-09,3.6798022359628195,-3.2119828217011914,0.0001406625084646465,1.1799747133668896e-06,1.0904002329010997e-09,0.00010183024130023394,9.615441674290205e-07,8.163164857265804e-10,-3.221087602008835,0.00014768041381239757,1.1880766550666929e-06,1.0619426199697846e-09,2.1186622548331173,0.00012302081914207543,-1.278900346940387e-07,1.1508667829625911e-10,0.44609715106549674,0.0002718750469299496,1.0618371770963682e-06,1.0495018583269037e-09,0.4441996172893054,0.000269843759584226,1.0643307515695614e-06,1.0617456931394941e-09,4.803902530896627,-1.3967360128423756e-06,1.0029573049006964e-06,1.0233065077626388e-09,5.1029105702054265,6.227010865139234,0.00027187383321340686,1.0618855519582612e-06,1.0495016752731903e-09,0.00036777862826186254,9.851319131293607e-07,9.265642690651785e-10,5.465341636332316,2.4131527681621468e-05,1.920146190774416e-09,5.2947186851166535e-12,0.0558,-6.78731447084231e-05,-1.2165342429114165e-07,1.1703822289593971e-09,35150.9,3.4445933294433586,-0.004134035745198957,3.0697395085081797e-06,9.89,0.004180427489143064,2.8369978012138735e-05,8.225352738859811e-09,0.0395,-1.3037776495342562e-05,-9.165998317365085e-08,-1.178225776580629e-11,0.008693311858759057,-3.527076788713675e-08,3.4893266869698066e-09,-2.1784824112153792e-12,0
1985-03-31,0.1186,-6.285437586132665e-05,-1.265741972215739e-07,5.185394744297782e-10,0.01129999999999999,-3.546375027282093e-07,4.385943534123192e-10,-4.49936807982597e-11,-0.0942,3.6415527652684833e-05,6.058904724447848e-08,-2.850865024543737e-10,12.56,-0.005019970272909398,-9.840812417668474e-06,3.673423105813247e-08,13.69,-0.00505543402318222,-9.796952982327238e-06,3.2234862978306503e-08,11.86,-0.006285437586132666,-1.2657419722157394e-05,5.185394744297782e-08,8.52,-0.00504676110788459,-4.727220476468326e-06,4.0665621746603715e-08,0.0824,-8.412686947952613e-05,-4.108566745914449e-08,9.94242300859358e-10,2.3389170222414357,0.00042656909521287915,9.818578133510753e-07,-6.252786297307203e-10,4.667205576907544,8.876464496988118e-05,-8.706506199869246e-08,-9.570983625592803e-12,-3.1535563587475584,-2.0398778635913573,-0.0004342155356011606,-8.895708425642996e-07,6.653993368769937e-10,-0.00034480707074254906,-9.816753463066443e-07,6.442441301735256e-10,3.1497400860333387,6.132259504243731e-05,3.778484376804741e-08,-2.057523720446298e-10,3.9104217240611723,-0.00021048082755491872,-9.007336964280105e-07,2.93921697792958e-09,-2.3925098005220327,-0.0006176449802145788,-1.9160013162589906e-06,3.799675875017288e-09,-1.090157200642146,0.00014700494327556224,1.4004835488835688e-07,6.614398606164874e-10,4.6709579265260945,8.829109059060453e-05,-8.737302881267263e-08,-4.706819367560851e-12,8.330514395628871,0.00020896752002184937,-1.870128623329144e-07,3.737688025427543e-11,8.338491076532591,0.00020127948233404497,-1.9090726886185425e-07,7.369949910288875e-11,1.4410269405981737,0.00020222073768357742,-1.5992034154105117e-07,7.832460575626395e-11,2.0398778635913573,0.000434215535601162,8.895708425642985e-07,-6.653993368770146e-10,3.6973444363397783,-3.140896446004175,0.0002865706106217475,1.114368548665256e-06,-9.085285891758848e-10,0.00022106342534729053,9.458549113500326e-07,-9.482299910447532e-10,-3.148873126907895,0.0002942586483095547,1.1182629551942017e-06,-9.448512080245414e-10,2.128231705849268,0.00011348515740095231,-9.91311405065217e-08,1.9986938094867435e-10,0.5224123727171517,0.0004067734856737183,1.0144207483310347e-06,-8.615807252960401e-10,0.5186600230986013,0.0004072470400529941,1.0147287151450147e-06,-8.664448895540659e-10,4.811872949768967,0.00012242043346730598,1.0135348178378915e-06,-7.80089443920219e-10,5.1896179496246955,6.303314704365582,0.0004067737905876875,1.0144539228537496e-06,-8.616287382096994e-10,0.0004955381306435983,9.273556863323485e-07,-8.711517089216184e-10,5.467492153155302,2.430870541732452e-05,2.100396009406307e-09,2.1341327410526215e-12,0.0455,-6.523328350049348e-05,3.472497231943573e-09,9.72122019372181e-10,35413.0,3.135518609259776,-0.0032502490716536507,6.128848006250163e-06,10.95,0.007513046758683216,2.5327596833292e-05,-3.525114678884434e-08,0.037000000000000005,-2.3121453806389796e-05,-8.111425736758084e-08,2.1000603194125078e-10,0.008782966555805653,3.3454511068743647e-07,3.026828653198911e-09,-6.449739753232885e-12,0
1985-06-30,0.1016,-7.3041438557085e-05,-6.30598151263522e-08,6.761925293260843e-10,0.014600000000000009,-4.978927981574199e-07,6.01750563380022e-10,-2.683074427465565e-11,-0.083,4.251487999116765e-05,2.364031201104403e-08,-3.82409286195729e-10,10.94,-0.005861468388320555,-5.326145543133364e-06,5.0162552598130986e-08,12.4,-0.005911257668136302,-5.265970486795355e-06,4.747947817066545e-08,10.16,-0.007304143855708499,-6.30598151263523e-06,6.761925293260843e-08,6.95,-0.005271288898934116,4.970108081400127e-08,4.142042001399104e-08,0.0712,-7.51336168384474e-05,3.8569540801609746e-08,7.665422142010849e-10,2.3804716316511167,0.0004949737447533569,8.394319180711543e-07,-1.8954876181512776e-09,4.678420647727684,7.92812836335255e-05,-8.50934706692685e-08,1.3072323596933034e-10,-3.1941832122778293,-2.092335321459798,-0.0004928968424962217,-7.363337327096369e-07,1.8537024339050295e-09,-0.00041384781763309714,-8.274433470142661e-07,1.9903045130888906e-09,3.1488824530476656,6.346036614941e-05,2.0237868216481792e-08,-1.8667308731815803e-10,3.850360345036039,-0.000274189867604252,-4.381784323115123e-07,3.891894974617027e-09,-2.4937455984552046,-0.0007515862103844008,-1.281317529434091e-06,6.06350505450896e-09,-1.0729203504598652,0.0001707998931560293,1.7463374693073087e-07,1.350150023482492e-10,4.677490847567717,7.784092702693076e-05,-8.96620390501825e-08,1.416856034522873e-10,8.349996987563708,0.0001938442828088291,-1.6639472328316235e-07,1.707355279000149e-10,8.356051900773432,0.00018633076460757708,-1.6625202367448143e-07,2.0696866383456818e-10,1.4571297975369741,0.00018669148035703153,-1.481772506458999e-07,2.0624082343057764e-10,2.092335321459798,0.0004928968424962224,7.363337327096338e-07,-1.8537024339050417e-09,3.758799379743515,-3.1087792130562444,0.00036251292583680333,9.229663242092756e-07,-2.211111049123202e-09,0.0003295946200995818,7.224600141303868e-07,-2.593568787030487e-09,-3.1148341262659676,0.00037002644403805673,9.228236246005952e-07,-2.2473441850577725e-09,2.136530508663963,0.00010812049949131437,-7.835969356429149e-08,2.1006962511794971e-10,0.5627971267797799,0.0004770759250121063,8.416650715953786e-07,-2.171098757192511e-09,0.5637269269397465,0.00047851628161870206,8.462336399762955e-07,-2.1820611246754732e-09,4.864002200027729,0.0002395236513657771,8.140788508880335e-07,-2.535094434523156e-09,5.241217774507464,6.343704671756601,0.00047708203852841883,8.416779268076756e-07,-2.171199529308519e-09,0.000556357208645633,7.565716009261172e-07,-2.0403755212231865e-09,5.469664536750456,2.4633193104049016e-05,2.0132650400841018e-09,-1.7863276068381116e-12,0.0368,-5.038414085569865e-05,7.479330926739378e-08,6.167503973624988e-10,35645.96,2.9587686241241498,-0.002588621234323681,6.808841859934511e-06,12.1,0.009410695004157551,1.9185288036863936e-05,-6.52645882203487e-08,0.037599999999999995,-2.9330229089078113e-05,-5.6268585025548104e-08,3.711298488872053e-10,0.008882200468787637,6.136080690578009e-07,2.168357220992726e-09,-9.730035124862455e-12,0
1985-09-30,0.10369999999999999,-7.441134279809181e-05,1.3196815812377975e-08,7.029783043208024e-10,0.014100000000000001,-5.63874730389661e-07,-2.260332777988019e-09,-1.808516825132336e-11,-0.08220000000000001,4.237408673046085e-05,-1.8533043273906664e-08,-3.9651862668780266e-10,11.07,-0.005975819842508665,6.01116768024637e-07,5.371786180024236e-08,12.48,-0.006032207315547637,3.750834902258416e-07,5.190934497511008e-08,10.37,-0.00744113427980918,1.3196815812377967e-06,7.029783043208026e-08,7.1,-0.004828364367837594,3.2362773505148237e-06,3.438173839834082e-08,0.0741,-6.349536550694601e-05,8.309720510409201e-08,5.271681739526138e-10,2.3485140248824456,0.0005436386390724295,5.494391384074007e-07,-2.7864876300156155e-09,4.684905154006945,6.903036503743548e-05,-6.495706409812516e-08,2.666849628632693e-10,-3.1559010257068123,-2.0601822450137024,-0.0005258355584151126,-4.4689600264916665e-07,2.6079891354654837e-09,-0.00045798343185250446,-5.153238931233436e-07,2.8973282020737974e-09,3.1552968432253294,6.743402606790363e-05,6.975891568690432e-09,-1.7101174697923866e-10,3.8192496052757914,-0.00027712136201912677,1.8972551264032097e-08,3.984120129985638e-09,-2.4925356769524916,-0.0008015066853075077,-5.009547721283856e-07,7.03157267921617e-09,-1.0559272631641416,0.0001919128916119242,1.5075814819444347e-07,-3.6078583918056105e-10,4.683056724645162,6.963138977100769e-05,-6.972966245667503e-08,2.6561320421264905e-10,8.365180524409853,0.0001807042551635163,-1.4496917699365762e-07,2.5827814652924035e-10,8.371602404283687,0.00017366639582176436,-1.414716921148996e-07,2.901960448328189e-10,1.4731036496286096,0.0001720331418784346,-1.271913356922784e-07,3.2428671379152373e-10,2.060182245013703,0.0005258355584151122,4.4689600264916003e-07,-2.607989135465482e-09,3.8228554387942735,-3.14970143617082,0.0004125653293195024,5.988410712115137e-07,-3.037279028973966e-09,0.0003879372870647463,3.506741026092646e-07,-3.6405580371557966e-09,-3.156123316044655,0.00041960318866125226,5.953435863327516e-07,-3.069196927277518e-09,2.151762203259462,0.00010342319049273865,-6.371748262368583e-08,1.939251154453813e-10,0.5305739342320872,0.0005242392194455822,5.18828958315976e-07,-3.045685845307977e-09,0.5324223635938696,0.0005236381947120088,5.236015566745323e-07,-3.044614086657356e-09,4.918830854096338,0.0003090524055917677,4.503702786572787e-07,-3.745194763694685e-09,5.215479088239032,6.311480693383664,0.000524246666098245,5.18835255907416e-07,-3.045789505695224e-09,0.0005932695844830194,4.5387189421785906e-07,-2.7790008824447292e-09,5.471934482711845,2.4883358908751872e-05,1.8120030369230724e-09,-5.068215913827086e-12,0.0426,-3.5648542144217155e-05,9.692445183664954e-08,2.8507937099090514e-10,36107.89,2.797195014896738,-0.002098993716621959,6.666658630345742e-06,12.09,0.010425669652910727,1.076742984893371e-05,-8.420404785213925e-08,0.031400000000000004,-3.361792067525634e-05,-8.355222348430051e-09,4.73543822930855e-10,0.0089,7.760515386492307e-07,9.334205957522061e-10,-1.1352387448357095e-11,0
1985-12-31,0.0926,-7.170771341844534e-05,9.067905619072324e-08,6.313477112390669e-10,0.014199999999999999,1.4499453808658686e-08,-4.733188363315588e-09,-1.785583144612233e-11,-0.07769999999999999,3.8768862831201654e-05,-6.435208766343775e-08,-3.401200338931481e-10,10.16,-0.005834546588110968,6.8016761377682044e-06,4.988147509409341e-08,11.58,-0.005833096642730106,6.328357301436657e-06,4.809589194948121e-08,9.26,-0.007170771341844538,9.067905619072324e-06,6.313477112390671e-08,7.1,-0.004168104834722577,5.947575398241861e-06,2.4891416111047807e-08,0.0712,-5.619474320227718e-05,1.050287825153048e-07,3.7073231585252496e-10,2.458733775483977,0.0006082804945567056,2.369117527855496e-07,-3.5553417324148606e-09,4.694096395182493,6.047244734320931e-05,-2.889930218912307e-08,3.653027801341612e-10,-3.2675409968494815,-2.1805766612721627,-0.0005751893423256826,-1.5682740620046673e-07,3.256432653878928e-09,-0.0005164632692572009,-1.847555870927768e-07,3.6529154047752566e-09,3.1535903581695712,6.926317928100042e-05,-6.6078125892155395e-09,-1.2222945272836357e-10,3.76861442213279,-0.0002314738765075562,3.851628511073143e-07,3.5489588294116724e-09,-2.652142569163914,-0.0008158327662472136,2.053442757058433e-07,7.299176628576739e-09,-1.0412872220488403,0.00020430814357843343,7.771994777053009e-08,-7.186297039875047e-10,4.695924549256556,6.126669496165499e-05,-2.824950665163063e-08,3.614564317005276e-10,8.386349156038992,0.0001684517304790023,-1.2235769573218382e-07,3.2479076903789516e-10,8.391463741474027,0.00016190695375171844,-1.1654530134165205e-07,3.528668465236091e-10,1.4906543764441336,0.00016032937130291484,-8.950337221939453e-08,4.1583741312088925e-10,2.1805766612721627,0.000575189342325682,1.5682740620046003e-07,-3.2564326538789164e-09,3.8435126429976005,-3.052182136597258,0.00047600079112768075,2.72577289343432e-07,-3.7034528756451783e-09,0.0003932130669805502,-1.1647347345583108e-07,-3.8760685786177135e-09,-3.0572967220322935,0.00048254556785496116,2.66764894952901e-07,-3.731528953130845e-09,2.1598687907924505,9.701804158138879e-05,-5.127893003981628e-08,1.952229241247843e-10,0.6400706242592411,0.0005839800742634735,1.791188958003748e-07,-3.743964886741425e-09,0.6382424701851784,0.0005831858266450267,1.7846910026288443e-07,-3.740118538307796e-09,4.930333543865084,0.0003262048416402978,-3.657585597831155e-08,-4.15913487399807e-09,5.334167019441734,6.4209879203092175,0.0005839839025151463,1.7911704920891548e-07,-3.744023908964015e-09,0.0006444525216066845,1.5021959361125493e-07,-3.3786621066072936e-09,5.4742424836019,2.4978729331211202e-05,1.2034992866586901e-09,-6.904477244444677e-12,0.0418,-2.750795491553615e-05,8.569377508462974e-08,8.143203418099396e-11,36292.22,2.5793747318470595,-0.0016515299594166098,7.056726505916905e-06,14.19,0.011169045317136028,2.1307276198147205e-06,-9.81258553101576e-08,0.038,-3.635018352522042e-05,5.0077998080416977e-08,5.010881043357683e-10,0.008931125945548516,8.266259301739862e-07,-3.9554460501015044e-10,-1.0994324612847874e-11,0
1986-03-31,0.07780000000000001,-5.948269977682442e-05,1.4810191064828416e-07,4.5532748737778106e-10,0.015,-9.078581838020102e-07,-5.646629546723308e-09,-1.0646126432961774e-11,-0.0705,3.1017413164213825e-05,-9.708953108777765e-08,-2.1887622161115056e-10,9.0,-0.004927116147323436,1.1317509118340146e-05,3.727414250517917e-08,10.5,-0.005017901965703638,1.0752846163667835e-05,3.6209529861883e-08,7.78,-0.005948269977682446,1.4810191064828413e-05,4.553274873777815e-08,6.56,-0.0036429303655709164,7.830847815504424e-06,1.7939065418943866e-08,0.06570000000000001,-4.9272446919325155e-05,1.229649084538337e-07,2.8485474728107353e-10,2.579458966729223,0.0006251025452275554,-7.204466864983232e-08,-4.012118378328964e-09,4.689511334421843,5.9226439950117724e-05,1.5899124722208844e-08,3.8413764816298376e-10,-3.366795954944823,-2.2745696784386453,-0.0005855262805289571,1.0470235341899144e-07,3.674210356340267e-09,-0.000527567398585091,1.2614118598105214e-07,4.0842033166621644e-09,3.173459961337718,6.680387083078596e-05,-2.521528861398287e-08,-2.5802334246542245e-11,3.7669972333778885,-0.00016747117581620633,6.525115488804295e-07,3.006589259324408e-09,-2.772588722239781,-0.0007611930879727922,7.977412240738211e-07,7.100951336823337e-09,-1.0252931497255942,0.00020968805709746155,-2.4023031948357367e-08,-8.967971640671573e-10,4.692264892839025,5.79971612379368e-05,1.6494987447920643e-08,3.8989698599936785e-10,8.39933130265103,0.00015654703899247585,-9.303184515846084e-08,3.907620910206005e-10,8.40507612380398,0.00015051662387340488,-8.549741748093516e-08,4.1619480350389806e-10,1.5065718170498208,0.0001521024854341968,-3.9369795000272015e-08,4.675409374545544e-10,2.2745696784386453,0.0005855262805289557,-1.0470235341899271e-07,-3.6742103563402447e-09,3.861227223095671,-2.9513016628746658,0.0004957831123672665,-3.6885796874521024e-08,-4.0907747816074e-09,0.0003612175416341873,-5.544327405273372e-07,-3.317499336554481e-09,-2.957046484027616,0.0005018135274863361,-4.442022455203077e-08,-4.116207494090653e-09,2.169053700369523,9.107736493117088e-05,-3.681065751948214e-08,2.1396866264567992e-10,0.7585183053545212,0.000593103711409624,-1.4581676675518052e-07,-4.084150338749764e-09,0.7557647469373384,0.0005943329901218071,-1.464126294808909e-07,-4.08990967658617e-09,4.940916006562336,0.00030437794584235245,-5.191470414691048e-07,-3.741300650913252e-09,5.4480296397763635,6.539426983444691,0.0005931061694946519,-1.4582458995443761e-07,-4.0841768035866e-09,0.0006523301513597444,-1.29917642032975e-07,-3.700012690586814e-09,5.4765740368214635,2.5030470906568096e-05,1.9811508948196455e-10,-7.332616582248577e-12,0.0415,-2.334034051520613e-05,6.978549379392965e-08,4.149962811417236e-12,36546.59,2.3875927993580772,-0.001097835870125747,7.881127429454814e-06,16.0,0.011120065240429652,-6.47102476848806e-06,-1.0766263126952173e-07,0.0226,-3.030990876078316e-05,1.0646574440214358e-07,4.034133449877157e-10,0.009080269906949535,7.079750387394275e-07,-1.5202563117603756e-09,-8.290459882349979e-12,0
1986-06-30,0.078,-3.7597081047727434e-05,1.875376201712552e-07,1.847604913483573e-10,0.012099999999999991,-2.4065097737579483e-06,-7.775933687204631e-09,1.546104729334162e-12,-0.07039999999999999,1.713736326242481e-05,-1.1361490538869394e-07,-3.3151670693635525e-11,9.13,-0.0031963309904513267,1.4549558051418805e-05,1.601320836566131e-08,10.34,-0.0034369819678271214,1.3771964682698365e-05,1.6167818838594717e-08,7.8,-0.0037597081047727465,1.8753762017125528e-05,1.847604913483573e-08,6.21,-0.002963335419454234,8.601556307378826e-06,1.233865764282373e-08,0.0583,-3.943517983857982e-05,1.5212917178099898e-07,2.1050370067389907e-10,2.6311691567662523,0.0005991056962207239,-4.823981315933899e-07,-3.974136520116735e-09,4.695924549256556,6.597796646996556e-05,6.342840601327244e-08,3.13733678982257e-10,-3.4112477175156566,-2.325678902818151,-0.0005619023240098734,4.6009391130849145e-07,3.699297788540627e-09,-0.0004959721173446944,5.32194790411246e-07,4.0218949425737064e-09,3.176803048446293,6.218647579120384e-05,-3.466839527085272e-08,1.1038019181439231e-10,3.773450355564206,-0.00010565760011925634,8.537560133209109e-07,2.531082280290505e-09,-2.8134107167600364,-0.0006644375471913089,1.4126086703397448e-06,6.444569767963446e-09,-0.9970864589213584,0.0002044827522851435,-1.2556873925537195e-07,-8.813107670144002e-10,4.695010889987881,6.460334374499971e-05,5.916548437903371e-08,3.1796651157600225e-10,8.413585361129886,0.00014757430826056183,-5.3524364368379486e-08,4.481906135107044e-10,8.418488918187887,0.00014210476171202247,-4.3969170958260294e-08,4.696547700477722e-10,1.5150965727151167,0.00015049094478148498,1.1863638821021905e-08,4.475455343866613e-10,2.325678902818151,0.0005619023240098706,-4.600939113084894e-07,-3.699297788540597e-09,3.9096472931864783,-2.911103409865443,0.00047651449154051466,-4.4123794221096885e-07,-4.037108210236931e-09,0.0002813650126529295,-8.607998681263415e-07,-2.0145391749560532e-09,-2.9160069669234434,0.0004819840380890533,-4.50793135621062e-07,-4.058572366773982e-09,2.1736147116970854,8.747956185561449e-05,-1.3850798829068424e-08,2.250822972637649e-10,0.8065574020078883,0.0005581108333311119,-5.581907125926122e-07,-3.902651275708486e-09,0.8074710612765627,0.0005594854560560792,-5.539277909583712e-07,-3.90688410830225e-09,4.991090821038195,0.00022729258581547854,-8.816492983578627e-07,-2.479768584177146e-09,5.502481951264444,6.587467366781442,0.0005581131429469741,-5.581956132011631e-07,-3.902657267007466e-09,0.0006240887998010799,-4.947623065793458e-07,-3.5889175967262517e-09,5.478907280687781,2.5063817080275137e-05,-7.842683402372243e-10,-6.260499097150016e-12,0.037000000000000005,-2.109236047592175e-05,7.022693792284614e-08,6.820272945986429e-13,36626.66,2.282982407575929,-0.0002233428737443026,8.295774941378128e-06,16.68,0.010365768908742018,-1.6638178327325812e-05,-1.0842513329606388e-07,0.0177,-1.3633006918663931e-05,1.527775890509971e-07,1.872068981476912e-10,0.00924020848821061,4.4377066316346606e-07,-2.3241153720152133e-09,-3.7724916926583245e-12,0
1986-09-30,0.0745,-1.579377821449427e-05,1.9956752283820373e-07,-9.366539199287371e-11,0.013099999999999987,-2.7044110770880175e-06,-7.552689779670857e-09,8.136002685042831e-12,-0.06749999999999999,3.1511559127775997e-06,-1.1281578724749987e-07,1.5459601644865422e-10,8.89,-0.0014970381915428669,1.585980365505016e-05,-6.49980221712629e-09,10.2,-0.0017674792992516662,1.5104534677083085e-05,-5.686201948622037e-09,7.45,-0.0015793778214494279,1.9956752283820392e-05,-9.366539199287376e-09,5.21,-0.0019109117158991364,9.461666923743214e-06,7.252425102595015e-09,0.0504,-2.375796053027716e-05,1.8403257437161538e-07,9.70549359155955e-11,2.6004649904222727,0.0005394548259003495,-9.444780784010826e-07,-3.3058785156355637e-09,4.702296896718814,7.546744277131672e-05,9.736178874971711e-08,1.9209105830165145e-10,-3.366795954944823,-2.287177750942056,-0.000508838457356757,8.906837136442637e-07,3.175213216325281e-09,-0.00043206390160772793,9.967331193860447e-07,3.355005804237826e-09,3.186352633162641,5.6746098535865457e-05,-1.8253979150834743e-08,2.7526945697765104e-10,3.7766613674974696,-2.7980896755040037e-05,1.0515325563882098e-06,1.988849489609879e-09,-2.7757938531887296,-0.0005187706740922001,2.0605958725423362e-06,5.090264814870405e-09,-0.9690393471158554,0.00018435726478649542,-2.1441319511273209e-07,-6.911925258092018e-10,4.700480365792417,7.569122344077903e-05,9.345008058941065e-08,1.883552689110365e-10,8.421857811294387,0.00014361679419960666,-3.441257659574403e-09,4.661460366479856e-10,8.42526078052207,0.00013919923613385372,8.924401569887972e-09,4.808848408169026e-10,1.523368948706671,0.00015669966448324975,5.900436091018254e-08,3.4363657799556956e-10,2.287177750942056,0.0005088384573567556,-8.906837136442604e-07,-3.1752132163252627e-09,3.958971923825403,-2.9483274271896907,0.00042196776169301333,-9.054964351355233e-07,-3.366089795995604e-09,0.0001637917751724567,-1.0075737865446929e-06,-2.4781133269582983e-10,-2.951730396417374,0.0004263853197587715,-9.178620943649626e-07,-3.3808286001645587e-09,2.182674796321488,8.738466241647973e-05,1.4603751885069997e-08,2.0780679362622086e-10,0.7712334873858825,0.0004901171131213076,-1.006299481544808e-06,-3.0920348176492955e-09,0.7730500183122803,0.0004898933324518457,-1.0023877733845059e-06,-3.088299028258688e-09,5.042270010727165,0.0001019795980073332,-1.084757033202516e-06,-6.321440554601488e-10,5.473530384104697,6.552136919518529,0.0004901194822784685,-1.0063023277436224e-06,-3.092022908456004e-09,0.0005655845558926245,-9.089376927950992e-07,-2.899943759347644e-09,5.481180443360223,2.497798445162194e-05,-1.3806098225052547e-09,-3.648743886974065e-12,0.031200000000000002,-1.603925985726745e-05,8.281077103086895e-08,-6.192480636913294e-13,36893.5,2.3057175483078423,0.0008259399699762162,7.618581842943857e-06,16.05,0.008510015529284579,-2.8478563765184242e-05,-9.301004239524212e-08,0.0175,6.677212154706716e-06,1.6693865164642732e-07,-7.684791691399727e-11,0.009300000000000001,1.487714384297345e-07,-2.5171165111057457e-09,1.1629507466699068e-12,0
1986-12-31,0.0711,3.514239453435641e-06,1.6600217171092552e-07,-3.257338197605449e-10,0.014800000000000004,-3.4581179853571623e-06,-3.823598120038025e-09,1.3168289694955225e-11,-0.06640000000000001,-6.9210343425640026e-06,-8.157238757228819e-08,2.8980388124555263e-10,8.49,-1.088546030757892e-05,1.3434904980776612e-05,-2.5621179963176857e-08,9.97,-0.00035669725884329153,1.3052545168772811e-05,-2.430435099368139e-08,7.11,0.00035142394534356386,1.6600217171092558e-05,-3.257338197605451e-08,5.53,-0.0010184561570610428,1.0230362403031375e-05,4.067282857136159e-09,0.048,-2.217526557220142e-06,1.9837675024427938e-07,-8.3993859188506e-11,2.645465325910589,0.0004327990069673368,-1.3358186166558137e-06,-1.8634919991841898e-09,4.705015520957808,8.735765136732853e-05,1.0278700544622918e-07,5.339596845968707e-11,-3.402197881995739,-2.326192212885313,-0.00041370401116419124,1.2880730978600333e-06,1.9137577150707658e-09,-0.0003240223762185565,1.3961724682040343e-06,1.937252719378087e-09,3.1896529661912973,5.1192617056303874e-05,2.301830864879693e-08,4.3175717582046e-10,3.74856245627511,7.262662461143265e-05,1.2796225890929692e-06,1.1775244146852843e-09,-2.843869924244745,-0.0003052331143151343,2.6515045454964814e-06,2.7171599180541182e-09,-0.9545119446943529,0.00015606472658677897,-2.7807141417682903e-07,-4.1609028316598154e-10,4.707726774313183,8.698086915076286e-05,1.0282744093464549e-07,5.5145733241932865e-11,8.435477368198493,0.00014611289116047143,4.943633619372543e-08,4.227836949474785e-10,8.43941476831447,0.00014287807628799305,6.399985996751726e-08,4.271815336683314e-10,1.5390154481375546,0.00016624989719902852,9.223912994005424e-08,1.9087873068893283e-10,2.326192212885313,0.0004137040111641916,-1.2880730978600264e-06,-1.913757715070765e-09,3.9768297309390563,-2.9196321891218813,0.0003187837370600223,-1.3144911254049599e-06,-1.904784234197772e-09,4.678977062238798e-05,-9.437543979836823e-07,1.5171411240413427e-09,-2.923569589237858,0.000322018551932509,-1.3290546491787394e-06,-1.9091820729187214e-09,2.188295946591918,9.066548452239357e-05,3.90719365542127e-08,1.5028214383290318e-10,0.8108296581188033,0.0003775389768531686,-1.3678417946574617e-06,-1.535396507710014e-09,0.8081184047634272,0.0003779157590697348,-1.367882230145885e-06,-1.5371462724922633e-09,5.05272686862474,-2.848708245712997e-05,-1.0617125980722681e-06,1.2950067451173398e-09,5.515845179076611,6.591742316762295,0.0003775430183642459,-1.367843919112168e-06,-1.5353837659796133e-09,0.0004648966282204965,-1.2650547892112402e-06,-1.4820005392503063e-09,5.483465432385259,2.4717508524797067e-05,-1.4668885519763548e-09,2.705043933079274e-13,0.0291,-5.978548377000396e-06,9.363621082334207e-08,-5.83907070928233e-11,37008.45,2.4520215231132854,0.001694611589223348,5.410486556325465e-06,17.17,0.005390570188476956,-4.002761123800994e-05,-5.684565438334102e-08,0.011000000000000001,2.766815397129129e-05,1.3582431384743562e-07,-3.1936475901815986e-10,0.009309455721294557,-1.4573703068411633e-07,-1.9373959931163278e-09,5.597569459832135e-12,0
1987-03-31,0.0725,2.1433479752219765e-05,1.060225519726574e-07,-4.947484061815632e-10,0.0125,-4.136563441065625e-06,-1.7008156166112253e-09,1.60688036616762e-11,-0.0676,-1.5617930580087465e-05,-3.128079310748763e-08,3.6654858971859994e-10,8.36,0.0014701512506649847,8.563880911041307e-06,-4.039827613675632e-08,9.61,0.001056494906558425,8.393799349380184e-06,-3.879139577058874e-08,7.25,0.002143347975221979,1.0602255197265739e-05,-4.9474840618156366e-08,5.59,-0.00011896161501482455,1.021609075440071e-05,2.582644202020438e-10,0.0475,2.1456711535407138e-05,1.8276865703667617e-07,-3.1244253209146715e-10,2.799108932049177,0.0002792029698288338,-1.510510971165298e-06,2.318813400994904e-10,4.719391330078114,0.00010009023286857155,8.929529439090114e-08,-7.438882265156782e-11,-3.5578511917075324,-2.4958379744788313,-0.0002679998851454368,1.4908532947061633e-06,-3.0373852836515806e-11,-0.00016523506593891027,1.580325692595523e-06,-1.4225948440672716e-10,3.1826266921930797,5.3706909529601526e-05,7.877639470601008e-08,5.179205471200012e-10,3.776203282285611,0.00019683029127963298,1.4347248883211105e-06,-1.2513044329636753e-10,-2.96423360649462,-2.4388394630137437e-05,2.9402210020326328e-06,-7.532145370260255e-10,-0.9441493094435903,0.00012516627844881816,-2.9714106637315965e-07,-1.3556460736820047e-10,4.720282993088596,9.812507631180647e-05,8.924406225583679e-08,-6.152176760709895e-11,8.446261369951541,0.00015432385256085174,9.25680914736428e-08,3.16719040354138e-10,8.448833619352866,0.0001526934609454883,1.0698154697128129e-07,3.053985522061805e-10,1.5560186198344663,0.00017721056815905474,9.94078530184045e-08,2.3020596437776838e-11,2.4958379744788313,0.0002679998851454372,-1.4908532947061565e-06,3.037385283650571e-11,3.9782334962759744,-2.767796703279629,0.00016738294211418662,-1.5046449914737947e-06,2.3157535960238534e-10,-5.241435464016994e-05,-6.566865913985548e-07,2.9349407594133104e-09,-2.7703689526809554,0.00016901333372955975,-1.519058446971434e-06,2.4289584775023084e-10,2.196112848483529,9.722197718783978e-05,5.175366759931461e-08,5.6390768037327083e-11,0.959073336593797,0.00022161656180646992,-1.501372194391058e-06,6.226832226080568e-10,0.9581816735833152,0.00022358171836323412,-1.5013209622559962e-06,6.09816167563596e-10,5.044716614148655,-0.00014246191056380974,-7.83845178099107e-07,2.8995755252967575e-09,5.678464666671911,6.739987303195694,0.00022161939334027075,-1.5013710095223958e-06,6.226955347267819e-10,0.00032170679467503975,-1.4120769000001595e-06,5.48294399956522e-10,5.485688096041881,2.4426598085464796e-05,-1.2134543583465786e-09,4.902890361606363e-12,0.0271,6.922017913444734e-06,9.07367013942312e-08,-1.705606193582826e-10,37199.81,2.723386321726406,0.0021391795828938267,1.8409625991206747e-06,19.37,0.001026313062851339,-4.615649421950032e-05,-2.653374136369602e-10,0.030299999999999997,4.201484956602679e-05,7.603370847875293e-08,-4.698288497477259e-10,0.009129378905607052,-3.733814499710258e-07,-9.51113553960983e-10,8.778774479710275e-12,0
1987-06-30,0.084,2.934750621043725e-05,4.781127164923502e-08,-5.430113898503961e-10,0.011999999999999993,-3.6178254672314234e-06,-1.2123750094278737e-09,9.39254643045294e-12,-0.0769,-1.750962655339425e-05,1.0380523497819832e-08,3.5110939530696206e-10,9.32,0.0022266860439781127,3.684389503934828e-06,-4.55809206820687e-08,10.52,0.0018649034972549716,3.5631520029920363e-06,-4.464166603902342e-08,8.4,0.0029347506210437276,4.781127164923498e-06,-5.430113898503964e-08,5.67,0.0009378149417617332,1.0179406113955489e-05,-6.6385840671021615e-09,0.0574,4.074386961372702e-05,1.3492416456239505e-07,-5.222920319739067e-10,2.8231630082027146,9.428171111447448e-05,-1.345430315273674e-06,2.6247914588223813e-09,4.7318028369214575,0.00010842490461476784,7.32969529905391e-08,-1.4375929059889977e-10,-3.564893474332945,-2.516728129396964,-8.21207321940201e-05,1.3581413172325034e-06,-2.365800961892009e-09,2.856748217180752e-05,1.4265666106433192e-06,-2.542879264249929e-09,3.1917101567954314,6.542794001630007e-05,1.4016631619593298e-07,4.96786305853386e-10,3.7177098357818132,0.0003615194219229352,1.4150114577088443e-06,-2.027812747010767e-09,-3.0407296394847267,0.00032350719825244496,2.7094975660597564e-06,-5.04837866866431e-09,-0.9391214797057182,9.318073569339458e-05,-2.8010563168397674e-07,1.1481180776778018e-10,4.7318028369214575,0.00010651508284018619,7.132625273343267e-08,-1.3187484820394323e-10,8.460020753948546,0.00016746863434954906,1.172896313447286e-07,1.5927574722684467e-10,8.46305881233537,0.0001677834560677674,1.2974968401208014e-07,1.3114344001412266e-10,1.575274527821025,0.00018917197883429847,8.560232386197496e-08,-1.3773550785691192e-10,2.516728129396964,8.21207321940208e-05,-1.3581413172325012e-06,2.3658009618919874e-09,3.92648072187218,-2.751582467756151,-1.991996213922889e-05,-1.3352646323812997e-06,2.7033115205185512e-09,-0.0001129982135363368,-2.43224906641586e-07,3.7163609260445344e-09,-2.754620526142976,-2.0234783857440985e-05,-1.3477246850486685e-06,2.731443827731194e-09,2.206074192613202,0.00010414932395510536,5.008821436620846e-08,-5.16598289996169e-11,0.9766354492709376,3.912376759555476e-05,-1.2912719540271154e-06,3.0063465583442703e-09,0.9766354492709376,4.103358937013416e-05,-1.2893012537700098e-06,2.994462115949335e-09,4.981239097943811,-0.00021735821505103822,-3.5228495748057866e-07,3.8464917412891195e-09,5.708438286192395,6.75754847849536,3.912474824213086e-05,-1.2912719272458396e-06,3.0063627336047724e-09,0.00014754867221032086,-1.2179750010365741e-06,2.8625872677454028e-09,5.487895655380951,2.4325324228845203e-05,-7.146687472548942e-10,8.941720797329021e-12,0.0335,1.7539842355574225e-05,6.511055321393088e-08,-2.888169689647653e-10,37517.18,2.9947080373593167,0.002074319099054799,-2.1897179304145227e-06,20.9,-0.00466560926998332,-4.312263094929939e-05,7.144410199898342e-08,0.0365,4.382681711855031e-05,1.0977088966546316e-08,-4.707866162655253e-10,0.008956009022979477,-3.894685148490433e-07,9.337903753286538e-11,9.842566266947677e-12,1
1987-09-30,0.0942,2.496833755300774e-05,-8.152923303531936e-09,-4.552538840854508e-10,0.011300000000000008,-3.166713294380121e-06,-1.530974094277517e-10,9.072842953771315e-13,-0.0859,-8.717249847974071e-06,4.2332568521050796e-08,2.2840558358972294e-10,10.18,0.0018978120194519167,-1.082053357372111e-06,-3.829323355958331e-08,11.31,0.0015811406900139047,-1.0973630983148922e-06,-3.820250513004558e-08,9.42,0.002496833755300773,-8.152923303532013e-07,-4.5525388408545064e-08,6.4,0.0017985687772981804,9.99599535710318e-06,-1.5189192932917717e-08,0.0601,5.139871911205478e-05,6.436613835276263e-08,-6.446569267227845e-10,2.8724340572094973,-8.7617045311969e-05,-9.140217936485995e-07,4.596397485485519e-09,4.74493212836325,0.00011046220459205863,5.5696881230231335e-08,-1.366388610550735e-10,-3.6045383056801854,-2.5696670891241347,0.00010869813118264508,9.564411459876996e-07,-4.379594992148817e-09,0.00022044970987969355,1.0040321413955428e-06,-4.536861799254772e-09,3.1945831322991562,8.441743243544283e-05,1.9339193173635997e-07,3.724216667717091e-10,3.79974976294536,0.0005328236375913689,1.1643934047060456e-06,-4.156389976699326e-09,-2.99974029495153,0.0006688304401457946,1.9839063898491225e-06,-9.062763124085513e-09,-0.9349208707472181,6.728381787644341e-05,-2.508413496536884e-07,2.8075385170194745e-10,4.742320024135325,0.00010991349308628676,5.579488614621e-08,-1.3161464660495343e-10,8.477653707460941,0.00018157356024062072,1.2215721057423055e-07,-2.0385738372129292e-11,8.481419267255047,0.00018303192650476058,1.3087047211227392e-07,-5.700886900079064e-11,1.594608750341751,0.00019755844155849232,6.201075937391876e-08,-2.520954384821749e-10,2.5696670891241347,-0.0001086981311826437,-9.564411459877003e-07,4.3795949921487905e-09,3.8727514431466483,-2.7134034860376515,-0.00020585425898782261,-8.852064248255698e-07,4.77240239729266e-09,-0.00010583214744754807,2.0450084821858576e-07,3.6135915940553865e-09,-2.717169045831757,-0.00020731262525195971,-8.939196863636419e-07,4.8090255279212865e-09,2.214846178686039,0.00010992639470535602,3.674097866363295e-08,-1.4442860114258017e-10,1.0193180930600405,-0.00013474290333926088,-8.18746095481577e-07,4.8886555199756e-09,1.0219301972879655,-0.0001341941918334897,-8.188441003975552e-07,4.883631305525488e-09,4.915382389747402,-0.0002199756239871932,1.241289345377851e-07,3.836590850132148e-09,5.764250221423291,6.80022574603947,-0.00013474092943293464,-8.187473372790495e-07,4.888654735304053e-09,-2.4280698747202593e-05,-7.630492142513394e-07,4.7520166589205395e-09,5.490135355819337,2.4436209940587038e-05,3.6884237980640127e-10,1.2349137622479334e-11,0.0326,2.328135108838731e-05,2.1866015187771012e-08,-3.632308877519534e-10,37757.06,3.2169959016689402,0.001554305118019363,-5.6709197693246315e-06,20.09,-0.010344566641114605,-3.193781097830714e-05,1.382608985251525e-07,0.0436,3.629420576854765e-05,-4.177437787473955e-08,-3.4024262173945784e-10,0.009000000000000001,-2.264718891974599e-07,1.1530178420534278e-09,9.31156022858005e-12,1
1987-12-31,0.08990000000000001,1.8097442946694548e-05,-5.5631049631064324e-08,-3.1059707272746865e-10,0.011799999999999998,-3.4845386260211635e-06,-4.863446565012793e-10,1.2401472859622369e-12,-0.07629999999999998,7.396016907777379e-07,6.498213991972998e-08,7.726464740492059e-11,10.11,0.001194717494432393,-5.322031678184382e-06,-2.4782708438761856e-08,11.29,0.0008462636318302769,-5.370666143834517e-06,-2.4658693710165606e-08,8.99,0.0018097442946694506,-5.563104963106443e-06,-3.1059707272746837e-08,5.77,0.002662175244570116,8.313955328561514e-06,-2.5325253120352765e-08,0.07519999999999999,5.197569050099343e-05,-1.3873678862617125e-08,-6.521043544856633e-10,2.5945081597030812,-0.0001521863133560959,-2.9437161462956877e-07,5.234619466931765e-09,4.748404354073999,0.00011231316981400729,3.779705761495824e-08,-9.94506732353162e-11,-3.3077070385748164,-2.2763755665263132,0.0001812250207691865,3.5903745834265475e-07,-5.098406198797375e-09,0.0002936644703421802,3.88174238639278e-07,-5.2012861951382046e-09,3.208421366964342,0.00010662108618869834,2.2615212672637208e-07,1.7615612272686313e-10,3.894673367093033,0.0006443001144371165,6.178325084719562e-07,-5.8897552612667565e-09,-2.622790357151387,0.0008323505349039313,7.862204410285441e-07,-1.1280286495242288e-08,-0.9263410677276565,5.0329880688351414e-05,-2.1360356349609038e-07,3.498814335487042e-10,4.750135956238277,0.00011176093861835906,4.146453857852557e-08,-9.432611693707324e-11,8.49383346513811,0.00019409305861634585,1.09679466846936e-07,-1.7878110668888856e-10,8.49746404542024,0.0001958861879290702,1.1252790260818704e-07,-2.1409601139734047e-10,1.6114359150967734,0.00020030384344256051,3.013544210240014e-08,-3.030394359297454e-10,2.2763755665263132,-0.00018122502076918582,-3.5903745834265813e-07,5.098406198797356e-09,3.8733610183938816,-3.009036531647454,-0.0002686969931968364,-2.4256479846321623e-07,5.453343428213143e-09,-4.69977692517734e-05,6.037525489988837e-07,2.6974683018612214e-09,-3.0126671119295856,-0.00027049012250955976,-2.4541323422449195e-07,5.488658332921608e-09,2.2321626286975,0.00011206492010910687,1.5346217260885288e-08,-2.0289654173874387e-10,0.7363925794166557,-0.0001869171043944965,-1.7068238923124796e-07,5.374012994759571e-09,0.734660977252378,-0.00018636487319884828,-1.743498701948111e-07,5.36888843846132e-09,4.905866013397637,-0.0001647067183468659,5.534320109642409e-07,2.9168437093408146e-09,5.484796933490655,6.517301928494411,-0.00018691317087540237,-1.7067774365623233e-07,5.37398408938424e-09,-7.460393458048886e-05,-1.328853316162814e-07,5.274562321524251e-09,5.492374987091425,2.450701692620627e-05,1.955437499070596e-09,1.7424296386997776e-11,0.0447,2.2182883877823304e-05,-2.5121963142928908e-08,-3.6362723194180636e-10,38318.08,3.3199836167396484,0.000722840088537742,-8.037533534148271e-06,13.77,-0.01291654669872774,-1.3179472482299662e-05,1.739963806224615e-07,0.0443,2.597099099522478e-05,-6.628957756588619e-08,-1.606093709950716e-10,0.009075116267431719,-4.4043203330175515e-08,2.0110075478755617e-09,8.861429139042742e-12,4
1988-03-31,0.0837,1.257886553930744e-05,-7.404566947082012e-08,-1.5777740597272445e-10,0.011799999999999998,-3.7660442432359767e-06,-2.3145493842764933e-09,8.443851649683798e-12,-0.07200000000000001,5.5254099666073815e-06,6.03709428212916e-08,-4.18549622240379e-11,9.39,0.000600102605875949,-6.9608460614636654e-06,-1.0302890940372217e-08,10.57,0.00022349818155235207,-7.1923009998913155e-06,-9.458505775403818e-09,8.37,0.0012578865539307426,-7.4045669470820104e-06,-1.57751724071154e-08,5.7,0.0036973233703811075,5.319950982700112e-06,-3.613409089918917e-08,0.07440000000000001,4.472237016962606e-05,-8.17544117872837e-08,-5.61853217248379e-10,2.6858045921548905,-0.00010321112250257919,4.2553292387865405e-07,4.3049300179557174e-09,4.757891273005756,0.00011705522189321693,3.1245034018810806e-08,-6.758292760546835e-11,-3.390257441623821,-2.367500049295106,0.00013594547223938353,-3.5563533034549354e-07,-4.252999543204472e-09,0.0002520287297812056,-3.320325574676436e-07,-4.307464377501032e-09,3.214867803470662,0.00012964345212633093,2.3172217001095608e-07,-6.129936758665111e-11,3.94565118640813,0.0006927800911463381,-1.5050641412340937e-07,-6.736008921111446e-09,-2.659260036932778,0.0008169177148653485,-7.105760575588263e-07,-1.1005974867583764e-08,-0.9191281837807448,3.4703789722080254e-05,-1.7345719616683922e-07,3.992655186253804e-10,4.757891273005756,0.00011575084163475343,3.4764344571654373e-08,-6.003825137106615e-11,8.51879071469615,0.0002027809052685653,8.068076826820695e-08,-2.911276584416567e-10,8.522713526291065,0.00020467700156171498,7.897858523260033e-08,-3.1808772865517576e-10,1.6282661391415338,0.00020062598957481213,-5.1016582152840984e-09,-3.144223008435121e-10,2.367500049295106,-0.00013594547223938318,3.5563533034548756e-07,4.252999543204464e-09,3.885704811319293,-2.936422861930382,-0.00020908292538161997,5.066767320882444e-07,4.4828278340594885e-09,3.88807021650596e-05,8.387538709553708e-07,1.210782685043806e-09,-2.940345673525297,-0.00021097902167477312,5.083789151238385e-07,4.509787904273073e-09,2.2375130962503307,0.00011159947251679278,-9.450268701404572e-09,-2.3181577954278864e-10,0.8244765797600124,-0.00012335724200627005,5.561124663376358e-07,4.259283103223301e-09,0.8244765797600124,-0.00012205286174780638,5.525931557847951e-07,4.2517384269888875e-09,4.9083030702838,-7.981965935084309e-05,8.132834053054625e-07,1.3612897725209648e-09,5.582367852765768,6.605392639060406,-0.00012335457010311107,5.561175792386695e-07,4.259238565017612e-09,-6.302020113051893e-06,5.873575003564502e-07,4.191700175617817e-09,5.494377576763867,2.4548486265099644e-05,3.386976312578213e-09,2.439215616547941e-11,0.0424,1.4932828397546869e-05,-6.314935161599156e-08,-2.961433392144016e-10,38428.84,3.3268133631751935,-0.00022486014418950166,-9.413997329870202e-06,14.29,-0.012548739488119381,1.0359237497780628e-05,1.689963768613449e-07,0.0393,1.7821443583738667e-05,-5.984911594226727e-08,2.6577122960415842e-12,0.009022859758922875,1.4286397974387567e-07,2.5147948216948105e-09,9.129764787484035e-12,0
1988-06-30,0.0892,4.3757493318434235e-06,-6.991988914289347e-08,3.0717573310848516e-12,0.011400000000000006,-3.9514400068926106e-06,-2.389953301832054e-09,1.953433184601889e-11,-0.0759,1.1072572465943813e-05,3.529505204439585e-08,-1.3733226541283777e-10,9.86,-0.00017495180830890132,-6.041688931487819e-06,4.606737350908476e-09,11.0,-0.0005700958089981626,-6.280684261671016e-06,6.5601705355103925e-09,8.92,0.00043757493318433843,-6.991988914289335e-06,3.1765076785318435e-10,6.46,0.004287809116519025,1.270297172290635e-06,-4.2548252410668704e-08,0.0799,3.304038259198629e-05,-1.2714832684503507e-07,-4.0796290668402203e-10,2.6925980965432883,-2.095105525912501e-05,9.383823275527752e-07,2.2846596293852345e-09,4.770684624465665,0.00012094435806939973,3.57923988463922e-08,-2.849376504207881e-11,-3.3784578946926658,-2.368232466583063,5.768616648019753e-05,-8.774782011894248e-07,-2.357393669297689e-09,0.00017716681707781665,-8.473484652350229e-07,-2.3630732663405307e-09,3.232778730037192,0.0001521938083485476,2.1035252395012204e-07,-3.26850613250961e-10,4.086144365656761,0.0006416218356910524,-9.374921998229488e-07,-6.293262805787884e-09,-2.5244794249078235,0.0006680437169203759,-1.9936742033744904e-06,-8.35336257463235e-09,-0.9219687829522858,1.7697813995647647e-05,-1.4436407049775271e-07,4.804518371704245e-10,4.770684624465665,0.00012006346986238522,3.698959518082432e-08,-2.6093085844358615e-11,8.531760964269115,0.00020935781690792493,4.2005834625897386e-08,-3.666204339784381e-10,8.536674198370688,0.000210538474784977,3.912430283223138e-08,-3.7677937806738255e-10,1.6491943126819117,0.00019938238014532186,-3.409179267998083e-08,-3.0172355702290455e-10,2.368232466583063,-5.7686166480197876e-05,8.774782011894196e-07,2.3573936692976925e-09,3.9035210663872637,-2.930749767648859,-0.00011485017503957417,1.045824890513656e-06,2.3971634900251554e-09,0.00014456552357945546,8.661115586134815e-07,-5.804147255906315e-10,-2.935663001750433,-0.0001160308329166311,1.0487064223073142e-06,2.4073224341141836e-09,2.2502386126218363,0.00010983062800843934,-3.217355048754482e-08,-2.474469711980136e-10,0.8303265721545907,-2.6436716201049675e-05,1.0520383262931583e-06,2.059036821088814e-09,0.8303265721545907,-2.555582799403551e-05,1.0508411299587218e-06,2.056636141891082e-09,4.914721341250466,2.4691873044786067e-05,8.510079206886724e-07,-5.176986346089494e-10,5.601011196620256,6.611234257863152,-2.643353795588055e-05,1.0520316272479165e-06,2.0589776222856527e-09,9.450764186835214e-05,1.0878307251395478e-06,2.030543056046712e-09,5.496542198236863,2.4940823529393667e-05,5.230849769639324e-09,2.981953682859523e-11,0.044800000000000006,5.859600176492545e-06,-8.521246806643946e-08,-1.995214463880891e-10,38845.76,3.267289475082612,-0.0011408188488404212,-1.0319071027447196e-05,12.49,-0.010251232454090615,3.0060750752018705e-05,1.2759495987361624e-07,0.039599999999999996,1.3167284216535833e-05,-3.90517671863391e-08,1.1552650748839784e-10,0.00898219743498727,3.994188135339477e-07,3.103109777686278e-09,9.942787557796933e-12,0
1988-09-30,0.0898,-4.639374766289854e-06,-6.115872358575408e-08,1.300396771897858e-10,0.0108,-4.246997933933983e-06,6.82744467940355e-10,3.359275827251421e-11,-0.0737,1.5454160320663037e-05,1.520523785829527e-08,-1.8625507192971856e-10,9.82,-0.001009503270943042,-4.450281525143163e-06,1.5923205532890816e-08,10.9,-0.0014342030643364422,-4.382007078349124e-06,1.9282481360142257e-08,8.98,-0.00046393747662898665,-6.115872358575401e-06,1.3022376721854276e-08,7.24,0.004126262876707111,-4.0188047222588325e-06,-4.190629539882433e-08,0.0815,1.6570058316423843e-05,-1.5213909834515578e-07,-2.312977070776015e-10,2.6651427000909336,0.00012249529103772506,9.909269692335789e-07,-2.675842023514769e-10,4.785823685681349,0.00012199605208325844,3.542857505158527e-08,5.895072020741532e-12,-3.343872315042886,-2.348785330339159,-7.645819285703563e-05,-9.336284244804106e-07,2.976716902607374e-11,4.401050242354293e-05,-9.003875026708743e-07,6.16972764623531e-11,3.2422016501716975,0.00017389777597710335,1.7032572641456916e-07,-5.874776115103382e-10,4.118711918670395,0.00048316722155571643,-1.5962010280700452e-06,-4.533434042862697e-09,-2.4674597361842796,0.0003542375379138412,-2.6684033012590216e-06,-3.903549109530095e-09,-0.9252340458931385,5.25744357543316e-06,-1.1264053487520493e-07,5.715899309963046e-10,4.783316371371566,0.00012239860142648426,3.7056839765152705e-08,7.401980810585793e-13,8.554495912552062,0.00021286756038046834,4.580129822898466e-09,-4.0614539583985845e-10,8.55888239380303,0.000212978850316764,1.9843427285674028e-09,-3.965850659964739e-10,1.6701310184753804,0.00019458721771559024,-5.8134398525795183e-08,-2.6297106245267617e-10,2.3487853303391595,7.64581928570339e-05,9.33628424480407e-07,-2.976716902605621e-11,3.922145084967443,-2.9635089320412056,3.748840845367203e-05,1.099374021072091e-06,-2.1109938469657017e-10,0.0002420998606117622,7.053543596720419e-07,-2.230843075982743e-09,-2.9678954132921733,3.737711851737463e-05,1.101969808166423e-06,-2.2065971453990223e-10,2.256541154492639,0.00010562652812420963,-5.16110312488027e-08,-2.553718301378328e-10,0.8051632948295077,0.00012835991675087967,1.0685255758433968e-06,-6.231398525571494e-10,0.8076706091392913,0.00012795736740765472,1.0668973111298226e-06,-6.17984978617476e-10,4.921690532860458,0.00012148997447477549,6.850900901645541e-07,-2.2493712549335757e-09,5.5909869805108565,6.586075098469119,0.00012836490196180966,1.068507186079003e-06,-6.232096776531771e-10,0.00025035596883414004,1.1039541508949793e-06,-6.172447805364231e-10,5.499215308914927,2.560446218234924e-05,8.807194499401204e-09,3.2256801095772233e-11,0.04190000000000001,-4.26631296611094e-06,-9.193129880053624e-08,-1.1095985498558877e-10,38982.29,3.1137248175788104,-0.001999966796084115,-1.0969770451417079e-05,11.79,-0.005511675458430324,3.971385093209963e-05,5.9511473990630083e-08,0.0417,1.190571708964696e-05,-2.1700256043005078e-08,1.4686544329355848e-10,0.0091,6.793447025537288e-07,4.16064436584658e-09,1.1380542032005862e-11,0
1988-12-31,0.0911,-8.87622463535641e-06,-4.415673010207232e-08,1.8500631100773544e-10,0.0108,-4.657437102748057e-06,5.787450401832906e-09,4.3255315240611496e-11,-0.0712,1.365166749393641e-05,-1.682526604360685e-10,-1.6020688600380377e-10,9.57,-0.0012407100779160685,-2.420722647445062e-06,1.911337020257888e-08,10.65,-0.0017064537881908716,-1.841977607261772e-06,2.3438901726640012e-08,9.11,-0.0008876224635356381,-4.413310275262771e-06,1.8521664890050472e-08,8.07,0.00346360306087552,-8.893532530281295e-06,-3.5186568869627734e-08,0.0782,7.923919343383496e-07,-1.6292431827895497e-07,-7.715858230924294e-11,2.6878474937846906,0.0002724813824964631,6.799258545925654e-07,-2.558178037628051e-09,4.791649752930709,0.0001254149702421367,3.1344297652397235e-08,-7.650649873627451e-13,-3.343872315042886,-2.3556883426268356,-0.0002210879857816126,-6.341126885544056e-07,2.167789447870856e-09,-9.758682994114934e-05,-6.015561196027465e-07,2.1931588688560543e-09,3.2665224783355535,0.00018811855907678864,1.0723192452577146e-07,-7.939471613003283e-10,4.1568497675734974,0.00027252688533305344,-1.9853330914844462e-06,-2.014248514419869e-09,-2.4545714499919273,-1.1932251081991919e-05,-2.697467199950709e-06,9.563396023461422e-10,-0.9187938620922736,-3.636669996717572e-06,-5.2509594266235156e-08,6.754599006871953e-10,4.793308128103486,0.00012580768632041787,3.487423976355537e-08,-5.959481647597062e-12,8.572218164422178,0.0002100687126918646,-3.138223251485732e-08,-4.015190111370899e-10,8.576027222846822,0.00021017743263835041,-3.2289293862244166e-08,-3.8162736024211905e-10,1.6863989535702288,0.00018746381883417428,-8.206018456537484e-08,-2.112202808348442e-10,2.3556883426268356,0.00022108798578161087,6.341126885544029e-07,-2.1677894478708345e-09,3.935811867392161,-2.9500073434597884,0.000199137832166537,7.727268455950342e-07,-2.5602175980341136e-09,0.0003063093340968562,3.639293584602685e-07,-3.2820445277191385e-09,-2.9538164018844313,0.00019902911222005048,7.736339069424344e-07,-2.580109248929057e-09,2.269028309465203,9.980510477360545e-05,-7.374650501914715e-08,-2.566555666962069e-10,0.8305610680316797,0.0002837915746162651,7.100003154277766e-07,-2.9609715441838314e-09,0.8289026928589036,0.0002833988585379827,7.064703733166142e-07,-2.9557771275235856e-09,4.925077405734609,0.000185018941993733,3.323956442920176e-07,-3.348008863501344e-09,5.6222108209623896,6.611476359304838,0.0002837942891815451,7.099767953204719e-07,-2.9610157053838e-09,0.0004092065448584009,7.413446130801697e-07,-2.961736609171188e-09,5.501873316602934,2.626517277009785e-05,1.3225893394855174e-08,3.1885207729961285e-11,0.038,-1.2622300528085672e-05,-9.218484246402967e-08,-4.9492670741818215e-11,39408.37,2.8922806354364012,-0.0029902694755911973,-1.1335142950729274e-05,11.64,-2.9460215844442918e-05,3.966841112398596e-05,-1.3179447345511463e-08,0.044199999999999996,1.3442948924099036e-05,-7.4401926907440005e-09,1.0373006545299287e-10,0.009230537654673404,1.0086563198706705e-06,5.4655678656278426e-09,1.2437290167049985e-11,0
1989-03-31,0.09359999999999999,-1.2034613644778895e-05,-1.7330463897196557e-08,1.843156008265386e-10,0.008699999999999992,-4.2028029984346845e-06,1.1477741128355211e-08,3.899087587353053e-11,-0.07250000000000001,1.0712105748957707e-05,-1.761743417860731e-08,-9.83989799405792e-11,9.8,-0.0011997580624808033,1.9494971293192515e-07,1.601551775934106e-08,10.67,-0.0016200383623242679,1.3427238257674527e-06,1.9914605346694073e-08,9.36,-0.0012034613644778883,-1.7259059681555202e-06,1.8452593871930782e-08,8.82,0.0021612311158806254,-1.1743505456095411e-05,-2.317761104519818e-08,0.0863,-1.3650703577894731e-05,-1.5958799315451725e-07,4.4884499867001065e-11,2.72785282839839,0.00034700373901513264,1.9610572971857677e-07,-3.6174234259518805e-09,4.8064770426931265,0.00012995362092712223,3.5700101750937335e-08,-3.738605171234191e-11,-3.3755296349135775,-2.4008720255481917,-0.0002924110746021606,-2.0000670162100213e-07,3.090100299822784e-09,-0.00016430700675781895,-1.6138239384575028e-07,3.0730685241884746e-09,3.2782761681496484,0.00019534534486427904,1.4416241363214212e-08,-9.316440056859578e-10,4.191773707553646,4.7146462011435354e-05,-1.990167974619311e-06,5.343621018585066e-10,-2.461580824484504,-0.000311375267510388,-2.1692676453279114e-06,4.528249989678982e-09,-0.9138269873531097,-1.0689517263429496e-05,2.6568145868374022e-08,7.832031732818153e-10,4.805659046737495,0.00012960220303501467,3.828653351295106e-08,-3.8974632724018466e-11,8.594063302492428,0.0002040806232559811,-7.153524260649725e-08,-3.7231266134348906e-10,8.598251752167041,0.0002045723771219185,-6.84022160389227e-08,-3.5346311382434304e-10,1.7015220546553111,0.00017924484871561787,-1.0152998604822088e-07,-1.5358333771125472e-10,2.4008720255481917,0.0002924110746021596,2.000067016210038e-07,-3.0901002998227687e-09,3.9563532617875397,-2.9149151087945873,0.0002836757962104617,2.8595818559070657e-07,-3.6494316441652863e-09,0.0003330793728997444,-8.432517581874219e-08,-3.478590345354177e-09,-2.9191035584692018,0.00028318404234452184,2.8282515902314217e-07,-3.6682811916844146e-09,2.2793164660546914,9.280686257593964e-05,-1.0009545606316834e-07,-2.478824684846859e-10,0.8726711510047136,0.000357802798539319,1.7872284123327595e-07,-3.984358253796414e-09,0.8734891469603452,0.0003581542164314231,1.7613640947125955e-07,-3.982769672784705e-09,4.935450063559722,0.00020875214138090515,-1.2638919348112297e-07,-3.526145694303411e-09,5.6791481936978405,6.653585349062804,0.0003578000281805549,1.7869564898850317e-07,-3.984341557471594e-09,0.00048775641946643966,2.1442294298420918e-07,-4.021744305508746e-09,5.50362641911471,2.745013557195128e-05,1.6412440763082214e-08,2.5111445445095304e-11,0.0432,-1.977390266792732e-05,-9.323918641732428e-08,-7.793079478700759e-12,39715.06,2.6035447212911604,-0.004155996163756423,-1.1155893759205114e-05,11.73,0.004278885845317018,3.182946187674003e-05,-6.344729863754335e-08,0.049800000000000004,1.3208198167609148e-05,4.625412928517449e-09,3.404641972508779e-11,0.009207665947539774,1.551478239941182e-06,6.7960807580229375e-09,1.1059542091236546e-11,1
1989-06-30,0.0828,-1.316487854895684e-05,5.843499445044855e-09,1.3972917186947884e-10,0.009299999999999998,-2.4549132070666278e-06,1.634648607612505e-08,1.7284199393714395e-11,-0.0683,9.527378881622164e-06,-2.6802836735026617e-08,-3.993361124447432e-11,9.1,-0.0010820790265408942,2.0249552896341456e-06,9.603784144887682e-09,10.03,-0.0013275703472475572,3.65960389724665e-06,1.1332204084259104e-08,8.28,-0.0013164878548956858,5.938659404131974e-07,1.398342013706859e-08,8.15,0.0005537416005650233,-1.29333688976368e-05,-9.331738602319977e-09,0.0814,-2.8515549360131794e-05,-1.4736532339773946e-07,1.641062445059361e-10,2.8118094353930627,0.0003045424761861391,-3.0389592078362606e-07,-3.0032428084547778e-09,4.821087692210561,0.00013160604284950111,3.8383899297179245e-08,-8.295599593059963e-11,-3.4420193761824103,-2.4813910573059887,-0.000244911792570926,2.2705545319203951e-07,2.3714624782601247e-09,-0.00011430207520886845,2.700415089292846e-07,2.297266067306747e-09,3.29842610362621,0.00019657074351675519,-9.11445608583978e-08,-9.847960319658456e-10,4.187531276948218,-0.00016590483837122666,-1.692366178774712e-06,2.4809195287574634e-09,-2.5523293261054345,-0.00047650643899211536,-1.3355198879503062e-06,5.761183705771391e-09,-0.9249284963913698,-7.019710716828914e-06,1.0654504352933201e-07,8.039681401597991e-10,4.821087692210561,0.0001316458963712207,3.840225792693917e-08,-8.760695038170906e-11,8.61454728101312,0.00019712394105097925,-1.0831453326455614e-07,-3.3483048449320315e-10,8.61860273224211,0.00019792082334973288,-1.0166997677825833e-07,-3.2306622749813005e-10,1.717946117960785,0.00016868858866561051,-1.1332167811701224e-07,-7.623434887088668e-11,2.4813910573059887,0.0002449117925709246,-2.270554531920349e-07,-2.371462478260115e-09,4.020101922566453,-2.834730120080921,0.000244358595036703,-2.0988548078588474e-07,-3.0214280257327833e-09,0.00030363524130558523,-5.037535553272195e-07,-2.7023639832068528e-09,-2.838785571309911,0.00024356171273795039,-2.1653003727218151e-07,-3.0331922827278723e-09,2.2874714551839976,8.381992851365163e-05,-1.2664339747766185e-07,-2.0363233432434014e-10,0.9587294687216372,0.00030987649323817903,-3.5658391334761934e-07,-3.273302514295363e-09,0.9587294687216372,0.00030983663971645686,-3.5660227197737865e-07,-3.2686515598442243e-09,4.986908383900169,0.0001731611453732726,-5.545437727417293e-07,-2.6655371021215787e-09,5.779817160932199,6.739644272337296,0.00030986929558333016,-3.5661077882380236e-07,-3.273230032554067e-09,0.00044148253608768047,-3.182000140504389e-07,-3.3562585102259613e-09,5.505548824163082,2.962321727358122e-05,1.8401722726088066e-08,9.651951403834928e-12,0.0375,-2.7027361286603326e-05,-9.605017370322356e-08,5.263309292143754e-11,39924.01,2.2213442196189135,-0.005340296639408303,-9.382264095946264e-06,12.84,0.006535083222818738,1.9897797856294165e-05,-7.64070894173388e-08,0.051699999999999996,1.0874562238321033e-05,3.2284893128447754e-09,-5.3736614763842666e-11,0.009236455897409207,2.3336587981791572e-06,8.109531451391786e-09,6.616633415583058e-12,1
1989-09-30,0.0819,-1.023056190342232e-05,1.847934362171866e-08,5.506569982613357e-11,0.009000000000000003,6.078487602705518e-09,1.8373442160288154e-08,-1.6990815828684456e-11,-0.06820000000000001,7.020881706232339e-06,-2.349667274443014e-08,2.1766064659495185e-11,9.01,-0.0007172341183330239,2.3740232370884573e-06,7.747033446713342e-10,9.91,-0.0007166262695727538,4.2113674531172535e-06,-9.243782381971204e-10,8.19,-0.0010208705306980078,1.857450358080576e-06,5.485536128732635e-09,7.75,-0.0006601082019131718,-1.2661282371921909e-05,1.3256173972598184e-09,0.0781,-4.254770131685735e-05,-1.3241959159533913e-07,2.967822458298314e-10,2.8741294517947424,0.00019365536263357027,-6.586215032898868e-07,-1.2346180808632227e-09,4.8283137373023015,0.00013491290514628732,2.744197679031748e-08,-1.550878428509517e-10,-3.4769990950784373,-2.5240743842122293,-0.00014197490636687175,5.113713817197971e-07,6.354529114513244e-10,-7.401584396442978e-06,5.448396877529896e-07,4.796625953157357e-10,3.326114575537799,0.00018327970412950061,-1.9030766144854296e-07,-9.014316256428456e-10,4.1175726883413075,-0.0003108364915512682,-1.247419838487589e-06,3.3561019187482068e-09,-2.685310714132721,-0.0005016368660690454,-5.179132998989012e-07,4.7407343846469585e-09,-0.936412200192991,1.168188024954376e-05,1.9127116702629658e-07,6.889167659566444e-10,4.826712455935327,0.00013597790243502077,2.753742788689044e-08,-1.6599673253100063e-10,8.632744939601162,0.00018648449319163263,-1.3523602282590112e-07,-2.610614180575142e-10,8.636597844872808,0.0001879090640952083,-1.2844832069924776e-07,-2.6323483681206606e-10,1.7343564716682809,0.00015640875460755377,-1.1868689104277303e-07,1.8999326745566922e-11,2.524074384212229,0.00014197490636687072,-5.11371381719794e-07,-6.354529114513232e-10,4.084847326830267,-2.7825559798511343,0.00013877011730473697,-5.664430203424445e-07,-1.2758231190366267e-09,0.0002126256625208496,-7.807759716727109e-07,-1.1084676238790653e-09,-2.7864088851227797,0.00013734554640116442,-5.73230722469094e-07,-1.2736497002821182e-09,2.2945529212967815,7.025767738926027e-05,-1.4900223561690223e-07,-8.962896389508806e-11,1.0218752224477272,0.0001903417053500828,-7.291210199586629e-07,-1.3817966942431926e-09,1.0234765038147011,0.00018927670806134778,-7.292164710552279e-07,-1.3708878045631287e-09,5.039150953458865,7.580889966266602e-05,-8.307286775839373e-07,-9.575571993273223e-10,5.850188959750028,6.802783576615514,0.0001903335192109848,-7.291360112151355e-07,-1.3816978811550479e-09,0.00032525461049636925,-7.016790431683411e-07,-1.5368845370941486e-09,5.508659326025038,3.193063583508265e-05,1.9354336126785477e-08,-7.8379348321676e-12,0.0391,-3.644148630269806e-05,-9.740118025085854e-08,1.732708424067824e-10,40117.02,1.6423405874057153,-0.006362305321356501,-4.6765284479495675e-06,14.66,0.006896401241283051,8.805625832455731e-06,-5.618701376869183e-08,0.0434,1.3435580828453236e-05,-7.557881468972762e-09,-1.6656772052799849e-10,0.0095,3.1921175461915173e-06,8.854775042818182e-09,-2.9622161330471627e-13,4
1989-12-31,0.0784,-5.789153469525011e-06,1.8115247984816187e-08,-4.101352855709692e-11,0.009600000000000008,2.2977541007118602e-06,1.5402459826739995e-08,-5.228908772088761e-11,-0.0665,3.470542431870745e-06,-1.5409579467524102e-08,8.168737002574207e-11,8.86,-0.00029350483423310896,1.6919779018872558e-06,-7.66170488342824e-09,9.82,-6.372942416191935e-05,3.2322238845612398e-06,-1.2890613655517008e-08,7.84,-0.0005745198752624026,1.8210407943903325e-06,-4.1540671795934454e-09,7.63,-0.0016286602078801893,-1.1261855332629445e-05,8.193787556540747e-09,0.0644,-5.370135130889e-05,-1.0608342704273452e-07,4.408868223434155e-10,2.8707357833793057,8.57089200281623e-05,-7.04825802168554e-07,6.874855665299664e-10,4.837075242970874,0.00014061268925847845,8.953213747135029e-09,-2.402784919070399e-10,-3.451438598098902,-2.507183937219824,-5.849725866502002e-05,4.89277700976802e-07,-1.0866980499958874e-09,8.213091999209887e-05,5.029835870132312e-07,-1.3334347303108284e-09,3.3467411958660964,0.00015568842417635064,-2.79356264148568e-07,-6.802717105149388e-10,4.073631520624559,-0.00037994473219178925,-8.027354460717228e-07,3.2041658908755577e-09,-2.7241795830320936,-0.0004539866747115623,-2.4691025024568512e-08,2.5586563736376886e-09,-0.9314043696842034,3.607261534742806e-05,2.667925934809133e-07,4.920521409185431e-10,4.838660029356445,0.0001414914228941265,1.0357193440785419e-08,-2.5040203258906273e-10,8.647407965135688,0.0001703592560531861,-1.5797947795803338e-07,-1.288088760240213e-10,8.651664816883295,0.00017308224199581861,-1.5320829730685518e-07,-1.5124025389906739e-10,1.749199854809259,0.0001447432661201259,-1.1367578017109253e-07,1.17393994909422e-10,2.507183937219824,5.849725866502037e-05,-4.892777009768004e-07,1.0866980499958783e-09,4.1047252782766614,-2.793482832049767,4.3826426788182855e-05,-6.106544871673452e-07,5.352352155050151e-10,9.56724843387602e-05,-8.16644991896115e-07,7.828198450826566e-10,-2.7977396837973743,4.110344084554997e-05,-6.154256678185176e-07,5.576665933800254e-10,2.2965670206684825,5.359971249748533e-05,-1.6100193577638233e-07,9.374927903450835e-11,1.016849890115047,7.357299358289084e-05,-7.775871788725058e-07,6.467048313880151e-10,1.0152651037294753,7.269425994724243e-05,-7.789911585661469e-07,6.568283720700389e-10,5.048561970791324,-4.6414367440306134e-05,-8.450933520735347e-07,1.0458718516572493e-09,5.85392513308592,6.797761825600583,7.35647293567121e-05,-7.775816892646603e-07,6.468073659573947e-10,0.00021418568284137032,-7.686339651253721e-07,4.064263394809616e-10,5.512045261715501,3.3613669206413596e-05,1.7600985623581816e-08,-2.050050729014628e-11,0.0274,-4.7290997355761106e-05,-8.679612218403622e-08,3.559356891469903e-10,40089.48,0.9356433218717541,-0.006960924959293316,2.8873133766402062e-06,15.24,0.0063723547033285085,3.2785806695609657e-06,-2.1240300945456948e-08,0.04650000000000001,1.5989230071372912e-05,-2.2482983984819828e-08,-2.507878141759412e-10,0.009851357107449246,4.096918361118869e-06,8.491789051471949e-09,-9.56087740392033e-12,4
1990-03-31,0.0859,-2.232666715604203e-06,3.7012147023943336e-09,-1.1687070564153525e-10,0.008400000000000017,3.755732686630565e-06,6.834693675350289e-09,-7.612799596449571e-11,-0.06870000000000001,1.1867954114879592e-06,-5.4172662614869044e-09,1.1322841798901148e-10,9.37,-0.00010116568134512643,1.4060156011700307e-07,-1.2324764609349378e-08,10.21,0.00027440758731792634,8.240709276520274e-07,-1.9937564205798913e-08,8.59,-0.00021887119987032272,3.725489775281962e-07,-1.1750315425012351e-08,7.9,-0.002558523086745207,-1.0110064760764412e-05,1.2550829252307255e-08,0.06559999999999999,-6.335058411457326e-05,-5.977155336769362e-08,5.877916374108571e-10,2.8231630082027146,2.7836213756668103e-05,-3.639438995113875e-07,2.1147559462873973e-09,4.857484114602081,0.00014187307916128933,-1.8224407215148667e-08,-2.8697447679971586e-10,-3.3991993789994823,-2.4745018297053347,-2.795630040933923e-05,1.0616452807849667e-07,-2.234834916569228e-09,0.00011465067046431202,9.0242256035909e-08,-2.5339687795921115e-09,3.349904087274605,0.00012288284094211233,-3.412364525971651e-07,-3.8597242835350633e-10,3.9993010135352067,-0.0004058466607024115,-5.093563795639158e-07,2.5494752388811944e-09,-2.7488721956224653,-0.00041533439749585205,-8.013243622828382e-08,4.1582606777886084e-10,-0.9231139021079693,6.32838098542159e-05,3.018852776120529e-07,2.391318584451462e-10,4.856706811803519,0.00014187629734911805,-1.85416308670063e-08,-2.9184536603317626e-10,8.656474496564698,0.0001537373347442944,-1.7385915390096528e-07,3.969560343167641e-11,8.661819111536365,0.0001573065331354026,-1.7155507038286947e-07,2.2431011588690163e-12,1.7623696728987708,0.00013387717422621502,-9.602950967104334e-08,2.1607364519703092e-10,2.4745018297053347,2.795630040933958e-05,-1.0616452807849582e-07,2.234834916569219e-09,4.1058796534257525,-2.8320685795847576,-2.898193392842849e-06,-2.73541826774693e-07,1.8091668847840845e-09,-9.278650173059205e-06,-5.772336925031071e-07,2.3470612346999483e-09,-2.8374131945564263,-6.467391783952087e-06,-2.758459102927936e-07,1.8466193870568556e-09,2.307572634505085,3.6206878300907086e-05,-1.5035318996478751e-07,3.0748495397325395e-10,0.9669218023778589,8.966062190160843e-06,-4.291765734605055e-07,2.13583696501546e-09,0.9676991051764208,8.96284400233264e-06,-4.2885934980864235e-07,2.1407078542489074e-09,5.038562870542749,-0.0001554611497638962,-5.670412561320402e-07,2.6925344416206358e-09,5.82440591697994,6.747832975331628,8.957714918499115e-06,-4.2915729929963664e-07,2.1359208355261323e-09,0.0001508391413514512,-4.4740098067565976e-07,1.848862488215725e-09,5.515254882559001,3.5055386090681455e-05,1.3252846524382709e-08,-2.8635254133855172e-11,0.0282,-5.729406378327514e-05,-4.989933495069059e-08,5.584427444393841e-10,40420.45,0.19479481409538835,-0.006598712858522744,1.1775053445388142e-05,15.62,0.006142958380952851,6.327537746387128e-06,9.36771518670102e-09,0.052300000000000006,1.2568577310021639e-05,-5.575749754459158e-08,-2.619547772056137e-10,0.010366457966164868,4.989800787912562e-06,7.1699896635740296e-09,-1.988852131267992e-11,0
1990-06-30,0.0848,-1.720408925085556e-06,-1.4734901881041189e-08,-1.4283949496535263e-10,0.009600000000000008,4.183523736160738e-06,-4.899096821356476e-09,-8.163838821543358e-11,-0.0698,1.7522145334288183e-06,7.766895714146988e-09,1.0686046065438133e-10,9.26,-0.00016372872216903478,-1.6673338847598284e-06,-1.2163765790745715e-08,10.22,0.0002546236514470321,-2.157243566895482e-06,-2.0327604612289007e-08,8.48,-0.00016764542081845608,-1.4854385207431534e-06,-1.434719435739409e-08,7.73,-0.0033494728133471098,-9.260259299301356e-06,1.5410099245778725e-08,0.061900000000000004,-7.017605526178354e-05,7.107653551701118e-09,6.978647703507328e-10,2.8803214220426634,-1.3449201700984487e-05,1.0269709496876019e-07,2.759941816752386e-09,4.866764923676554,0.00013860051758231366,-5.59844806249018e-08,-2.769951836544028e-10,-3.4295968561838532,-2.5164486042239465,-1.4599636709227217e-05,-3.498561665519539e-07,-2.5917824438587674e-09,0.00012498941194864985,-4.0458733414485864e-07,-2.882746824294075e-09,3.370738174177447,8.709908564657684e-05,-3.591609000860088e-07,-6.688652691761283e-11,3.971046345877607,-0.00041109011370205756,-3.9620799368095864e-07,2.036225573794203e-09,-2.8302178350764176,-0.0003746924110981847,-4.428730259868718e-07,-7.625030955469124e-10,-0.9131110246673605,9.699494147248268e-05,3.0116467603611505e-07,-7.366329219770805e-11,4.866764923676554,0.00013879478992835856,-5.936756153619138e-08,-2.818221430164031e-10,8.678069943278105,0.00013718764675815925,-1.6677118986483584e-07,2.2247973754038796e-10,8.683083830308002,0.00014041390267338638,-1.6888462434872085e-07,1.844125072423646e-10,1.7706439228756983,0.00012462106238715978,-7.047471880162733e-08,3.0354287864669144e-10,2.5164486042239465,1.459963670922687e-05,3.498561665519528e-07,2.5917824438587637e-09,4.056068163267462,-2.790883164876712,-3.548892440235693e-05,1.5746645633079683e-07,2.30241617940081e-09,-6.479367655724058e-05,-1.6011075978316303e-07,3.081373669862512e-09,-2.7958970519066075,-3.871518031758267e-05,1.5957989081467086e-07,2.340483409698778e-09,2.3105532626432224,2.060877749823879e-05,-1.0577916038324331e-07,5.088497633192993e-10,1.0204218547248396,-3.6901795226510975e-05,4.66797470908571e-08,2.8018911005955623e-09,1.0204218547248396,-3.709606757255398e-05,5.006282800214723e-08,2.806718059957543e-09,4.970414819650576,-0.00020981362049580233,-1.0693961022777848e-07,3.4363058415789515e-09,5.887186778401394,6.801327527363888,-3.6907063610717995e-05,4.6700202028072286e-08,2.8019207809464108e-09,0.00010169872235580302,-9.304733534052384e-09,2.5248959169411575e-09,5.518817426916829,3.632111010775166e-05,9.316041043438207e-09,-3.216539843168404e-11,0.0241,-6.387460739425352e-05,2.1436465677479325e-08,7.162059184863755e-10,40442.72,-0.49762231920608996,-0.004835417629057403,2.0352993181295318e-05,16.95,0.006048912619950564,1.3610577658811545e-05,2.066136398986601e-08,0.0467,7.466406051328633e-06,-9.855635932329643e-08,-2.0382526244684708e-10,0.010934896480998688,5.640815313546903e-06,4.8469625752345326e-09,-2.8605142027108608e-11,0
1990-09-30,0.0889,-6.987661777925708e-06,-3.3617319617416756e-08,-1.0853036443053945e-10,0.0108,3.2348195138077025e-06,-1.4755881015702358e-08,-6.598929478873587e-11,-0.06890000000000002,4.4195443477679944e-06,2.240206805628219e-08,7.763714533899985e-11,9.56,-0.0005694229110772539,-3.0702400723893784e-06,-7.838336224867936e-09,10.64,-0.0002459409596964876,-4.545828173959616e-06,-1.443726570374148e-08,8.89,-0.0006943707061024748,-3.380953584908613e-06,-1.0900543610294289e-08,7.36,-0.004217576917852848,-7.92377236612938e-06,1.9264021993205836e-08,0.056100000000000004,-6.879182550589874e-05,8.785953380691986e-08,6.96362578582195e-10,2.72785282839839,2.0101951340792056e-05,3.982933398387984e-07,2.2296639284130663e-09,4.888090941338162,0.00013120353096763432,-8.898106199100579e-08,-2.112336936184055e-10,-3.283414346005772,-2.3900317846783845,-7.438465847370949e-05,-5.964571689508639e-07,-1.8287570185126438e-09,5.7297900872771425e-05,-6.849716698881822e-07,-2.0503332048910955e-09,3.3638415951183864,5.000656691594371e-05,-3.388962351494155e-07,2.3563700468797566e-10,3.97198858659558,-0.0004426873476034397,-3.5634686711813383e-07,2.1410250868448062e-09,-2.675099100962524,-0.0004363900917931679,-7.018962401741928e-07,-1.2978347811753145e-10,-0.902782613585536,0.00012882097175705588,2.8236969074655053e-07,-3.647800112367953e-10,4.886582645426277,0.00013203945954722157,-9.207531350338863e-08,-2.172346580744996e-10,8.692830458034937,0.0001198426195687538,-1.3035496085618322e-07,4.0503591155304665e-10,8.69812227917502,0.0001222583384284437,-1.389675766741065e-07,3.755206638295254e-10,1.7787567082023936,0.00011955121152387691,-3.761669282265671e-08,3.523687145710038e-10,2.3900317846783845,7.43846584737088e-05,5.964571689508625e-07,1.8287570185126446e-09,4.003968876588497,-2.938957078238166,4.54860582089732e-06,3.879158946576461e-07,1.6593581116475976e-09,-4.3331233076862595e-05,2.758025834565446e-07,2.7482915741899266e-09,-2.94424889937825,2.132886961209862e-06,3.9652851047555914e-07,1.6888733593710791e-09,2.3115448343655176,9.13324962229338e-06,-3.577342062857061e-08,6.428659236667463e-10,0.8657824384586091,-6.812305577979724e-06,3.465419957924632e-07,2.2756277168189985e-09,0.8672907343704942,-7.64823415756663e-06,3.496362473048435e-07,2.281628681275081e-09,4.89971570684654,-0.0001789993841151992,3.690775583456716e-07,3.021313375322291e-09,5.753873379796771,6.64668917154408,-6.811919405386169e-06,3.4656122155531155e-07,2.2755925834118577e-09,0.00012439122538965148,2.5756093380144837e-07,2.0643940232006177e-09,5.52238049492163,3.6826977704064454e-05,6.930642411898074e-09,-2.843744193440354e-11,0.0173,-6.206240805810512e-05,1.1356786298580933e-07,7.399962343073518e-10,40324.96,-1.0284503346112785,-0.0020427512503923555,2.627801848926014e-05,14.51,0.007765819518534145,1.8330480922501908e-05,-3.8530611376776196e-10,0.0616,-3.7269668714221187e-06,-1.216620831828313e-07,-5.930449687559277e-11,0.011399999999999999,5.991376064700055e-06,1.3539220256691736e-09,-3.4394595297979137e-11,2
1990-12-31,0.08070000000000001,-1.3211966996699019e-05,-4.840006141245568e-08,-5.277638452881698e-11,0.01379999999999999,5.254761707867232e-07,-1.9865867416479527e-08,-3.112039631335857e-11,-0.0675,7.248051310313711e-06,3.0735671281968555e-08,4.2167175016241445e-11,9.05,-0.0011085214028758437,-3.7499629112625628e-06,-2.0209842351250707e-09,10.43,-0.001055973785797172,-5.736549652910506e-06,-5.1330238664609e-09,8.08,-0.001321148921361258,-4.85922776441251e-06,-5.278128129175306e-09,6.74,-0.005131077090180079,-6.190693525488283e-06,2.444955808514803e-08,0.044800000000000006,-5.663492203554069e-05,1.6954865386676425e-07,5.326665905226207e-10,2.7631695003232895,0.00014671852706422058,5.547402046908809e-07,7.685014081319934e-10,4.896346147694128,0.00011856560756773882,-1.0709880075942262e-07,-9.379601936587685e-11,-3.302257433807252,-2.41873448278818,-0.00021640570284008377,-6.892653309649898e-07,-2.7547162311971965e-10,-9.758558738408863e-05,-7.972338709257822e-07,-3.782588371278525e-10,3.3765631007037946,1.819653584063663e-05,-2.9433077108906203e-07,4.6161571962245865e-10,3.945070859474346,-0.0005018905812367601,-2.5328889595421054e-07,2.870260916312999e-09,-2.734907655272093,-0.0006185496836139014,-7.536222296495285e-07,2.0450231494122843e-09,-0.8940401229393353,0.00015161001540119935,2.340387548239793e-07,-5.667754818277699e-10,4.8993312245375815,0.000118593647414824,-1.0818325225501279e-07,-9.290069406532516e-11,8.702030913343355,0.0001049254744281164,-7.59080933482287e-08,5.373507455822199e-10,8.706532234621749,0.00010681642677708714,-8.812908114193954e-08,5.211808835309889e-10,1.791759469228055,0.00011791231882325379,2.988249980179976e-09,3.5315932063089884e-10,2.41873448278818,0.00021640570284008274,6.892653309649899e-07,2.7547162311972477e-10,4.003538114263919,-2.9067333298513813,0.00012967676425260747,4.708426532241685e-07,1.9973659715992637e-10,3.5022101730737554e-05,5.771280587215798e-07,1.5541709780485087e-09,-2.9112346511297744,0.00012778581190363395,4.830636410178611e-07,2.1590645921116183e-10,2.302585092994046,7.78214301507471e-06,4.16346599282856e-08,6.394890365078664e-10,0.8989514357978461,0.00011603663111298401,5.020333606353545e-07,8.308833621080071e-10,0.895966358954393,0.00011600859126589917,5.031178121309428e-07,8.299880368074597e-10,4.888103500917667,-8.700468783860299e-05,6.980893473226484e-07,1.6887823184049981e-09,5.795297583491974,6.679862970145722,0.00011603856102844201,5.020487861365194e-07,8.308221164404614e-10,0.00023460223868072006,3.9493455987592754e-07,7.370873427421674e-10,5.5254529391317835,3.6824598829023056e-05,4.8016138626835134e-09,-2.1031681448457825e-11,0.006,-4.6665483755290926e-05,2.0354192590830038e-07,5.556355475874981e-10,39835.53,-1.1287388498024427,0.001121021828902698,2.6577905097032177e-05,15.41,0.01150675191932667,1.860969539375424e-05,-4.7166921731760054e-08,0.0611,-2.2971294992761217e-05,-1.2097738594679093e-07,1.5328031149494318e-10,0.011958160756872688,6.07362472232023e-06,-2.5781581833684654e-09,-3.6566345056316336e-11,2
1991-03-31,0.08109999999999999,-1.6530538660245744e-05,-4.549644665779556e-08,-1.3872071760504516e-12,0.011600000000000001,-2.7285099238978667e-06,-2.0794552278073946e-08,9.909586448029136e-12,-0.0684,1.0417194355436801e-05,2.8116024066445704e-08,2.661096696900127e-12,8.93,-0.0014390166263503965,-3.2783461712294065e-06,2.5468129404222034e-09,10.09,-0.0017118676187401843,-5.357801399036791e-06,3.5377715852251356e-09,8.11,-0.0016573898128052836,-4.568866288946495e-06,-9.191757051725205e-11,5.91,-0.0056121032272646604,-3.686465614922807e-06,2.836838169264503e-08,0.0277,-3.3102453672352434e-05,2.2930714875548423e-07,2.2528441557579675e-10,2.8803214220426634,0.00022920972235195881,5.914263061718795e-07,-5.587236000551523e-10,4.90527477843843,0.00010576043418646166,-1.0935443079715664e-07,3.4859582897574065e-11,-3.4265151896464454,-2.5499395447467252,-0.00030607007404099553,-6.644758587236848e-07,9.887667457766667e-10,-0.0001997948868308702,-7.748866785000107e-07,1.0130470140435534e-09,3.3697067145707846,-6.876960216412736e-06,-2.350426872866267e-07,5.767859789416358e-10,3.917209532115446,-0.000551617670084776,5.2012682249031473e-08,3.769995083895221e-09,-2.8788385220824915,-0.0007453512233713845,-4.846956792850468e-07,4.218514504577872e-09,-0.8830642428110173,0.000170856861832476,1.5689545543982277e-07,-7.096141880365604e-10,4.9037921984782065,0.00010464406306804271,-1.109823771920002e-07,4.5120359021782666e-11,8.700303270578035,9.961267869638968e-05,-1.3352992943182704e-08,5.529530196191722e-10,8.708675988935731,9.993702931318516e-05,-2.4480760960209614e-08,5.582327756443227e-10,1.8045216846194632,0.00011905989413875522,4.165354389211375e-08,3.03921500650285e-10,2.5499395447467252,0.0003060700740409948,6.644758587236856e-07,-9.887667457766601e-10,4.018869971025912,-2.7806570112605247,0.00019958043512819968,4.427861643802546e-07,-9.649337864542713e-10,0.0001301379904309237,6.396965985747048e-07,2.1836769696058732e-11,-2.7890297296182216,0.0001992560845113997,4.5391393239725834e-07,-9.702135424793862e-10,2.2975725511705014,1.951380563760402e-05,1.135677511716134e-07,4.822585261203559e-10,1.0143714808790802,0.0001934326796381246,5.387876022342099e-07,-4.468403497326565e-10,1.015854060839303,0.00019454905075654163,5.40415548629054e-07,-4.5710112585684615e-10,4.8944892229931485,2.2080070168933874e-05,7.642013746105644e-07,6.307503839726269e-12,5.91964625931751,6.795280628883225,0.00019343315130419952,5.387897312138238e-07,-4.468894784258358e-10,0.0002991931138245821,4.294331714370575e-07,-4.119807668350414e-10,5.528158439309967,3.718353411729241e-05,2.9216709425311937e-09,-1.682593621595379e-11,-0.0095,-1.7503536175666926e-05,2.668352548401574e-07,1.8481780907773663e-10,39541.68,-0.707126903267158,0.004161375378047924,2.0650782797310026e-05,17.78,0.014252729011846882,1.2315078076362795e-05,-9.182058806412376e-08,0.049,-3.7705779443924225e-05,-9.476386351241538e-08,3.3651171257417855e-10,0.012818552007466337,5.633092726636438e-06,-6.204984071980924e-09,-3.349276155799495e-11,2
1991-06-30,0.0828,-2.2391561220484236e-05,-3.224454605467795e-08,5.73112104569371e-11,0.00950000000000001,-4.668347112131347e-06,-1.725468525185043e-08,4.007178278629615e-11,-0.0675,1.4729310725642992e-05,2.227960162257279e-08,-3.499131984998463e-11,9.01,-0.0017703470564334994,-2.068079840939475e-06,5.533028979904584e-09,9.96,-0.002237181767646634,-3.7935483661245122e-06,9.540207258534195e-09,8.28,-0.0022434920688291352,-3.236561630861174e-06,5.793721026838988e-09,5.57,-0.005805936039736105,-1.5956153296608351e-07,3.04654190994888e-08,0.027999999999999997,-4.158569687484832e-06,2.403495234894709e-07,-1.5707312638568975e-10,2.8909271591878647,0.00024968831887982985,3.736286617942765e-07,-1.2937441831435805e-09,4.912654885736052,9.556045195504847e-05,-9.299620633498037e-08,1.3243160136113342e-10,-3.438899248846167,-2.5704363760392077,-0.0003265460210391577,-4.071445751502649e-07,1.5633777574666533e-09,-0.00023036906834577806,-5.014595151431933e-07,1.6877527851769955e-09,3.365224721203338,-2.356220726807412e-05,-1.7003321070677196e-07,5.964734702663844e-10,3.834061463958434,-0.0005589103505003551,5.747851176826079e-07,4.271075013476186e-09,-2.9700645268054133,-0.0007661328387356736,2.475343373425925e-07,5.366821937253148e-09,-0.8568511851761965,0.00018594495633975414,7.973651535022668e-08,-7.956989967493836e-10,4.912654885736052,9.47951892329095e-05,-9.562482610370782e-08,1.4342675298893726e-10,8.705360627711421,0.00010541904602528324,5.104773525361634e-08,4.4339890839571975e-10,8.71187734871814,0.00010354496121655898,4.210828229066359e-08,4.704955719345069e-10,1.812993941975039,0.00012530903511201002,6.987063136024523e-08,1.9359129021313741e-10,2.5704363760392077,0.0003265460210391577,4.0714457515026677e-07,-1.5633777574666516e-09,4.063693434627764,-2.769699530468876,0.0001975647677458052,1.860636291898804e-07,-1.4103031955960581e-09,0.00020885586546551607,4.817482710865415e-07,-1.2896178692188412e-09,-2.776216251475594,0.0001994388525545232,1.9500308215282097e-07,-1.4373998591347726e-09,2.305580601973844,3.731464874971793e-05,1.6180130431321883e-07,2.332181989925569e-10,1.0230062115064935,0.00020742336181603718,3.301075707784623e-07,-1.0993358885614367e-09,1.0230062115064935,0.0002081886245381758,3.3273619054719244e-07,-1.1103310401892233e-09,4.932852279944613,0.00011382007519702212,5.885504922723028e-07,-1.4344924036883818e-09,5.935661097242545,6.80391582814069,0.00020742403737775833,3.3009830130635805e-07,-1.0993633732419737e-09,0.00030298381377108355,2.3711136444349132e-07,-9.669042872002723e-10,5.5321238660305,3.7771341081357936e-05,2.0606889525666173e-09,-1.63635388072492e-11,-0.0054,1.603343849138614e-05,2.7225545681690193e-07,-2.6765676311464057e-10,39692.37,-0.03940929369688888,0.00625826911968307,1.0956847643211955e-05,19.49,0.015013065835868668,-2.8114230651351746e-06,-1.1566987837040875e-07,0.047,-4.478914345458687e-05,-3.820328749659855e-08,4.2641699088533487e-10,0.0134,4.694986124782505e-06,-9.510532639525922e-09,-2.562464307180308e-11,3
1991-09-30,0.0765,-2.5882318772111342e-05,-2.774853792375291e-08,1.0098025058478372e-10,0.009000000000000003,-5.473347908436494e-06,-9.334081302624497e-09,5.4894962464438984e-11,-0.06340000000000001,1.6242248029884633e-05,1.908879458728166e-08,-5.220849148732681e-11,8.61,-0.0019249364284141756,-1.354787843318853e-06,6.61445816463543e-09,9.51,-0.0024722712192578266,-2.2881959735812993e-06,1.2103954411079312e-08,7.65,-0.0025925678239918466,-2.7725978877784512e-06,1.0160625039623667e-08,5.22,-0.005765249093831767,3.0819874401628887e-06,3.024359064166025e-08,0.0317,2.4952137962353246e-05,1.9310951240673944e-07,-5.170912403585695e-10,2.9101743851923443,0.0002719300946324377,6.863143891837928e-08,-1.7094340848143768e-09,4.921439715291784,8.722024960341676e-05,-6.73408746113283e-08,1.851624510357723e-10,-3.451438598098902,-2.5919904124688578,-0.000346402994722186,-9.024631758287681e-08,1.7962670226790353e-09,-0.00025890648842634423,-1.6098071493505147e-07,1.9787520889942712e-09,3.3669509429335642,-3.536266488935666e-05,-1.0951116632007468e-07,5.549736201835789e-10,3.7398101827824792,-0.0004881930726893274,1.1326404869073884e-06,3.8553985640933206e-09,-3.079113882493042,-0.000711707445600944,1.0869344022154468e-06,5.275999395407651e-09,-0.8299602954486747,0.000188017422092078,7.284091925134141e-09,-7.763459159661338e-10,4.919980925828125,8.72435762565349e-05,-6.744551399029776e-08,1.9296122045149527e-10,8.72043798921429,0.00011594112574095788,9.837581681719489e-08,2.5742218151963674e-10,8.725088273496025,0.00011350400210510814,9.252932565755421e-08,2.9150257940887263e-10,1.8213926179469861,0.0001358960435854005,8.583310820543402e-08,3.949283934999224e-11,2.5919904124688578,0.000346402994722186,9.024631758287949e-08,-1.796267022679037e-09,4.110387099822488,-2.7614966338118685,0.00019509920409187565,-1.1764066555440598e-07,-1.4987155840151598e-09,0.00024255053457687483,2.076767662648962e-07,-1.985462377141631e-09,-2.766146918093604,0.00019753632772771535,-1.1179417439476501e-07,-1.5327959819042912e-09,2.3105532626432224,5.698280689215296e-05,1.6544482554191348e-07,-3.654072429792916e-11,1.0375016401106372,0.0002238200802294114,4.80760258741169e-08,-1.4264558535312282e-09,1.038960429574297,0.0002237967535762943,4.818066525309264e-08,-1.4342546229469473e-09,4.97329621268624,0.00015675853849723767,2.87919773957601e-07,-2.202925398798257e-09,5.9589413554024215,6.818410272104226,0.00022382005864221983,4.806969172614791e-08,-1.4264485350524908e-09,0.00031104032983282767,-1.9264848737201654e-08,-1.2412934024954515e-09,5.535955364012699,3.7970670918132524e-05,1.3177296836363298e-09,-1.6430601957374672e-11,-0.001,4.799549189691781e-05,2.0642051713084741e-07,-6.786372838893037e-10,39740.9,0.7391177774927826,0.006549364585681218,1.660470553186491e-07,21.73,0.01416205665181601,-2.0112432795568525e-05,-1.1376860653862884e-07,0.0339,-4.5609093552797836e-05,2.2982501104694954e-08,4.108127512522498e-10,0.0137,3.5973716782440006e-06,-1.185543839772464e-08,-1.5664436307715352e-11,3
1991-12-31,0.0709,-2.4437988715964478e-05,-2.2486300168355815e-08,1.183835344153048e-10,0.009499999999999993,-6.031401836462429e-06,-1.237580025383745e-09,5.812223243250308e-11,-0.0612,1.554674572279705e-05,1.389108746789448e-08,-5.775108682722407e-11,8.31,-0.0018035331145452305,-1.0987373341934203e-06,6.15281188529366e-09,9.26,-0.002406673298191474,-1.2224953367317943e-06,1.1965035128543948e-08,7.09,-0.002448134818377158,-2.2390744264403365e-06,1.1890595997290003e-08,4.07,-0.005169417835668725,5.638778670699118e-06,2.6143868379464318e-08,0.0433,4.525772742344375e-05,1.058521551402331e-07,-7.301337739110729e-10,2.914522218128448,0.0002748401617872209,-7.909049117130222e-08,-1.7078783651428108e-09,4.926528784799256,8.280210323841284e-05,-4.583295036500062e-08,1.8283928284901854e-10,-3.460947386067929,-2.606118893770754,-0.0003496208047185045,4.715005718132606e-08,1.6670308807380949e-09,-0.00026662179270551883,-3.3112919262430827e-09,1.8533289194953768e-09,3.3562000157314196,-4.228166935073621e-05,-6.214308665971801e-08,4.79427418269285e-10,3.6251406131469297,-0.00031478751095070023,1.557200724461399e-06,2.4151165306135135e-09,-3.191747157479948,-0.0005387678177886046,1.620807875909994e-06,3.777287265696976e-09,-0.818710403535291,0.00018089306023300525,-7.109987607345887e-08,-6.828973533652213e-10,4.92870191133357,8.236918426319794e-05,-4.267458969908687e-08,1.9295186266769033e-10,8.733261693490476,0.00012889651083891341,1.0882407201091416e-07,4.44944711606026e-11,8.737299655446282,0.00012687347466288634,1.0866413412920972e-07,7.220609299985103e-11,1.8341801851120072,0.0001464299957284143,8.322710186135593e-08,-1.0749048195330754e-10,2.606118893770754,0.0003496208047185041,-4.715005718132517e-08,-1.6670308807380961e-09,4.128138724390166,-2.7709427839883025,0.00017844262452885936,-2.1811721585197682e-07,-1.2320979336294582e-09,0.00023133230844460466,-7.045678807028491e-08,-2.0200690762867338e-09,-2.7749807459441094,0.00018046566070487914,-2.1795727797026141e-07,-1.2598095554686197e-09,2.3145136638593193,7.6224591938822e-05,1.3208253413659675e-07,-2.5951766207252095e-10,1.035790124702917,0.00022453703212935213,-6.34601934760564e-08,-1.3704427453177995e-09,1.0336169981686039,0.00022496995110456874,-6.661855414196191e-08,-1.3805553251364732e-09,4.982522836235544,0.0001500389703857241,-1.8210801922029178e-08,-2.240984669673377e-09,5.962318909502173,6.816703021347552,0.00022453422827961865,-6.345833751416531e-08,-1.3703963059920486e-09,0.00030733913536776654,-1.0929314384104775e-07,-1.1876034624687965e-09,5.539418707236024,3.7831522489977645e-05,-4.442051799415012e-10,-1.640041357971901e-11,0.011699999999999999,6.937638602784717e-05,9.52448917417447e-08,-9.081887131386631e-10,39741.71,1.5259372635561022,0.0053751359883042575,-8.966723809876717e-06,24.33,0.010833944007999599,-3.179537595695431e-05,-8.295265255435183e-08,0.030600000000000002,-3.699133593894821e-05,6.38845158810015e-08,2.850862710440644e-10,0.0141,2.3687165066547474e-06,-1.2518177209007109e-08,-4.8568958475114615e-12,3
1992-03-31,0.0754,-2.5162275239609513e-05,-7.627764868660737e-09,1.5896911118286027e-10,0.009000000000000003,-5.880263120106319e-06,3.41576864529337e-09,4.892077475702484e-11,-0.062200000000000005,1.6351486479783005e-05,7.494573261099395e-09,-8.300243885850291e-11,8.35,-0.001756399029813141,-6.953601166500237e-07,7.483204002334989e-09,9.25,-0.0023444253418237722,-3.5378325212068735e-07,1.237528147803745e-08,7.54,-0.0025184014370044317,-7.532208964708208e-07,1.5917990467751556e-08,4.04,-0.004312988389609915,8.054900438920039e-06,2.04127641656933e-08,0.054299999999999994,4.870626783527712e-05,4.970668533000174e-09,-7.106731382643485e-10,2.9590682891823996,0.00023244006826375895,-1.5509648338598127e-07,-1.2370931132919145e-09,4.93662988078576,8.222036969845609e-05,-2.8851826603900253e-08,1.3627557070311612e-10,-3.4966075664668135,-2.653846035473763,-0.000312101441178678,9.888315203272399e-08,1.165640617870549e-09,-0.00023056606533936874,6.680575847934441e-08,1.3158143508963678e-09,3.3558512798952784,-4.445836013661636e-05,-2.689182647305191e-08,3.9468439209094166e-10,3.628598523229006,-0.00010063179742737932,1.7359218032657987e-06,5.464141863380874e-10,-3.2264040912889924,-0.00028515610497457586,1.8320569084189001e-06,1.4446481949164497e-09,-0.8088413777003529,0.00017175818926642923,-1.383575191434064e-07,-5.746128274561972e-10,4.935193098929397,8.116463607836938e-05,-2.5959979421165334e-08,1.4831294529671885e-10,8.74266044085159,0.00014276932846201407,8.883629428790255e-08,-1.4201626817099365e-10,8.747949452385809,0.0001410080906643782,9.291488566546761e-08,-1.25264481828287e-10,1.8484099573490849,0.0001550620374956596,5.8191469851492115e-08,-2.0783066757403232e-10,2.653846035473763,0.00031210144117867835,-9.888315203272462e-08,-1.165640617870553e-09,4.140158448483046,-2.732963125482548,0.00012487375258004793,-2.1461127279369673e-07,-6.289399576086148e-10,0.000197550408585484,-2.6001230568861503e-07,-1.624303109007109e-09,-2.738252137016767,0.00012663499037767964,-2.1868986417123503e-07,-6.456917439512703e-10,2.3263016196113617,8.843455789101472e-05,8.434751155012759e-08,-3.5892321143332995e-10,1.0730674345832816,0.00018542271134360262,-9.692315190187983e-08,-9.072317964826857e-10,1.0745042164396446,0.00018647844496369072,-9.981499908461235e-08,-9.192691710762944e-10,4.986153977934507,0.00011845352795368733,-2.3075024919605126e-07,-1.8050609183599622e-09,6.009697315369042,6.85397468329749,0.0001854193947441879,-9.691466769535958e-08,-9.071826231858558e-10,0.0002676430810420599,-1.2577497850577592e-07,-7.709562257795845e-10,5.542400153875902,3.768373630790439e-05,-2.7429593686907332e-09,-1.6551638748156e-11,0.0286,7.029290191870377e-05,-2.6350180903807212e-08,-8.558980023294532e-10,40097.63,2.0330685164443536,0.0036101139166872464,-1.3174715780740585e-05,25.16,0.0057689691634096405,-3.703202769809601e-05,-3.4626777086684996e-08,0.0319,-2.417560617097325e-05,8.317921499797861e-08,1.0243984986121363e-10,0.0143,1.0048841439694149e-06,-1.205319025378774e-08,5.867279394715665e-12,0
1992-06-30,0.0726,-2.982793325309362e-05,5.75928803199766e-09,2.3030822451695776e-10,0.0083,-4.800393714149957e-06,6.303291438872344e-09,2.938336392734466e-11,-0.060300000000000006,1.864969744755919e-05,3.6980376179945258e-09,-1.2738118411761243e-10,8.22,-0.0020196559178526376,-2.974859194738762e-07,1.236264062530998e-08,9.05,-0.0024996952892676325,3.3284322441335616e-07,1.5300977018044437e-08,7.26,-0.0029827933253093646,5.854843935950227e-07,2.3020535104599224e-08,3.66,-0.0036049653498477453,9.692195407434931e-06,1.614517894501628e-08,0.056100000000000004,3.821735240288343e-05,-8.0764597509524e-08,-4.907902298520418e-10,2.960623096440423,0.00020548106339952492,-2.6682110746020014e-07,-8.45688611912156e-10,4.94306997460049,8.069553638250585e-05,-1.7877507192909823e-08,8.717766586857125e-11,-3.499913354601313,-2.6627266336965607,-0.0002918339334737452,1.9362904465212844e-07,8.331993191379339e-10,-0.00021278315763182537,1.7452015284302966e-07,9.42438376306992e-10,3.349202086543775,-4.39558024777853e-05,4.2942961650105765e-09,3.3288959289648485e-10,3.6740195912069122,8.41125329617845e-05,1.5918387937283075e-06,-1.0201631348409178e-09,-3.1748589394514264,-8.273271120059697e-05,1.762460547315465e-06,-4.3545565131053556e-10,-0.7885797309986692,0.0001569295386978,-1.7962643088924358e-07,-4.36985874341474e-10,4.942356453342962,8.05992713077082e-05,-1.6217318191591105e-08,9.086601157372771e-11,8.758271273278757,0.00015194134782596096,5.679370425449272e-08,-2.347605599747261e-10,8.763402432599467,0.00015061813324385165,6.05765490744471e-08,-2.33951296930749e-10,1.8665204919984677,0.00016052566204827965,2.2244260896375023e-08,-2.402951218084424e-10,2.6627266336965607,0.00029183393347374554,-1.9362904465212788e-07,-8.331993191379377e-10,4.151744656671154,-2.7463425530384202,9.59367831699965e-05,-2.461284527416269e-07,-2.6554916626669107e-10,0.00015580681561487079,-3.4494141697523664e-07,-1.0720283593756298e-09,-2.751473712359131,9.725999775210305e-05,-2.499112975615543e-07,-2.663584293106503e-10,2.336986519711378,9.021082776884439e-05,3.5858814521247404e-08,-3.1529689597087317e-10,1.0688587456398462,0.00016718259461345042,-1.7145724129420305e-07,-5.874873921099832e-10,1.0695722668973746,0.00016727885968825085,-1.7311743029552244e-07,-5.911757378151544e-10,4.991456031739051,7.796869203531426e-05,-3.280442852403206e-07,-1.197331623215538e-09,6.011928720240336,6.849765931777366,0.0001671824814369921,-1.7144102410447883e-07,-5.87478379484524e-10,0.0002478781309959571,-1.8933474848711452e-07,-5.003097262414241e-10,5.545958389462633,3.752001402289318e-05,-4.5096973959285275e-09,-1.548013824562292e-11,0.0317,5.433879032980957e-05,-1.2602942977776213e-07,-5.625187340375499e-10,40388.05,2.1237069084388396,0.0017584198183280074,-1.1659258271365979e-05,23.95,0.0015566317423765714,-3.6226571700814485e-05,6.513096377913413e-09,0.030899999999999997,-1.5200158912917298e-05,7.715051548355136e-08,-4.9512198819117024e-11,0.0139,-1.350086855698773e-07,-1.1008411277651129e-08,1.4201724137169745e-11,0
1992-09-30,0.0642,-2.9546182356681175e-05,2.4573040489920922e-08,2.678489149078469e-10,0.006999999999999993,-3.7385049447008224e-06,8.95609729121208e-09,1.0578969279821131e-11,-0.0566,1.9127136516175773e-05,-6.156385103266114e-09,-1.6232311281660268e-10,7.92,-0.002190244266404623,5.797150014549281e-07,1.7342483939310896e-08,8.62,-0.0025640947608747064,1.4753247305761283e-06,1.840038086729302e-08,6.42,-0.0029546182356681187,2.464470795289287e-06,2.6764029460020622e-08,2.91,-0.002656562338311747,1.0379858011595705e-05,1.2011025456113657e-08,0.0581,2.1801600074972853e-05,-1.1728624412807254e-07,-1.7718177518615338e-10,2.9811261211646287,0.00020234340008903895,-3.33450308244602e-07,-6.984488897564502e-10,4.950885289690482,7.860426374183272e-05,-1.7037655900743534e-08,5.4440531130890835e-11,-3.519980917652122,-2.6891841733994473,-0.00029881952941338344,2.6300250934166816e-07,7.97333303973209e-10,-0.00022164955053286043,2.479133674308242e-07,8.706097923692169e-10,3.3474449256629084,-4.343286384144371e-05,2.952975862501035e-08,2.9904615561022106e-10,3.72255598047332,0.0002292609369631868,1.2507854668751053e-06,-1.904987090821507e-09,-3.144232281872435,5.2172562813356664e-05,1.4653756871824102e-06,-1.3493902956197363e-09,-0.7682740321005528,0.0001347213313031571,-2.087315256706225e-07,-2.65885286503044e-10,4.9494688588587685,7.971795778887459e-05,-1.355150866958544e-08,4.701840480986589e-11,8.775049309444507,0.00015261079798554455,2.2330831328352503e-08,-2.1332704604155297e-10,8.779991054174094,0.00015225868522390497,2.3866580484259446e-08,-2.2935408150156072e-10,1.8848396462657004,0.00016003406744740588,-8.495097774332707e-09,-1.9265574099182265e-10,2.6891841733994473,0.0002988195294133831,-2.6300250934166716e-07,-7.973333039732084e-10,4.163949949197038,-2.7384202103821518,0.00010277586758639206,-2.558035820450181e-07,-2.849601023213845e-10,0.00011906608124531565,-3.851572220259753e-07,-5.753985362351948e-10,-2.7433619551117383,0.00010312798034803374,-2.573393312009084e-07,-2.6893306686141955e-10,2.34660197841082,8.76535945787571e-05,2.2578736055286106e-09,-1.9214611583077649e-10,1.0857438093718739,0.00017678240183010424,-2.1643509481590815e-07,-5.527276794938555e-10,1.0871602402035874,0.0001756687077830648,-2.1992124204706457e-07,-5.453055531728418e-10,4.997567354165272,4.164410223698525e-05,-3.730494799088064e-07,-6.455003507214435e-10,6.036629099062355,6.866651994903683,0.00017678528973806839,-2.164158577633445e-07,-5.527690792704199e-10,0.00025538666557193835,-2.3347275071665177e-07,-4.982871483629737e-10,5.549815111358774,3.702266401413787e-05,-5.489335086886889e-09,-1.1672908142421727e-11,0.036699999999999997,3.1844743666506036e-05,-1.656008811129059e-07,-1.65594189107805e-10,40630.75,2.0555970521647167,0.00046478565494307775,-7.028198782857377e-06,23.2,-0.0013386467900555698,-3.0340771762876202e-05,2.9498475158773354e-08,0.029900000000000003,-8.926457441919588e-06,5.127932283760482e-08,-1.3667498933592915e-10,0.013999999999999999,-9.866508389389536e-07,-9.16876823963058e-09,1.9482333166735316e-11,0
1992-12-31,0.0677,-2.5587571948320242e-05,6.104019484706094e-08,2.421914174265967e-10,0.0083,-3.2917855913528078e-06,9.31359510372742e-09,-2.093389862400243e-12,-0.05970000000000002,1.865289894571583e-05,-2.863937962785354e-08,-1.7250051589386168e-10,7.98,-0.002139095367786016,2.8661211684275713e-06,1.881163386085617e-08,8.81,-0.002468273926921298,3.7974806788003043e-06,1.860229487461617e-08,6.77,-0.002558757194832023,6.1064214543211904e-06,2.4198279711895576e-08,3.22,-0.0015387023888053263,1.122856087901068e-05,6.754258928664217e-09,0.0664,3.779867471629425e-06,-9.861795821716614e-08,1.1450483499697948e-10,3.017982882488811,0.00017849255722979726,-3.584235018724703e-07,-3.570223784018541e-10,4.955122584165997,7.765512271007622e-05,-1.857262703880006e-08,3.4610206603200814e-11,-3.561366133814977,-2.734661373179114,-0.0002848020292311283,3.090973102157719e-07,5.537567091402473e-10,-0.00020773601867108484,2.9656742410601516e-07,5.986333210919629e-10,3.342154841028372,-4.022139691702981e-05,5.2605048157092916e-08,2.6685780842313863e-10,3.775057150354989,0.00031145366166739975,9.58844875757925e-07,-1.9167726015849118e-09,-3.128121461599737,0.00014461959189865579,1.1955675085744238e-06,-1.5932535956865449e-09,-0.7592869830644904,0.00011245090025240653,-2.3049428301421355e-07,-1.1027648532744473e-10,4.957937505095806,7.845485181366616e-05,-1.3648636732128762e-08,2.4362446310813523e-11,8.78975771742089,0.00014991942534754303,-2.262505494534154e-09,-1.2759472756739688e-10,8.794196093976193,0.0001497009561924556,-3.2621970740378778e-09,-1.4897164320972172e-10,1.8991179875485542,0.00015437437298685582,-2.5510408177066953e-08,-8.96199983496884e-11,2.734661373179114,0.0002848020292311279,-3.0909731021577197e-07,-5.537567091402479e-10,4.177698226658931,-2.712941503213404,9.466120696655089e-05,-2.542297565641471e-07,-1.5930417314965233e-10,9.494407054201279e-05,-4.139671870897344e-07,-1.6582467308398934e-10,-2.717379879768708,9.487967612164458e-05,-2.532300649846257e-07,-1.3792725750741202e-10,2.3570732782781154,8.395008692425182e-05,-2.940619710084554e-09,-6.282421256992838e-11,1.1216936300414886,0.00016692550960402207,-2.3791963501987447e-07,-3.215091073203123e-10,1.118878709111679,0.00016612578050043247,-2.428436253265445e-07,-3.1126134702792614e-10,5.0034840361927815,1.839118480392657e-05,-4.0453386193987423e-07,-1.974301561982416e-10,6.0768162142074855,6.902602023741336,0.0001669310083359521,-2.379095699731641e-07,-3.215915746688628e-10,0.0002445806323140981,-2.5649226205867015e-07,-2.868989007171074e-10,5.5531921160237,3.6200914510465394e-05,-6.2629237845507825e-09,-5.737706173008066e-12,0.0438,8.3495097486064e-06,-1.3788745304568962e-07,1.9325853194127557e-10,40915.15,1.952903419211782,0.00030809286815258985,-2.181804407527962e-06,22.82,-0.0033345540426983956,-2.4349528204069368e-05,3.8269471568515694e-08,0.028999999999999998,-5.464840655284973e-06,2.7461839437733683e-08,-1.529623157205954e-10,0.0139,-1.7524353039393852e-06,-6.834397000018584e-09,2.290087831060207e-11,0
1993-03-31,0.059800000000000006,-1.9438732073535967e-05,9.909100234539529e-08,1.5473495814701814e-10,0.005700000000000003,-2.467699841037546e-06,7.077521900031025e-09,-1.2774266025567714e-11,-0.0538,1.6517972218843275e-05,-5.4746970017267016e-08,-1.4284930387335812e-10,7.58,-0.0018659617895562142,5.959765337208733e-06,1.5230995860467625e-08,8.15,-0.0021127317736599717,6.6675175272118335e-06,1.3953569257910892e-08,5.98,-0.0019438732073535927,9.909100234539533e-06,1.545521616470419e-08,2.95,-0.0005350269836687669,1.2227912476505894e-05,8.884819989635439e-10,0.0576,-7.479888571804453e-06,-5.088317848578027e-08,2.7021275768866534e-10,3.0373539482448106,0.00012619609256734053,-4.2415275014824434e-07,2.882068013441217e-10,4.9670316566141235,7.598764495321333e-05,-1.517500897818296e-08,3.2339299176959567e-11,-3.586322865788844,-2.771700543835182,-0.00023620005358148609,4.0862784589925273e-07,-6.087361797025281e-11,-0.00016024109923998414,3.9964195101312116e-07,-2.7930044695345265e-11,3.3379025312898416,-3.364579196564535e-05,7.990878371535257e-08,2.328665515137088e-10,3.8015382722528743,0.0003407504865190612,7.94248444749878e-07,-1.3267881527702096e-09,-3.1212954965293367,0.00021419708768355764,1.1088886412588074e-06,-1.5860020971334235e-09,-0.7529689872207792,9.213691941288293e-05,-2.3310299579163316e-07,1.863730827961965e-11,4.964940334834126,7.631297817588812e-05,-1.3459835072812519e-08,2.1682886825742638e-11,8.806993468886937,0.00014668762570289596,-5.383425104070085e-09,-3.734983846970733e-11,8.811519939037009,0.00014593385219129063,-9.653724679677008e-09,-5.126123122955544e-11,1.911938390686424,0.00014822706232331498,-2.5203184890109122e-08,7.307264494568037e-12,2.771700543835182,0.0002362000535814864,-4.0862784589925257e-07,6.08736179702471e-11,4.18911902730192,-2.6973903937619137,5.586663591294304e-05,-3.233356370798297e-07,3.3109000795370906e-10,6.417215265130533e-05,-4.2908048268929617e-07,3.8317439802498375e-10,-2.7019168639119857,5.6620409424549754e-05,-3.190653375042134e-07,3.4500140071348963e-10,2.3589654264301534,8.197917628472543e-05,1.2114511416622847e-08,2.1561230527720406e-11,1.1425714185109,0.00012656661666262775,-3.1354405320571357e-07,2.614008703069847e-10,1.1446627402908973,0.00012624128343995453,-3.1525922711108465e-07,2.720572826581944e-10,5.0072780353579995,-1.092234543982537e-05,-4.205112735591708e-07,3.6809302932603415e-10,6.109603075125023,6.923480979443619,0.00012657313411241073,-3.1355019705252994e-07,2.613006863283157e-10,0.00020255426161584072,-3.28719062183894e-07,2.9374016948394956e-10,5.556094201756597,3.5472776399490816e-05,-6.9925401016204575e-09,-2.936053530456394e-13,0.0332,-6.285777273708416e-06,-7.451802778389328e-08,3.8381662109799253e-10,40865.8,1.917442885008518,0.0009525896153934038,8.950438943933383e-07,22.69,-0.004751284805402073,-2.1505356232103157e-05,3.991939121000499e-08,0.030899999999999997,-6.599067677965297e-06,1.3767655695406768e-08,-1.0625367547551341e-10,0.0138,-2.3404661849139494e-06,-4.5591892754752335e-09,2.434967731531616e-11,0
1993-06-30,0.0596,-7.812915860763226e-06,1.1476982454736648e-07,-1.3138811092628591e-11,0.007400000000000002,-1.2819483944165341e-06,4.870247972719225e-09,-2.0162622316610226e-11,-0.05280000000000001,9.808910266303063e-06,-7.163851444320378e-08,-5.160948326602301e-11,7.33,-0.001174765208359635,8.014942303032252e-06,4.822124914372071e-09,8.07,-0.0013029600478012924,8.501967100304179e-06,2.8058626827110886e-09,5.96,-0.0007812915860763187,1.1476982454736647e-05,-1.3243850844994438e-09,3.07,0.000523403233457103,1.23952240121744e-05,-7.407652024157214e-09,0.052300000000000006,-5.815117111380834e-06,-1.0258805212184817e-09,2.333659520665437e-10,3.0257763949023677,7.870171637072778e-05,-4.451932284542357e-07,1.0281902620086525e-09,4.972587226458726,7.350234392504567e-05,-1.016064010415829e-08,4.21924393667273e-11,-3.579128590154817,-2.7691575756790834,-0.0001876565588429302,4.622697898001204e-07,-8.511003388125335e-10,-0.00011281620439383272,4.553939745233784e-07,-8.219227885573402e-10,3.3357695763397,-2.6321440653947343e-05,1.0352315685245824e-07,1.9983680605623749e-10,3.7699985053987284,0.0003867696142273544,7.535267853838442e-07,-9.368284948758722e-10,-3.144232281872435,0.0002987001415020729,1.1028894144425813e-06,-1.9421774125163743e-09,-0.7464094821894167,6.998888536974141e-05,-2.1940698847768053e-07,1.4501923351686124e-10,4.971894465779825,7.490251611941348e-05,-1.2373375713495832e-08,2.5729296348662844e-11,8.814250033077753,0.00014529766025611206,7.546753705790003e-09,1.650678793341674e-11,8.81976363005632,0.0001437092382007038,1.1244487126937956e-09,1.500146595078102e-11,1.9230387812898393,0.00014553103242277363,-9.814715530371977e-09,4.897138785340945e-11,2.769157575679083,0.00018765655884293056,-4.622697898001198e-07,8.511003388125278e-10,4.1858755129222605,-2.70932288105897,1.6037457932870093e-05,-3.662933866534426e-07,1.034430356935371e-09,1.3579828305131796e-05,-4.2596283966860086e-07,1.233572067118536e-09,-2.7148364780375367,1.7625879988281135e-05,-3.598710816603575e-07,1.0359356789179504e-09,2.3646204839134985,8.462608230198309e-05,2.814859385016204e-08,2.3025016004586234e-11,1.1323399255600572,8.783277426393631e-05,-3.4858599284350277e-07,1.0087447055020328e-09,1.133032686238958,8.643260206957128e-05,-3.463732572341646e-07,1.0252078485200762e-09,4.997794994009003,-6.071744478649624e-05,-4.1693011099870356e-07,1.2254689021015326e-09,6.104927152018783,6.913250154464098,8.783774297077413e-05,-3.486068926784566e-07,1.0086699784988937e-09,0.00016133511818898494,-3.5874663294765937e-07,1.0509371448687458e-09,5.559219023464848,3.50336987597101e-05,-6.829838498366652e-09,3.241846584986524e-12,0.0281,-5.457110288519684e-06,-9.008093590575052e-09,3.428991217268227e-10,40974.13,2.060998288204354,0.0015853058385868694,6.615028727860904e-07,23.18,-0.006330144496435675,-2.0231359702951212e-05,4.583573910546109e-08,0.03,-7.631121614367059e-06,7.976846819573272e-09,-4.492595781382904e-11,0.0134,-2.6501970337752297e-06,-2.2386371180316745e-09,2.3211387549208296e-11,0
1993-09-30,0.0536,8.559357820662528e-06,1.0372280483932062e-07,-2.3291806771176887e-10,0.006799999999999997,-9.11824590230758e-07,3.069298326660181e-09,-1.8091021414774736e-11,-0.04609999999999999,-9.774843250398916e-07,-7.415002713494421e-08,8.302346789450512e-11,6.66,1.4116623769853954e-05,8.087900067358524e-06,-1.1283565663204254e-08,7.34,-7.706583525322469e-05,8.394829900024549e-06,-1.3092667804681708e-08,5.36,0.0008559357820662541,1.037228048393205e-05,-2.3294490371360745e-08,2.95,0.0018170144083606155,1.1481893264728527e-05,-1.9701754498013426e-08,0.048,2.5956619566165888e-06,2.8137056459455457e-08,6.635425484031836e-11,3.0440461338325417,3.3637516020221246e-05,-2.9868591055633825e-07,1.8538533832201992e-09,4.977423159890142,7.248121675475713e-05,-5.212025073668084e-09,4.563759880664631e-11,-3.600868576791223,-2.798798031860002,-0.00013588969090533656,3.3102301137067313e-07,-1.8001935817937817e-09,-6.155212001440688e-05,3.275901892358612e-07,-1.7730983467959232e-09,3.3307749173656096,-1.4163570317023838e-05,1.171474610863817e-07,1.4528892604603393e-10,3.819469023817538,0.00047517183706880797,8.194572166145139e-07,-1.2206353852573095e-09,-3.114515809543958,0.00042632198723240586,1.027430423632053e-06,-3.121145408307946e-09,-0.740463835430465,4.813464611821312e-05,-1.997809766427613e-07,2.505128065231269e-10,4.976733742420574,7.445510466173241e-05,-7.5468730971606e-09,2.8196623952272486e-11,8.825991586711746,0.0001473942427663452,2.0746786138206874e-08,4.8647572119227596e-12,8.830483067299564,0.00014502489134873703,1.558312182681283e-08,1.8547158534252594e-11,1.934228531651182,0.0001468754078189711,7.778737231000776e-09,2.5579547296102222e-11,2.798798031860002,0.00013588969090533656,-3.3102301137067445e-07,1.8001935817937784e-09,4.182960142157532,-2.6964186374861345,-2.566812217803631e-05,-2.3462233642248756e-07,1.9406177506279008e-09,-3.813559803828165e-05,-3.2929672529145053e-07,2.23355429546803e-09,-2.7009101180739523,-2.329877076042118e-05,-2.2945867211110596e-07,1.926935349305524e-09,2.3693087250369538,9.132941359796219e-05,3.3574409073184535e-08,-5.051462893921169e-11,1.152149789335469,4.924490383355403e-05,-2.0866352521062556e-07,1.8998449090331695e-09,1.1528392068050368,4.7271015926581006e-05,-2.063286771871335e-07,1.917285883887517e-09,4.988818228313328,-0.00011220931928313665,-3.210601998483023e-07,2.2294770519471e-09,6.1295729492256115,6.9330623369086455,4.9245706086789576e-05,-2.0869273391016063e-07,1.8998335301293734e-09,0.00012172612058831411,-2.138755502842901e-07,1.9454825078397926e-09,5.562756400269418,3.4450205398929565e-05,-5.63849897194013e-09,6.191519498323349e-12,0.0229,4.045977762298387e-06,3.10577059151008e-08,1.4272768915835526e-10,41025.27,2.3769801319308614,0.0017452376962026623,-2.566325953843161e-06,22.5,-0.008604959602593568,-1.7924361383580965e-05,6.476551378252793e-08,0.0269,-6.457053357377827e-06,1.2314424610751862e-08,-7.715718792941471e-12,0.013000000000000001,-2.7193464127012113e-06,8.661478375873584e-11,1.9948341088938274e-11,0
1993-12-31,0.057699999999999994,2.273133376286643e-05,6.662894762658788e-08,-4.0253567037321085e-10,0.007600000000000007,-1.1853477694611335e-06,6.173575680201255e-10,-9.057765255267602e-12,-0.04990000000000001,-1.1399080210942316e-05,-5.8019202691612324e-08,1.994785552665401e-10,6.93,0.0012341270636541223,5.997607325033565e-06,-2.6063165641725948e-08,7.69,0.0011155922867080088,6.059343081835586e-06,-2.696894216725271e-08,5.77,0.002273133376286643,6.66289476265877e-06,-4.0253567037321074e-08,3.06,0.003105742191902669,9.346946628138484e-06,-3.282197613942584e-08,0.049800000000000004,1.111270690969719e-05,1.8752274693675114e-08,-1.0769188279578145e-10,3.052112606990099,-1.229390315149459e-05,-3.141708312514689e-08,2.579119855535891e-09,4.982235819574558,7.299829390589873e-05,-2.5906870978824684e-10,3.6517195601452985e-11,-3.6119184129778077,-2.8136611326305565,-8.243369327187028e-05,6.211474638860114e-08,-2.6642476960553794e-09,-8.729015820983094e-06,6.144097721190044e-08,-2.6371151262893858e-09,3.3304171996011083,-1.71066226796468e-07,1.2904988020992668e-07,8.66805728309486e-11,3.884651808632014,0.0005674912545064719,8.106605005840455e-07,-2.061023562122439e-09,-3.0576076772720784,0.000558889791103383,7.433537040414592e-07,-4.7783926598268206e-09,-0.7360546815712219,3.042849444512656e-05,-1.7170275652303938e-07,3.082099494935486e-10,4.9856593080260785,7.362501510297867e-05,-2.2837811166546754e-09,3.0891830158600896e-11,8.836678826302535,0.00015241568806004664,2.3725773798507383e-08,-6.450847916504852e-11,8.841918704636925,0.00014922935843126873,2.1636303023975215e-08,-3.6159101687426495e-11,1.9473377010464987,0.00015087861789644038,1.2246157585420176e-08,-4.168429697181507e-11,2.8136611326305565,8.243369327187028e-05,-6.211474638860368e-08,2.664247696055377e-09,4.196740631185166,-2.692600494070871,-7.015306101497456e-05,4.320936002282044e-08,2.815436748051357e-09,-7.9297296484699e-05,-4.7211332458293626e-08,3.127343960716903e-09,-2.6978403724052593,-6.696673138619526e-05,4.52988307973471e-08,2.787087370573747e-09,2.382320061012899,9.773914608379348e-05,2.3076455162941432e-08,-1.327628313426455e-10,1.1618425126571066,9.264333139173685e-06,6.719420253111204e-08,2.714411073284878e-09,1.1584190242055858,8.637611942095835e-06,6.921891493797268e-08,2.720036438727707e-09,4.99541785912026,-0.0001526961421687456,-4.030875006697654e-08,3.1192952950791848e-09,6.144078332231665,6.942755560166758,9.260630671834024e-06,6.716786743944578e-08,2.7144688331463126e-09,8.226262704507382e-05,6.693513382132227e-08,2.7509282688863176e-09,5.5658605051589305,3.370139357916704e-05,-4.591463351803645e-09,8.778474112745487e-12,0.026099999999999998,1.4254062110416503e-05,2.5624828290029177e-08,-7.22339502365504e-11,41453.64,2.6783327772050027,0.0012471690271497336,-6.028215761299637e-06,21.29,-0.010874861648670584,-1.2041039608033838e-05,9.126936983181326e-08,0.0275,-4.866688032733549e-06,1.909072114485106e-08,2.879089003705762e-12,0.0127,-2.562710794939285e-06,1.9858802868323317e-09,1.5034907044699264e-11,0
1994-03-31,0.06480000000000001,2.722948398517917e-05,6.174740841570498e-09,-4.439640114477258e-10,0.006500000000000003,-1.4287704195124394e-06,-7.005393863276541e-10,3.378247491130826e-13,-0.05390000000000001,-1.6459720805795306e-05,-2.3523612535933632e-08,2.494814623467597e-10,7.48,0.0017805653604487965,1.793041216586524e-06,-3.2442102010060925e-08,8.13,0.001637688318497553,1.7229872779537627e-06,-3.2408319535149626e-08,6.48,0.002722948398517916,6.17474084157038e-07,-4.439640114477253e-08,3.5,0.004020753718745986,5.4913452967555045e-06,-4.186473244991082e-08,0.0574,1.4023116053891072e-05,-2.2343614117091734e-08,-1.9056015878940693e-10,3.0363942552728806,-1.3183218626347526e-05,2.82917305696446e-07,2.6957946350341575e-09,4.991792206294776,7.40253442001515e-05,3.0997997468036884e-09,2.030216272703412e-11,-3.5972122655881127,-2.8083424783928077,-7.903352386967114e-05,-2.722848583941721e-07,-2.8544483984193605e-09,-4.765255085300429e-06,-2.725855773029184e-07,-2.837657437889377e-09,3.3311325072138684,1.107362625018954e-05,1.350024957394027e-07,6.510071938022218e-11,3.912023005428146,0.0006628725167775872,5.537253921213345e-07,-3.1993587094857235e-09,-3.0159349808715104,0.0006466749017854558,1.4959870345630165e-07,-6.0971891324095426e-09,-0.7333401152589314,1.6526846949072548e-05,-1.3528720378150863e-07,3.231430104711675e-10,4.991112627607392,7.331159163302125e-05,-1.2328190911114646e-09,2.7210033890272484e-11,8.85562607613875,0.0001571643954465435,1.1674586502819171e-08,-1.3786216735416363e-10,8.85856142306968,0.00015391313884920293,1.3059515696623131e-08,-1.0559277609231923e-10,1.9611067223754564,0.00015479449453764844,-1.1477469394012541e-09,-1.0700763071972618e-10,2.8083424783928077,7.903352386967079e-05,2.7228485839417027e-07,2.854448398419362e-09,4.202951847145469,-2.7161510905320734,-6.705724532668038e-05,3.95612767630759e-07,3.0574112851536942e-09,-9.602287636399851e-05,3.7308210065841125e-07,3.5651260839524716e-09,-2.7190864374630053,-6.380598872934261e-05,3.9422783843694385e-07,3.02514189389191e-09,2.392425796993835,9.982082184794571e-05,-3.117378588305133e-09,-1.598676663921114e-10,1.1476827793119002,1.6081805919708655e-05,4.0418755438677424e-07,2.8992469550725533e-09,1.148362357999284,1.679555848683994e-05,4.0852017322467835e-07,2.892339083909301e-09,4.994602862530095,-0.00016841130936995352,3.802511920160507e-07,3.545242988628423e-09,6.139474985606676,6.928596582353785,1.6074708644588098e-05,4.0417517852764603e-07,2.8993531077337385e-09,9.010715011986136e-05,4.0728735413356955e-07,2.9195491177995785e-09,5.568497163863675,3.328644494654531e-05,-4.142619942450744e-09,8.962180536745852e-12,0.034300000000000004,1.830256884245851e-05,-1.707555876846992e-08,-1.8513333761283187e-10,41746.67,2.787920820095832,0.00011253925491270141,-7.076912503078648e-06,20.42,-0.012301290755320637,-9.119543080464285e-07,1.1159210377194287e-07,0.025099999999999997,-2.1235747668120162e-06,1.9120710310234932e-08,-1.1577329262829264e-11,0.0125,-2.2118809405456347e-06,3.1938600398149503e-09,9.032609755163551e-12,1
1994-06-30,0.071,2.2736650731476368e-05,-5.814533864674552e-08,-3.5361608465805806e-10,0.006800000000000006,-1.5413626581916353e-06,5.956434216210875e-10,8.50475633798148e-12,-0.058300000000000005,-1.6245169656461542e-05,1.5454151489150773e-08,2.1988815257084057e-10,7.97,0.0016197462278905311,-3.2169519634323157e-06,-2.8522293828887923e-08,8.65,0.0014656099620713695,-3.157387621270209e-06,-2.7671818195089796e-08,7.1,0.0022736650731476336,-5.8145338646745525e-06,-3.536160846580573e-08,4.14,0.004380860423635299,4.541595011409253e-08,-4.425856073026317e-08,0.0643,8.431562197119824e-06,-6.57238404540358e-08,-1.330946371017001e-10,3.0101281538377234,4.457073336726694e-05,6.249573301591505e-07,2.052380315837794e-09,4.997212273764115,7.485593309451699e-05,4.800858743488485e-09,8.921410237158026e-12,-3.5684333010380693,-2.7841541464219,-0.00013886078136021647,-6.512350963973651e-07,-2.2170073983022424e-09,-6.325838537669312e-05,-6.476622340218588e-07,-2.2138475359559905e-09,3.3357695763397,2.1962837262556185e-05,1.2976712980092091e-07,5.613510804580542e-11,4.01060056878914,0.000736656771179571,1.0033325348258062e-07,-4.124476162227875e-09,-2.893175685228899,0.0006503375388232761,-6.767060986170745e-07,-6.385858470699871e-09,-0.7351376142525612,5.9099351801608635e-06,-1.0007343558361888e-07,2.957002299430975e-10,4.996536369716754,7.460439038360633e-05,4.9001260198643833e-11,1.8290424338280563e-11,8.870052143711309,0.00015841887557287022,-1.4058394752868396e-08,-1.6139677814738427e-10,8.873889675122987,0.00015596694755530273,-8.183856792154415e-09,-1.3708295771399615e-10,1.978014214841753,0.00015500385661086044,-2.5281471847587176e-08,-1.1793659260782375e-10,2.7841541464219,0.00013886078136021544,6.512350963973637e-07,2.2170073983022506e-09,4.151384333627108,-2.7501284209497086,2.404743049903152e-06,7.950606209511569e-07,2.434539284495388e-09,-4.58278964910526e-05,8.145610063246313e-07,3.1039126860123977e-09,-2.7539659523613875,4.856671067469953e-06,7.891860829904386e-07,2.410225464062051e-09,2.4060438013622756,9.698852613148276e-05,-3.326963389605543e-08,-1.1525635636065353e-10,1.1227114489974848,8.596768552825429e-05,7.762013674548032e-07,2.2642210961108993e-09,1.1233873530448457,8.621922823916529e-05,7.8095322493808e-07,2.254852082009779e-09,4.936623226080588,-0.00011762388898440487,8.21622536957008e-07,3.0700449184762046e-09,6.1199237227616,6.9036167269774955,8.596007124502675e-05,7.762070038608984e-07,2.2643396172723153e-09,0.00016082361862277268,7.810022261982851e-07,2.2731425063480535e-09,5.571545482029667,3.324400226318233e-05,-3.4133278276749044e-09,6.8710288288416576e-12,0.042300000000000004,1.2670238853606787e-05,-6.418989484533506e-08,-1.397940740920902e-10,42182.75,2.6847612856689067,-0.001172778611280461,-5.056477073608855e-06,18.05,-0.012151580079523003,1.3849157029037247e-05,1.1364664391368491e-07,0.024900000000000002,1.280443919815348e-06,1.5634063714885726e-08,-3.329906156689028e-11,0.0124,-1.800552172695133e-06,3.608018035435481e-09,3.151529909949475e-12,1
1994-09-30,0.0746,1.1122706504512692e-05,-9.413313611093196e-08,-1.5685023062273752e-10,0.0064000000000000055,-1.644046250522124e-06,3.0846598554011444e-09,1.3191311234374824e-11,-0.0621,-1.0531423435244773e-05,3.9283600447675754e-08,1.156166922316581e-10,8.34,0.0008315216833316152,-6.49321553627705e-06,-1.5396240678678612e-08,8.98,0.0006671170582794025,-6.184749550736937e-06,-1.4077109555241152e-08,7.46,0.001112270650451265,-9.413313611093186e-06,-1.568502306227368e-08,4.62,0.004145165299105201,-5.3232450020049015e-06,-3.846857687762132e-08,0.0652,-4.488947602419499e-06,-8.265035419911638e-08,5.1589671586625094e-11,3.0238337036648657,0.00013071615155646615,8.570672460841324e-07,9.372531841793713e-10,5.006627272698717,7.435291905992236e-05,3.2059960871694203e-09,7.854894590314134e-12,-3.586322865788844,-2.812968235718839,-0.00022716138245227718,-9.061133782897929e-07,-1.068383317177911e-09,-0.00015264530617882592,-9.006692471945958e-07,-1.0635233292030014e-09,3.333275365176697,3.604377151686239e-05,1.3299355466143787e-07,2.785462258273664e-11,4.082271980987832,0.0007299053178835141,-4.249403751353485e-07,-4.107239439701649e-09,-2.8387285247443264,0.0005411434189344182,-1.4608346434298375e-06,-5.196427454557714e-09,-0.7380327964301379,-6.495500661471074e-07,-7.154283575676375e-08,2.1814897681986655e-10,5.005957704545144,7.451213267724784e-05,2.525529676022672e-09,1.758254572980173e-11,8.888333347882776,0.00015514712428149613,-4.2084851346789885e-08,-1.181974452264652e-10,8.891481171165921,0.0001533249857378141,-3.278713053274393e-08,-1.0530326296552048e-10,1.9952582242952839,0.00014984363294068373,-4.6963023299943544e-08,-5.317287769548776e-11,2.8129682357188384,0.00022716138245227648,9.061133782897923e-07,1.06838331717792e-09,4.100039883190776,-2.7420897469872405,0.00010805802968764203,1.08119178429801e-06,1.214435384987091e-09,8.0863869262255e-05,1.177662361032712e-06,1.7094358791728495e-09,-2.7452375702703864,0.00010988016823132405,1.0718940634839786e-06,1.2015412027261842e-09,2.411439497906128,9.081108775303403e-05,-4.6766118491167964e-08,-8.126841958315656e-12,1.1396163281968186,0.0001888522349092165,1.0359009368640635e-06,1.0883830451703352e-09,1.1402858963503908,0.00018869302129188962,1.0365814032752014e-06,1.0786553940308718e-09,4.878986910930501,9.541579355386298e-06,1.180735551368996e-06,1.6610216060123931e-09,6.146243600895535,6.920523418259815,0.00018884729450020094,1.0359204507013413e-06,1.0884687973896882e-09,0.0002632051539691385,1.0391069329512304e-06,1.0962379397606587e-09,5.574887934245099,3.3059529161151566e-05,-2.3552529322681687e-09,5.511246878249381e-12,0.0434,-8.867766827025349e-07,-8.31665046585886e-08,4.7252947081901285e-11,42288.62,2.437934675884543,-0.0017557660968797809,-4.1368418737905516e-07,17.09,-0.009922532193573839,2.7506786022469562e-05,8.995926690058331e-08,0.0296,1.8540718772530584e-06,8.991273110107049e-09,-3.81935305354874e-11,0.012199999999999999,-1.384901535665686e-06,3.3368884776417737e-09,-1.2759502842349558e-12,1
1994-12-31,0.0781,-4.780612199048613e-06,-9.130833083857125e-08,8.447557687017565e-11,0.006399999999999988,-1.1803941845813535e-06,5.2047539984511724e-09,9.631574595097377e-12,-0.062099999999999995,-2.056531580493651e-06,4.178855378516244e-08,-2.2035271079256895e-11,8.46,-0.00036345869743384244,-6.923899119157977e-06,2.529927528817751e-09,9.1,-0.0004814981158919804,-6.403423719312862e-06,3.4930849883274873e-09,7.81,-0.0004780612199048628,-9.130833083857106e-06,8.447557687017596e-09,5.6,0.0031961581081641883,-9.012185282986737e-06,-2.4145118755805573e-08,0.063,-1.9319574249779834e-05,-6.227845919504786e-08,2.726401297578782e-10,2.991222118076105,0.00024066174666342727,8.566169276495136e-07,-3.7143387989949703e-10,5.008633291425583,7.440420268533393e-05,-9.822422214012101e-11,3.153998098398141e-12,-3.5439136838637504,-2.770460011280679,-0.00034567930914830396,-9.02221563144774e-07,3.2463899866060136e-10,-0.0002713708149629991,-9.025938777988905e-07,3.2416202410424396e-10,3.3502549029245805,4.69759797248108e-05,1.474678491688074e-07,-1.2540529736636988e-12,4.193284510077004,0.000634974688444627,-9.227590446032526e-07,-2.953878506922471e-09,-2.700082031453033,0.0003169058953512615,-1.9711437952864735e-06,-2.6266484904908787e-09,-0.7381445464906811,-4.836349990425606e-06,-5.289407672191308e-08,1.0460823301650266e-10,5.011301738639416,7.369255508115901e-05,2.5662776290392003e-09,1.6475225655014077e-11,8.89987744169915,0.0001480039903377195,-5.527218493008978e-08,-1.4129309239264437e-11,8.902777989210975,0.00014712341675554713,-4.672701407152823e-08,-1.6209941697821025e-11,2.0095554142156695,0.00014127794262946101,-5.223903773938811e-08,6.571321814096839e-11,2.770460011280679,0.00034567930914830325,9.022215631447755e-07,-3.2463899866059526e-10,4.11115949998959,-2.7791625274938907,0.0002446512985353949,1.1049615972436545e-06,-3.117637423950062e-10,0.00023798145081726715,1.3166275702921612e-06,-1.243230353992364e-10,-2.782063075005715,0.0002455318721175669,1.0964164263851102e-06,-3.096831099364357e-10,2.423031246069913,8.224751595922521e-05,-3.651105426918971e-08,1.3349614837282134e-10,1.1120816227796768,0.00031825108618778204,1.049787636535723e-06,-3.290470497326778e-10,1.1094131755658434,0.00031896273379195314,1.0471231346845398e-06,-3.423682772892516e-10,4.88343134506129,0.00016746336683221426,1.312480747112413e-06,-1.823138051641584e-10,6.1207149142052595,6.892986759276959,0.0003182505963942178,1.0498145311948855e-06,-3.290241801167526e-10,0.0003926552888731144,1.0496894123135816e-06,-3.258930516342657e-10,5.577879057767046,3.263030496088379e-05,-1.8941000603582455e-09,5.8945204963172e-12,0.0412,-1.632060742078503e-05,-6.161873533663058e-08,2.769019082420059e-10,42644.32,2.1010830734428394,-0.0013353570921263418,5.599904945864339e-06,14.88,-0.00578013828149074,3.613549874833553e-05,4.35358626021151e-08,0.026699999999999998,1.426589733920507e-06,7.615984537430616e-10,-3.396813516977112e-11,0.0121,-1.0728279153835298e-06,2.7573228271865273e-09,-3.2728278097395192e-12,1
1995-03-31,0.07200000000000001,-1.726462082525255e-05,-6.016479892842357e-08,2.585108335857155e-10,0.0058000000000000005,-3.7674867352314585e-07,6.3309663286277745e-09,-1.6806821965384092e-12,-0.06029999999999999,4.010291475281655e-06,2.622527055173809e-08,-1.2057508369755376e-10,8.12,-0.0013489416630308505,-4.974284960955165e-06,1.6721749504247073e-08,8.7,-0.0013866165303831669,-4.341188328092396e-06,1.655368128459324e-08,7.2,-0.0017264620825252527,-6.016479892842336e-06,2.585108335857152e-08,5.73,0.0017550340386010596,-1.0562515248263214e-05,-5.404869389225476e-09,0.0571,-2.7364750859817455e-05,-1.1479551528512292e-08,4.069107160073121e-10,3.0516399054922867,0.00035188454109492533,6.846504812039667e-07,-1.4626726350303643e-09,5.019925341003349,7.538170413920602e-05,2.513585839837615e-09,-1.0038375949655052e-11,-3.623091713575933,-2.8618460822739813,-0.0004677898689358348,-7.256860079146857e-07,1.500116050954348e-09,-0.00039093330285080996,-7.266253866597765e-07,1.4754453527381114e-09,3.338967305126021,5.715712868519726e-05,1.503350503154768e-07,-5.258925127069878e-11,4.2437698090420275,0.0004970764424764886,-1.2146208868459148e-06,-1.1270527498162706e-09,-2.7181005369557116,4.7675714419766205e-05,-2.087655972542665e-06,4.1486354954067844e-10,-0.7380209882023402,-7.76142343897005e-06,-4.901094241150208e-08,-2.4902549956110037e-11,5.018603463745433,7.438183972042766e-05,4.349860719344784e-09,1.155626534194325e-12,8.916678858243396,0.0001388195817239979,-4.794763493253241e-08,1.2159094162700061e-10,8.919406351000127,0.00013948848414877118,-4.157189557075598e-08,1.0141519028793491e-10,2.0220205866664576,0.00013316546934402095,-3.557236409295602e-08,1.891047497377502e-10,2.8618460822739813,0.0004677898689358341,7.256860079146881e-07,-1.5001160509543451e-09,4.145154573339242,-2.7158654708433922,0.00038612741589703106,9.239686931626846e-07,-1.6742962438520148e-09,0.0003907625467281274,1.1395488767964156e-06,-1.8404554729827917e-09,-2.7185929636001247,0.00038545851347226263,9.175929538009203e-07,-1.6541204925129925e-09,2.4265710727750367,7.628930596513748e-05,-1.1519269914432135e-08,2.4321606015222387e-10,1.180888046396654,0.0004495652934818271,8.735074723903287e-07,-1.542666926275404e-09,1.1822099236545698,0.0004505651579006016,8.716711975108208e-07,-1.5538609287592147e-09,4.9109717854328805,0.0003202484329638537,1.1278009788617315e-06,-1.887304059791858e-09,6.200813387400003,6.961798289433017,0.0004495681888388225,8.735330549944106e-07,-1.5427025638636466e-09,0.0005249469976210328,8.760210582301651e-07,-1.5527053022250518e-09,5.58052196499145,3.240112334698189e-05,-2.031086792498589e-09,6.2044878139767895e-12,0.0348,-2.4419445859609206e-05,-8.366256429450392e-09,4.155226846632641e-10,42683.11,1.8765857183507877,-0.0002662498792487429,1.0222624664298181e-05,15.15,-0.0010013814835251101,3.763203673957572e-05,-9.081810497265656e-09,0.0285,1.4067565141585642e-06,5.43780940944864e-11,-3.149038905310405e-11,0.0121,-9.181358504990186e-07,2.1642839444838674e-09,-2.8474282080814894e-12,0
1995-06-30,0.0617,-1.8867917267465624e-05,-1.0582586178960208e-08,2.943585776619285e-10,0.006000000000000005,5.599581217011109e-07,5.7014147435125316e-09,-1.5095579533911577e-11,-0.0542,4.159653517373548e-06,-1.9519715735281644e-09,-1.4163899989211645e-10,7.3,-0.00157759702999698,-1.3344872898093923e-06,2.1298779381091902e-08,7.9,-0.001521601217826868,-7.64345815458145e-07,1.978922142770075e-08,6.17,-0.0018867917267465575,-1.0582586178960054e-06,2.9435857766192778e-08,5.47,0.0005239953695010936,-9.742700308849721e-06,1.1170545975821718e-08,0.0461,-2.3258706512148007e-05,5.4108523545395523e-08,3.8772895113695416e-10,3.1232455938529506,0.0004044732000549764,4.260722475304534e-07,-1.836789824971805e-09,5.0271645960474665,7.448732462844096e-05,7.19227871468002e-09,-2.3195944050004e-11,-3.6969116258112007,-2.944327740336558,-0.0005200989828304748,-4.6336518101022315e-07,1.866725470858166e-09,-0.00044417837050183054,-4.590715876005392e-07,1.8304727028509955e-09,3.34603697048488,7.502363174737639e-05,1.3935262306937017e-07,-1.7472587749787476e-10,4.292648823522665,0.00034625829311951754,-1.1732218413585926e-06,7.991455218986804e-10,-2.752002088631393,-0.00017395835871291293,-1.76991132437895e-06,2.8161428085809874e-09,-0.736764899368343,-1.0370888404429533e-05,-5.8892538332438424e-08,-1.5295639100041948e-10,5.026508643252546,7.480458977167995e-05,8.13623986221881e-09,-2.2931638155298372e-11,8.925625758925039,0.00013238423346394052,-2.536308047759363e-08,2.2603525846936908e-10,8.929583067876862,0.00013373104185051277,-2.0623624718306722e-08,1.9672363964771076e-10,2.0296169868533953,0.00012958247202581006,-2.7220977676185025e-09,2.592982310951626e-10,2.944327740336558,0.0005200989828304744,4.6336518101022474e-07,-1.866725470858169e-09,4.236048032369948,-2.6352610481036005,0.00046273838111390473,6.280808845571828e-07,-2.2674866068253387e-09,0.0005091425373396359,7.540670779982316e-07,-2.9574493501943483e-09,-2.639218357055424,0.00046139157272733904,6.233414287979021e-07,-2.238174988003763e-09,2.4292177439274116,7.847560606386584e-05,2.3708478988300305e-08,2.6483484040164536e-10,1.2632001147739718,0.0005206352899494093,5.955255253649128e-07,-2.0182554043060386e-09,1.2638560675688921,0.0005203180248061687,5.945815642173793e-07,-2.0185197102007265e-09,4.995741533613065,0.0004366772882860769,7.357409961248765e-07,-2.96327294754921e-09,6.290364710821438,7.044111428222463,0.0005206395023317045,5.955396394082788e-07,-2.018328515766179e-09,0.0005951226145778504,6.027178040795916e-07,-2.0414513483560412e-09,5.5834587140900656,3.24404943477484e-05,-1.6439839452455306e-09,5.7457531344874656e-12,0.024,-1.930117235359514e-05,5.9113639065942054e-08,3.9102350989077026e-10,42684.76,1.9817186532704683,0.001232931077211947,1.1184378721712103e-05,15.67,0.002911445425844916,3.1653790228790265e-05,-4.879593125423952e-08,0.0304,-2.674045587908267e-07,2.99533009023798e-09,-3.4533671143835867e-11,0.012,-8.09683006123158e-07,1.829167432021845e-09,-1.3520253962863335e-12,0
1995-09-30,0.062,-1.4509102169520106e-05,3.4475700265393045e-08,2.1212196908288635e-10,0.006099999999999994,1.1983506470501548e-06,3.0002041255604965e-09,-2.521503572604185e-11,-0.055799999999999995,1.310845320739247e-06,-2.5432181531894717e-08,-9.584238695732105e-11,7.32,-0.0013401176012132004,2.117737325386265e-06,1.6773870677546446e-08,7.93,-0.0012202825365081869,2.417757737942315e-06,1.4252367104942292e-08,6.2,-0.0014509102169520047,3.447570026539306e-06,2.1212196908288548e-08,5.28,-0.0003205117176146903,-6.8209182771664796e-06,2.1748740198722646e-08,0.048,-1.1255064743288845e-05,1.0522726192554941e-07,2.2781714645822294e-10,3.1755507001298273,0.0004077717693477388,1.5040510654050397e-07,-1.4619838670985664e-09,5.0317442573064906,7.424602320999508e-05,3.2527017440898296e-09,-5.1496000679385837e-11,-3.750754857832024,-3.0036596679058047,-0.0005200006515954529,-1.715599047949592e-07,1.434963550044836e-09,-0.0004465727464246387,-1.7325044509339445e-07,1.3889137332349017e-09,3.3572454941329726,9.278160916682057e-05,1.2451018050256745e-07,-3.1783362688027583e-10,4.309590341409169,0.00021306846249991295,-8.725070913853419e-07,2.220332345147881e-09,-2.800165490010016,-0.0003250603386046484,-1.1664815404857034e-06,3.922626852021925e-09,-0.7367558787561658,-1.5553156047154285e-05,-8.058931558690329e-08,-2.529787061749513e-10,5.031091302663638,7.539318889402679e-05,5.623869699013997e-09,-5.946176869380748e-11,8.933400000330067,0.0001329388477150556,9.352723086091617e-09,2.511950382581615e-10,8.937696391814292,0.00013363757937681213,1.0041618620560495e-08,2.237218703445313e-10,2.0373009708128507,0.0001326228228905317,3.5437571931323414e-08,2.439829335110768e-10,3.0036596679058047,0.0005200006515954532,1.7155990479495996e-07,-1.4349635500448436e-09,4.331056661368501,-2.572494838291291,0.00047984341304721165,2.8671736221143983e-07,-2.003992215183203e-09,0.0005501542600024903,3.3242364301872296e-07,-3.069710380024341e-09,-2.576791229775515,0.0004791446813854607,2.860284666769623e-07,-1.9765190472696574e-09,2.4379897300002487,8.501569159281643e-05,6.115775385754176e-08,2.1090115920983935e-10,1.3291609047322865,0.0005385362375522789,2.9281738355343336e-07,-1.7013011762457301e-09,1.3298138593751394,0.0005373890718682464,2.9044621559851776e-07,-1.6933354082313068e-09,5.084631536519348,0.00047464754840634006,3.12129034955867e-07,-3.0142425923643947e-09,6.360905162038778,7.110067353916413,0.0005385419002193886,2.92817685943123e-07,-1.7013899036542606e-09,0.0006127822607622749,2.9607008529752103e-07,-1.7527971769251203e-09,5.586799119170382,3.2355081887618097e-05,-4.839430713948963e-10,5.7711180660705286e-12,0.026699999999999998,-6.109358370476808e-06,1.108196460867655e-07,2.2474111084231815e-10,42904.75,2.272138173363902,0.002791497349320982,8.991049853122567e-06,16.45,0.005571290411776855,2.124446866437844e-05,-6.420785412120667e-08,0.0254,1.071242939989039e-07,4.043564639668905e-10,-6.344619524794894e-11,0.012,-6.782501877338127e-07,1.991620151227973e-09,-1.6849925122272843e-13,0
1995-12-31,0.0571,-6.333373801299723e-06,4.835647540136195e-08,5.440276422920927e-11,0.006699999999999999,1.3794994504189095e-06,-9.128588776848673e-10,-2.797065092156584e-11,-0.052500000000000005,-4.257949344549491e-06,-2.9287940858472526e-08,-1.962884983462396e-12,6.82,-0.0007313441369749277,3.3709025260475197e-06,5.724954820504852e-09,7.49,-0.0005933941919330415,3.279616638279031e-06,2.927889728348321e-09,5.71,-0.0006333373801299683,4.835647540136179e-06,5.44027642292086e-09,5.14,-0.0007706620298209774,-3.376855823376523e-06,2.4951654464755202e-08,0.0426,4.9424924089927685e-06,1.1670685627277577e-07,-1.834950975444665e-11,3.2200751054436827,0.00039064642177793,6.624650045077316e-10,-7.422494988543387e-10,5.033700567027251,7.723422941965027e-05,-4.801703465018986e-09,-1.0066114991473724e-10,-3.7986943201211427,-3.0498410785118963,-0.0005063195735312334,-2.061984563044166e-08,7.014908576755344e-10,-0.00043064488533958516,-3.278588695227638e-08,6.178247393984905e-10,3.371081757757532,0.00010273447650669953,9.001121439057227e-08,-3.985976124750444e-10,4.272351267864781,0.0001460335318674788,-4.7582467409771313e-07,2.5828903165901755e-09,-2.8949823704538478,-0.0003860238723526539,-5.915139573131488e-07,3.589552548060434e-09,-0.7402387880937957,-2.4114280481287582e-05,-1.1387249155103167e-07,-3.0914148953296493e-10,5.0363030408448335,7.766788008476619e-05,-2.191808110905274e-09,-1.0801322335007514e-10,8.946781644421606,0.00013714414262813306,4.546831986210686e-08,2.0482295777759063e-10,8.949232328133055,0.00013793395036414412,4.152849129324799e-08,1.80304045596534e-10,2.050270164379556,0.00013999660543631727,6.470278010585857e-08,1.575789017028424e-10,3.0498410785118963,0.0005063195735312334,2.0619845630441278e-08,-7.01490857675542e-10,4.370652671889872,-2.5258588081521776,0.00047190990740979613,6.516274015892435e-08,-1.3049114279281235e-09,0.0005232534770822424,-1.4888284557441867e-08,-2.2669468144339528e-09,-2.5283094918636264,0.00047112009967378957,6.9102568727762e-08,-1.2803925157471373e-09,2.4449523342809676,9.244529883747077e-05,8.057788869703434e-08,1.140669423575116e-10,1.387222269242176,0.0005318198206182836,1.1543276348603379e-07,-9.994273202358449e-10,1.3846197954245945,0.0005313861699531665,1.1282286813192406e-07,-9.920752468005132e-10,5.11786279172686,0.00044486857710526116,-2.7039441131954247e-08,-2.146803345625108e-09,6.420922836269428,7.168132956106415,0.0005318249596270406,1.1542516221129622e-07,-9.995006699730149e-10,0.0006090540500379327,1.1063106002101309e-07,-1.1000884701505831e-09,5.5897548785012345,3.2087857939527147e-05,4.3481436246828245e-10,6.012366802931294e-12,0.022000000000000002,1.0482835055180032e-05,1.198794802793857e-07,-2.0166303575746714e-11,43067.83,2.614956394983011,0.003599488440928915,4.976268993868654e-06,18.1,0.006657310603390426,1.1833397674254133e-05,-5.374776981444959e-08,0.0254,3.1126771778945684e-06,-4.875858162210683e-09,-1.0914124821038418e-10,0.011899999999999999,-5.237781937710657e-07,2.3718843007411894e-09,-2.6229959076492173e-13,0
1996-03-31,0.06269999999999999,3.4720248864938658e-06,3.4595722610760033e-08,-1.2183297744601955e-10,0.006799999999999997,9.875933047707817e-07,-4.691376991746317e-09,-2.0326226124095207e-11,-0.058499999999999996,-1.0353353227907763e-05,-1.8672943060430457e-08,9.974481694820507e-11,7.35,1.6272169265753313e-05,2.6405659959387067e-06,-7.19761424826444e-09,8.03,0.00011503149974282784,2.1714282967640744e-06,-9.230236860673916e-09,6.27,0.00034720248864938963,3.4595722610759792e-06,-1.2180729554444968e-08,4.96,-0.0007537238361543429,-6.552605366502083e-07,2.075569858595929e-08,0.046,2.115560324683633e-05,9.15043324407801e-08,-2.612247897899086e-10,3.24376354037598,0.00036627960889609593,3.646735791323642e-08,-7.409826644595232e-11,5.0479310788399525,7.81007105692684e-05,-1.364925264994663e-08,-1.3384511018609218e-10,-3.825845309187094,-3.093161934028287,-0.000485748952438949,-8.340410570497604e-08,5.624814687031682e-11,-0.0004088092274187799,-9.968462580132182e-08,-5.7985057024978174e-11,3.3792925462741055,0.00010766390352027408,3.063716067743484e-08,-4.1316453237136755e-10,4.260564966136689,0.0001490572580896965,-1.27088190271008e-07,1.8480532953100628e-09,-2.945039159238473,-0.0003668172098410916,-2.5417114389189093e-07,2.1933913502852777e-09,-0.744252820412104,-3.525334614700743e-05,-1.5079169891611516e-07,-3.157125432788854e-10,5.0466457316192885,7.797222657131495e-05,-1.3869014048169415e-08,-1.392865243733599e-10,8.958358206522709,0.00014322432695821897,6.411709999444693e-08,1.075853007825234e-10,8.962272909449137,0.00014398992953739835,5.906470911193992e-08,8.909451220861684e-11,2.0644991912493507,0.00014901059493602382,7.307959714618097e-08,3.5768406013906994e-11,3.093161934028287,0.000485748952438949,8.340410570497456e-08,-5.624814687032079e-11,4.399980599428008,-2.4859037262203167,0.00045018852900100237,4.992416638798503e-08,-5.769979800241969e-10,0.0004798894472910875,-1.9211539230555214e-07,-1.1178710070620093e-09,-2.489818429146745,0.00044942292642182363,5.4976557270468894e-08,-5.585071914503169e-10,2.4518667957098,0.00010255781589172744,7.795504471125012e-08,-8.440742530806474e-12,1.42452340146244,0.000515312145389954,1.2769051903235984e-07,-3.3556756905558757e-10,1.4258087486831037,0.0005154406293879079,1.27910280430581e-07,-3.3012615486833044e-10,5.140379506147759,0.0003996240409927333,-1.8613035689949174e-07,-9.488403171192411e-10,6.4724544803023925,7.2054347108841945,0.0005153144258146919,1.276776475532835e-07,-3.356004738681645e-10,0.0005934128559592203,1.140412663824106e-07,-4.694126792416701e-10,5.592180298074899,3.2095925736738e-05,6.152890470943159e-10,4.11476572749663e-12,0.026000000000000002,2.6802471940034312e-05,9.137183427943581e-08,-2.558462591119757e-10,43285.15,3.062194283442858,0.0035194692533065076,-6.823012691004815e-08,19.01,0.006452069218498296,7.02184838675994e-06,-2.604010392485558e-08,0.028399999999999998,2.9776003279210692e-06,-1.7095000640912024e-08,-1.2906058295558185e-10,0.011699999999999999,-2.623068307316365e-07,2.5163872210880133e-09,-2.4682443775654184e-12,1
1996-06-30,0.0691,6.350641439023486e-06,8.120168453565437e-09,-2.2509693505519626e-10,0.006900000000000004,1.9647476147832016e-07,-6.896319601735976e-09,-2.257006591173216e-12,-0.0626,-1.1132643985459397e-05,-1.0716592296036048e-09,1.4511092982575594e-10,7.71,0.00023379512939741,8.248536267985834e-07,-1.4724587951063289e-08,8.4,0.0002534426055452413,1.3522166662499676e-07,-1.4950288610180583e-08,6.91,0.0006350641439023475,8.120168453565266e-07,-2.249921847077493e-08,5.09,-0.0005133660297095804,1.0557732501332508e-06,1.217152039222675e-08,0.0596,2.8728364302206088e-05,4.304391401784928e-08,-3.9974430576018023e-10,3.2565568918358894,0.0003610392090368085,1.6550743473249785e-07,2.604186175642798e-10,5.054333149361975,7.469860684880536e-05,-3.111729414519942e-08,-1.3062341094845664e-10,-3.844364356954331,-3.119968396809726,-0.0004815423499868743,-2.2925741553408392e-07,-2.1708560773307527e-10,-0.00040891159718395715,-2.566084380581543e-07,-3.258435027022466e-10,3.385067999732272,0.00011032980199374639,-2.3126284888583853e-08,-3.697122500083778e-10,4.279301532151069,0.0001858543828057807,3.211114962042251e-08,5.231558437028821e-10,-2.952672784093544,-0.0003314786376604935,-2.0293028917503046e-07,5.495769819122749e-10,-0.7449660253173381,-5.0944205398205204e-05,-1.826800209461347e-07,-2.5989573008793323e-10,5.054333149361975,7.528446462012062e-05,-3.357114650290746e-08,-1.388014050837806e-10,8.970618659183822,0.00015235916886491147,6.295038482674327e-08,-2.123479653222299e-11,8.975343724448416,0.00015196797176143668,5.772971532474394e-08,-2.757819120985121e-11,2.0806050110755345,0.00015804967474051038,6.264158500287915e-08,-8.37394432173123e-11,3.119968396809726,0.0004815423499868736,2.2925741553408225e-07,2.1708560773307675e-10,4.434836023247683,-2.465582262641824,0.00043951298311571197,1.4318074581877412e-07,-1.3139184574311411e-10,0.00044943616458242576,-1.6211537082670237e-07,-1.4642276803091375e-10,-2.470307327906418,0.00043990418021918264,1.48401415320748e-07,-1.2504845106545316e-10,2.468946630209271,0.00011205611711826192,6.707752419614937e-08,-1.1209910647833546e-10,1.4507032471800227,0.0005171735451318153,2.3724842479069981e-07,-2.2003231326846178e-11,1.4507032471800227,0.0005165876873604996,2.3970227714840553e-07,-1.3825237191527014e-11,5.165723114938736,0.00037005068740529124,-1.3332441126547436e-07,3.2599752637319153e-11,6.505036396541998,7.231612566377191,0.000517173929774796,2.3723249216030207e-07,-2.2000412331359684e-11,0.0005918721519806186,2.0613113064549538e-07,-1.5262664227529693e-10,5.595120217949137,3.2489327356683556e-05,7.68993377942506e-10,-3.698628906771563e-13,0.04,3.415817613921678e-05,4.4077704026723404e-08,-3.8103109812668874e-10,43878.13,3.4742367758779666,0.0031076940000171306,-4.244399069166463e-06,19.15,0.006122121243767714,7.779474270793643e-06,4.3922419891377396e-09,0.0275,3.1642816674889735e-07,-3.995996015016781e-08,-1.1070176100330298e-10,0.011699999999999999,8.747285817848748e-08,2.275709171024093e-09,-6.302563865676896e-12,1
1996-09-30,0.0683,1.725632650289037e-06,-2.840671633906923e-08,-2.170415288798659e-10,0.006899999999999995,-8.371977445237994e-07,-6.664216858427488e-09,2.0315361652723864e-11,-0.061799999999999994,-7.481759099632026e-06,2.3211709435990668e-08,1.1840589845138657e-10,7.66,-7.895607181939018e-05,-1.845630847347291e-06,-1.4077336000682515e-08,8.35,-0.00016267584627177172,-2.512052533190022e-06,-1.204579983541011e-08,6.83,0.00017256326502889662,-2.8406716339069327e-06,-2.168574388511082e-08,5.09,-0.00030700639097685015,1.4962798157699543e-06,3.2206752346929163e-09,0.0583,2.7443592887171573e-05,-1.633607687463008e-08,-3.99433283987551e-10,3.2457124788217606,0.0003959892766572673,2.6027535384015756e-07,1.0460209338124303e-10,5.061328408411774,7.083123743819656e-05,-5.131452336441976e-08,-1.0306486428924711e-10,-3.830443018435723,-3.109677554796767,-0.0005252981935902207,-3.110435095813357e-07,8.80331591344338e-11,-0.0004562663641889737,-3.571724452783659e-07,-3.578836590943917e-12,3.4048573424936426,0.00010427568840386397,-5.1024993616597895e-08,-2.4205536009871284e-10,4.3031186995690085,0.00022021063400075522,-5.5013138375987075e-08,-7.540417604164647e-10,-2.931818947810338,-0.0003380316539180174,-3.6261606540972505e-07,-5.312985831997761e-10,-0.7470820698388372,-7.135645862803488e-05,-2.0801695747406764e-07,-1.5175166835718835e-10,5.060694493968993,7.194144886708969e-05,-5.2675264544725523e-08,-1.1228349772333315e-10,8.991293418136536,0.0001604334511260866,5.1647561317400195e-08,-1.309157765293172e-10,8.994897841534854,0.00015922951787618184,4.543542834853786e-08,-1.2805068086116615e-10,2.0969521169072936,0.00016387623377447577,4.381632830604199e-08,-1.5853356578331717e-10,3.109677554796767,0.00052529819359022,3.110435095813343e-07,-8.803315913442983e-11,4.4701419065817465,-2.4767585208461256,0.00046914043086800224,2.083709546473489e-07,-1.991727427038914e-10,0.00043685535067741684,-2.2886079591915252e-08,3.963423885970165e-10,-2.4803629442444453,0.0004703443641179032,2.1458308761618977e-07,-2.0203783837197587e-10,2.477378383367209,0.0001163648836956549,5.006060461518658e-08,-1.531893393625274e-10,1.4532064888786358,0.0005587426445558893,3.113330393291586e-07,-2.2702365494391235e-10,1.4538404033214172,0.0005576324331269947,3.126937805094646e-07,-2.1780502150981401e-10,5.1914163358629,0.00036213528580458993,2.791761972860669e-08,5.362709245017409e-10,6.514534897290409,7.234119458026262,0.0005587424855808237,3.1132151077193165e-07,-2.269998286349772e-10,0.0006295738819940861,2.600185159647392e-07,-3.3008851923316166e-10,5.5984960303291,3.274007117320052e-05,1.0848154859120684e-09,-4.358451827069674e-12,0.0405,3.182467716152756e-05,-1.088117839247685e-08,-3.672623357134604e-10,44123.68,3.6747846464495355,0.002435180558803688,-5.840450261178862e-06,18.75,0.00664811650376754,1.218438210592872e-05,2.3395608000964374e-08,0.03,-3.561033331021086e-06,-5.6617982610980256e-08,-5.1577271687720345e-11,0.0118,3.512436291922271e-07,1.483240841716315e-09,-9.763792630131361e-12,1
1996-12-31,0.063,-3.604027236035149e-06,-5.880365693008225e-08,-1.3440288559782625e-10,0.006899999999999995,-1.6926827204649335e-06,-3.1898464033486734e-09,3.879833836230628e-11,-0.058899999999999994,-4.04825841167658e-06,4.0504975576115474e-08,4.955085129617793e-11,7.2,-0.000434364028082658,-3.930646297059682e-06,-7.725162166997219e-09,7.89,-0.0006036323001291519,-4.249630937394538e-06,-3.845328330766591e-09,6.3,-0.0003604027236035201,-5.87800295806377e-06,-1.3419254770505593e-08,4.91,-0.0001007581369737838,9.346628384061253e-07,-3.703004197312266e-09,0.06269999999999999,2.165394015453949e-05,-6.289077615526576e-08,-2.8754895020281645e-10,3.3221541743217022,0.00045071733877816503,2.431975294140767e-07,-4.730922508100997e-10,5.066385309200747,6.54097298836337e-05,-6.080863216048475e-08,-4.555909878447738e-11,-3.912023005428146,-3.195274928884722,-0.0005923789979466146,-2.6601732494861584e-07,8.413796527214845e-10,-0.0005269640610906963,-3.22122112709852e-07,7.829720843629627e-10,3.415757532993485,9.152815416400492e-05,-6.245297352632308e-08,-7.518102619837039e-11,4.371092069621102,0.00022092123952325708,-3.0278471965725276e-07,-1.4060266765603543e-09,-2.954590330222816,-0.0003966935718348191,-5.642745002763563e-07,-5.48047852186353e-10,-0.7550225842780328,-9.271638188681278e-05,-2.2034838208385194e-07,-3.244940572390794e-11,5.069532935343741,6.555654904313799e-05,-6.09923191383441e-08,-4.836354389054841e-11,9.003489373278796,0.0001635260115107451,3.09753455335956e-08,-1.7831367263037462e-10,9.006658703636889,0.0001621558223465297,2.5608819295218563e-08,-1.7063109197550082e-10,2.1114245875328868,0.00016513791805147746,2.1919816431329004e-08,-1.671384039609995e-10,3.195274928884722,0.0005923789979466139,2.66017324948616e-07,-8.41379652721482e-10,4.499607874345321,-2.392456911400589,0.0005203811405998775,1.7258900588869736e-07,-7.382470062895398e-10,0.0004475097037952326,8.384753113483563e-08,4.118387186454685e-10,-2.395626241758683,0.0005217513297640878,1.7795553212706874e-07,-7.459295869443281e-10,2.488234439880675,0.00011836985166327543,2.742457190408689e-08,-1.4576630538841937e-10,1.5446471526774594,0.0006184974222269866,2.6437298358277783e-07,-8.710015801353984e-10,1.541499526534466,0.0006183506030674798,2.645566705606404e-07,-8.681971350292992e-10,5.214132719184546,0.0003798013252694438,1.4897015187395518e-07,4.745710228823888e-10,6.6110324618782075,7.325557306717433,0.0006184957394157878,2.6436886615558205e-07,-8.709637963000205e-10,0.0006839071521106188,2.0356435142229713e-07,-9.165606789198613e-10,5.601602082227226,3.261043949656997e-05,5.703975272571998e-10,-5.888336233457972e-12,0.044199999999999996,2.6253663713108542e-05,-5.2730167008907054e-08,-2.6246636532029143e-10,44442.98,3.796320703407537,0.0015407420682315598,-5.5652953507060225e-06,19.19,0.008318247750520313,1.6841118333142252e-05,1.9808635108817683e-08,0.0332,-1.225450806726132e-05,-5.7873045888378315e-08,5.875184161230471e-11,0.011899999999999999,4.613739360438397e-07,6.715449383158727e-11,-1.1317586064382723e-11,1
1997-03-31,0.0669,-9.943801503108074e-06,-6.461026546783988e-08,-4.3893881462737245e-12,0.006299999999999999,-2.043855899863343e-06,3.170580545247205e-09,4.744203994405696e-11,-0.0628,1.8976502841384391e-07,3.789008227874602e-08,-4.826692431930611e-11,7.55,-0.0008917617028716379,-4.082876179067041e-06,2.4442909527347653e-09,8.18,-0.0010961472928579686,-3.7658181245423168e-06,7.18849494714043e-09,6.69,-0.0009943801503108085,-6.453886125219841e-06,-4.179050253503789e-10,5.14,-2.7690743450223958e-05,-9.890800708177759e-09,-6.910818142614171e-09,0.06280000000000001,1.1342556123982264e-05,-8.107880069713829e-08,-1.0173661406999907e-10,3.3603753871419,0.0004998374419858079,1.4569541181058625e-07,-1.0418941806173303e-09,5.075173815233827,5.7705708424930084e-05,-6.046051937549802e-08,4.1440531168644586e-11,-3.9633162998156966,-3.257036707999747,-0.0006446908648479362,-1.2402098432364646e-07,1.4763889076881336e-09,-0.0005859076991117311,-1.8163151984415872e-07,1.4874016476827343e-09,3.417726683613366,8.268009606746396e-05,-6.057859293345038e-08,2.3582811691678607e-11,4.400603020246817,0.00016822021008416066,-5.702947279423344e-07,-1.0923884146184911e-09,-2.9798589243977007,-0.0005001393928961123,-6.943908452820604e-07,3.8066835311067606e-10,-0.7650685657274906,-0.00011396108079337678,-2.1205830097442843e-07,7.383148596199066e-11,5.073923033332174,5.68982797399982e-05,-6.259478769558108e-08,4.525279264362104e-11,9.019152142159763,0.00016413363810495463,4.619065687637805e-09,-1.7039409525302567e-10,9.022945527795116,0.0001622337811519478,8.588048515803743e-10,-1.5678527434577053e-10,2.1255012659844112,0.00016471539632309726,1.7288610416268842e-09,-1.295127761707652e-10,3.257036707999747,0.0006446908648479355,1.2402098432364813e-07,-1.4763889076881305e-09,4.533217610920297,-2.34438875054665,0.0005632373228104483,5.88233257025494e-08,-1.2824120007434755e-09,0.0004776742238893343,1.0244175670594267e-07,-3.379743238954442e-14,-2.348182136182004,0.0005651371797634471,6.25835865386122e-08,-1.2960208216506362e-09,2.4948569806411682,0.0001202852110324764,1.1837058884545073e-08,-1.1390042370774203e-10,1.599589576379286,0.0006696652524904711,1.2390291076569196e-07,-1.494246627165124e-09,1.6008403582809385,0.0006704726811754012,1.260371790857794e-07,-1.4980588886400784e-09,5.242219274158924,0.0004178299139895522,1.687311804763848e-07,-3.389071930995501e-11,6.674763391613113,7.380498901016837,0.0006696631995210048,1.239024905431838e-07,-1.4942091587802956e-09,0.000727370960915398,6.344239139019067e-08,-1.4528060959964546e-09,5.604183109433446,3.2530105823300876e-05,-9.180991772483859e-10,-6.436318093814148e-12,0.0431,1.830286231683318e-05,-6.532393800097607e-08,-1.0902831932744594e-10,44615.16,3.926180210116081,0.0009689626301836597,-4.359671800587958e-06,19.69,0.011018995885730309,2.029729289962103e-05,-4.451019039933649e-09,0.0276,-2.101902627654076e-05,-4.7944993855604144e-08,1.8199058133769243e-10,0.012,4.1837345826075216e-07,-1.4658889733641402e-09,-1.0301187209279822e-11,0
1997-06-30,0.0649,-1.888538455773463e-05,-5.148484391023822e-08,1.5347298224965212e-10,0.006099999999999994,-1.6894948020239857e-06,9.63195955628856e-09,4.0489414683141874e-11,-0.0629,6.406312249308908e-06,2.304503707248417e-08,-1.5599391071241452e-10,7.41,-0.0015097141369110265,-2.833761060447837e-06,1.412624356650778e-08,8.02,-0.001678663617113421,-1.870565104818975e-06,1.8175185034821936e-08,6.49,-0.001888538455773464,-5.1389683951150805e-06,1.5357801175085946e-08,4.93,-0.00012746193843881092,-1.0762472380946835e-06,-5.483665496463723e-09,0.0605,-3.6893894598188576e-08,-7.632526629075768e-08,9.602099657664189e-11,3.4420193761824107,0.0004947613208301872,-9.12794170381068e-09,-1.1074842650638497e-09,5.0770470596155075,5.09322559472225e-05,-5.251146889438813e-08,1.2750189717331502e-10,-4.057048777478403,-3.3530644239974454,-0.0006317177465802141,9.584071348069609e-08,1.4538186253011308e-09,-0.0005798359396813286,4.0936811641122924e-08,1.549768084095211e-09,3.4226326623822203,8.102618247675733e-05,-3.983792119248101e-08,1.95019781803674e-11,4.406353326664939,7.912213968119045e-05,-7.205291552298831e-07,1.0661275175048122e-10,-3.0726133178899486,-0.000581389005594684,-6.406051022065461e-07,1.644709815843937e-09,-0.7789800606137947,-0.00013515709881728143,-1.918263854482966e-07,1.5917954267184604e-10,5.076423034634259,5.082650713343836e-05,-5.6228590282256685e-08,1.3017789543577978e-10,9.031531239391766,0.00016347693274376823,-1.4219834151885226e-08,-1.2208898694793713e-10,9.034291858439941,0.00016127695416572884,-1.6899519668209163e-08,-1.0325210827423297e-10,2.141296361176116,0.0001643288770813302,-8.65153051147633e-09,-7.394872374965496e-11,3.3530644239974454,0.0006317177465802133,-9.584071348069597e-08,-1.4538186253011287e-09,4.600265529531173,-2.2558341530121,0.0005492669963132052,-1.2145880052130036e-07,-1.3122276601728469e-09,0.0005037849754452692,5.734910897563113e-08,-5.121049828609381e-10,-2.2585947720602744,0.0005514669748912383,-1.187791150049657e-07,-1.3310645388464866e-09,2.511223958105374,0.00012032918605561944,6.7314248624306045e-09,-6.103916347158658e-11,1.6986500267641584,0.0006618116731097491,-8.316716577879426e-08,-1.5618185442940968e-09,1.699274051745407,0.0006619174219235343,-7.94500443909171e-08,-1.5644945425565648e-09,5.306262797845163,0.00045129538553917713,1.13064517600053e-07,-6.393034503337347e-10,6.775697086379666,7.479559344315913,0.0006618106203712462,-8.316528963553501e-08,-1.5617976811686746e-09,0.000712743929056972,-1.356786346731861e-07,-1.4343166471207748e-09,5.607124720614766,3.264505094257297e-05,-1.954826349763682e-09,-6.583649785553493e-12,0.0431,9.053714363337393e-06,-5.971033300853334e-08,4.5282127903124767e-11,45224.52,3.969324312680186,0.0008113970314459866,-2.262514056921017e-06,21.61,0.013155404549530273,1.997896266686641e-05,-3.5984562881144566e-08,0.023,-2.4465180122694602e-05,-2.1570009460279762e-08,2.663775474248733e-10,0.0121,1.5434521597163886e-07,-2.543551803384128e-09,-6.298914094116117e-12,0
1997-09-30,0.0621,-2.497118536647564e-05,-2.935700786691265e-08,2.7786704867550267e-10,0.005499999999999998,-4.0299803465544895e-08,1.4043110480335739e-08,1.465924663417403e-11,-0.0606,9.061179404200087e-06,3.2065266571722253e-09,-2.1972811796056694e-10,7.15,-0.0018257531303461278,-8.225407495897703e-07,2.23823466479135e-08,7.7,-0.0018297831106926816,5.817702984438052e-07,2.3848271311330904e-08,6.21,-0.00249493287700334,-2.926184790782537e-06,2.7765671013669533e-08,4.95,-0.00028345980557287556,-1.885147494162694e-06,-3.3499052364083313e-10,0.0654,-7.292243818648569e-06,-5.256630605403161e-08,2.3232437619953537e-10,3.4861510875423187,0.00045405466075644637,-2.177100430249556e-07,-8.264659031761867e-10,5.0826458300725275,4.6495249526590235e-05,-3.419114401338886e-08,1.9520120334129106e-10,-4.110473944151985,-3.4145407968358397,-0.0005781387248418722,3.559179914519019e-07,9.415809153001886e-10,-0.0005315255527140128,3.135273624147231e-07,1.1158199704434013e-09,3.42816382989197,7.986611797257195e-05,-2.1678242968111422e-08,-5.69051046135061e-11,4.403054001865957,-1.853351479604859e-05,-6.537575401241292e-07,1.7354657730195517e-09,-3.137295837875778,-0.0006294413825738323,-3.160610829049963e-07,2.9129049035747016e-09,-0.7942043763551714,-0.00015217371635726246,-1.720901276087155e-07,1.8917981050503147e-10,5.0826458300725275,4.6915879587570986e-05,-3.5504478405510484e-08,1.9638300243826496e-10,9.050033699514671,0.00016049195709980508,-2.103898935301865e-08,-4.1225432042584346e-11,9.053628431586299,0.0001581804218959426,-2.1668722307913967e-08,-1.7987022497479207e-11,2.157197306203564,0.00016282019873695153,-8.09698837296279e-09,-1.320919742122952e-11,3.4145407968358397,0.0005781387248418722,-3.5591799145190276e-07,-9.415809153001921e-10,4.667389304503475,-2.2073290727868615,0.000497512885714638,-3.565572450670014e-07,-9.57260587871098e-10,0.0005007931241164561,-3.1889589858895784e-08,-8.282903192163957e-10,-2.21092380485849,0.0004998244209184985,-3.5592751211208767e-07,-9.80498997416193e-10,2.523325759691945,0.00011927992285460063,5.0928883317343926e-09,-1.1922941433976378e-11,1.7600587966552816,0.0006115095932878532,-3.434050904066346e-07,-1.1936872232549926e-09,1.7600587966552816,0.0006110889632268742,-3.4209175601450044e-07,-1.1948690223519843e-09,5.370474726723816,0.0004530149422962371,4.842209139051652e-09,-1.0203016328666013e-09,6.8427046267278095,7.540966662931084,0.0006115095408954788,-3.434011190859078e-07,-1.1936812012244963e-09,0.0006580048428144428,-3.775962344200146e-07,-9.984860199136924e-10,5.610533502436571,3.2459812085186554e-05,-1.9707082684422593e-09,-4.304769198453708e-12,0.0467,3.861666797376777e-06,-4.556179412078099e-08,1.330053405152586e-10,45632.62,3.9713182551825694,0.0007270474114976944,-3.79834592309243e-07,23.06,0.01473547725820255,1.286518950857176e-05,-7.031790423524755e-08,0.0215,-2.4946382833827646e-05,1.7868113288735732e-08,3.061136236581473e-10,0.0121,-2.6438599276677644e-07,-2.9771844801791755e-09,-3.2572979562633527e-13,0
1997-12-31,0.0581,-2.5901047223844892e-05,4.887530106890378e-09,3.201298465818426e-10,0.005600000000000005,2.3298912564464338e-06,1.5573645413394953e-08,-1.983731781514227e-11,-0.0571,6.839385503415246e-06,-2.49047004769588e-08,-2.1471510135823615e-10,6.76,-0.0017396927721423385,2.0205479369134215e-06,2.4273278827895433e-08,7.32,-0.001506703646497695,3.5779124782529116e-06,2.228954704638121e-08,5.81,-0.002585709250694384,4.98269006597756e-07,3.1960270334300435e-08,5.16,-0.000546892331029241,-1.8500476282873308e-06,6.813796066619866e-09,0.0613,-1.0349813123003969e-05,-1.3694098650956627e-08,2.8579483254483125e-10,3.4974162394026984,0.00043449151886160305,-3.0700467006842405e-07,-6.04108557029722e-10,5.083265985131163,4.394799896488971e-05,-1.0315171900439504e-08,2.4194406733959305e-10,-4.12893600699172,-3.431227007651268,-0.0005403217854835045,4.5044818809338555e-07,3.4529358014022234e-10,-0.0004977846522838031,4.2948235268851503e-07,5.85170223196724e-10,3.4381719844535166,7.943950351773296e-05,-3.137271753563756e-08,-1.993355815465375e-10,4.379523504455763,-9.541378027609695e-05,-3.568018684999232e-07,3.185682441058285e-09,-3.18689277901515,-0.0006716911132805987,1.070876529795774e-07,3.969528322956502e-09,-0.807436326962073,-0.00016378090595946024,-1.5166135956672256e-07,1.4128559506300064e-10,5.086361004624392,4.329534173474203e-05,-9.128769053838643e-09,2.486736741608659e-10,9.066795929960296,0.00015654500627966666,-1.9360864177756548e-08,4.245802966052295e-11,9.069456645636603,0.00015383859436469695,-1.7745511790992548e-08,7.03265741483513e-11,2.1713368063840917,0.00016073626505674307,-3.3687200719951894e-09,3.506163028900846e-11,3.431227007651268,0.0005403217854835045,-4.504481880933848e-07,-3.4529358014022436e-10,4.698062185720693,-2.1973969378555123,0.00046321628272157046,-4.624600414512724e-07,-5.870871913472569e-10,0.00047742342243823206,-1.5260970231365558e-07,-9.655999849355168e-10,-2.2000576535318173,0.0004659226946365395,-4.6407539383801594e-07,-6.149557358351163e-10,2.5321082512722946,0.00011992904729673411,8.066958162047663e-09,8.584804649442083e-12,1.7861330069736212,0.0005758132900363477,-4.715057337285935e-07,-7.865732290263465e-10,1.7830379874803932,0.0005764659472664955,-4.726921365751896e-07,-7.933028358476445e-10,5.39570892806379,0.0004315416694358878,-1.4068139942956072e-07,-1.186090745262618e-09,6.869398992104784,7.567045734447881,0.0005758131709908742,-4.71502879494412e-07,-7.865732726721791e-10,0.0006197612890012332,-4.818209056290244e-07,-5.446291616867304e-10,5.613529485678639,3.1924905679921875e-05,-1.988630823557019e-09,-2.2814208951356417e-13,0.044800000000000006,2.6238703563008623e-06,-2.1281015169066756e-08,1.4647664481425788e-10,45884.47,4.061585983314973,0.0008331570723183357,2.6631129159681574e-07,24.23,0.016522809535478945,2.811055120742962e-06,-1.0399862882854014e-07,0.017,-2.1892762973156598e-05,5.200009511345911e-08,2.938530634788067e-10,0.012,-6.381695829879168e-07,-2.6412552549046444e-09,5.08971246338988e-12,0
1998-03-31,0.0565,-2.2959108312198188e-05,4.78901885401776e-08,2.8335214067321695e-10,0.006000000000000005,3.985662902239455e-06,1.150607000236818e-08,-4.7991659005137026e-11,-0.0587,2.6053592540646704e-06,-5.3672153008798665e-08,-1.5798685115370558e-10,6.72,-0.0013565972860176301,5.097652593952865e-06,2.0141672538403113e-08,7.32,-0.0009580309957936822,6.248259594189684e-06,1.5342506637889404e-08,5.65,-0.002291515359529716,4.7914463613065255e-06,2.827196920646279e-08,5.03,-0.0008448271593275762,-7.303516721697972e-07,1.3959053556802263e-08,0.0602,-1.003746569376414e-05,2.2647353643182178e-08,2.6124616105897917e-10,3.591542221224979,0.0004021619262186048,-2.0476457245422396e-07,-3.8832436016791673e-10,5.088830141681313,4.447391257194136e-05,1.4718824804654317e-08,2.523634992034222e-10,-4.2336066295556085,-3.5397574426468554,-0.00048803627449306165,3.0432096519279213e-07,-3.146082581495807e-10,-0.0004461711254413636,3.1064093119343106e-07,-4.177212618885525e-11,3.4420193761824107,8.01184844714746e-05,-6.378157862816476e-08,-3.782018989860303e-10,4.3694478524670215,-0.00012164944377109909,1.0233044232435674e-07,3.898446521269846e-09,-3.3049785239216125,-0.0006464811268956192,4.777617744136118e-07,4.226028018357547e-09,-0.8211868495211216,-0.0001750819991255278,-1.316821961877799e-07,5.255607144635409e-11,5.087596335232384,4.301447598596408e-05,1.4698146693513606e-08,2.6298634856661285e-10,9.078625271750676,0.00015435684470141293,-8.904703458630991e-09,1.0032723471263499e-10,9.080485754578957,0.0001520429747644242,-4.924912069000021e-09,1.2711038395920402e-10,2.185030749061766,0.00016034855253927935,2.166932615120623e-09,4.710477908140564e-11,3.5397574426468554,0.00048803627449306024,-3.0432096519279213e-07,3.146082581495864e-10,4.7252365507135154,-2.0968484529214106,0.000413797914263123,-3.5919784036232654e-07,-1.6392087554906182e-10,0.00045778173855687,-2.5493542183379704e-07,-1.109761724525165e-09,-2.0987089357496918,0.0004161117842001134,-3.6317763175194655e-07,-1.907040247956924e-10,2.5416019934645457,0.00012087205848678034,1.3909512359809362e-08,4.9819897071907635e-12,1.8929466771479535,0.0005236808463925921,-3.8282136862561586e-07,-3.159571400398426e-10,1.8941804835968818,0.0005251402829785729,-3.8280069051448016e-07,-3.265799894030775e-10,5.417591458178067,0.00041197102468584697,-2.672090629692922e-07,-1.3280936258681585e-09,6.981776818829266,7.673855479280672,0.0005236808348727751,-3.828207949199477e-07,-3.159607397974698e-10,0.0005681547589645328,-3.681025438209598e-07,-6.359364083642463e-11,5.615970777495802,3.163108696641117e-05,-2.2948031004474643e-09,1.7051792081544811e-12,0.048600000000000004,1.1571389408880509e-06,-8.217069811880556e-10,1.1585081188580884e-10,46231.82,4.146589940690456,0.0010823110885057933,3.032372812608632e-08,27.23,0.016653992192213994,-6.870607535531565e-06,-1.1910411079940583e-07,0.0138,-1.3499574906768251e-05,7.712553073461778e-08,2.1544496552425508e-10,0.011899999999999999,-8.780179978185086e-07,-1.5369029466337118e-09,7.927872851007432e-12,1
1998-06-30,0.055,-1.7478012596319835e-05,8.188412968260212e-08,1.772066965043524e-10,0.005999999999999997,5.126831878191034e-06,1.9841131972898195e-09,-6.357240420208224e-11,-0.056900000000000006,-3.485552249890306e-06,-6.825875397273272e-08,-5.636536311028874e-11,6.53,-0.000727647877937787,7.299083019588466e-06,1.0729313887546949e-08,7.13,-0.00021496469011868247,7.497494339317452e-06,4.372073467338732e-09,5.5,-0.001743405787941884,8.176464635621171e-06,1.7657424789576383e-08,4.98,-0.0010024318734540294,1.31288761233623e-06,1.806430072767713e-08,0.0529,-4.910364775358872e-06,4.5727843534595266e-08,1.5297472927122443e-10,3.6054978451748854,0.0003486761064475076,-1.6916380990761186e-07,-4.2033746588947253e-10,5.093750200806762,4.74482755519888e-05,4.209256467855685e-08,2.2380812116978515e-10,-4.240527072400182,-3.5540317023841554,-0.00042326351080790856,1.7523781369958646e-07,-6.65592834583226e-10,-0.00037963574906266646,2.139406263333922e-07,-4.047561152910037e-10,3.456632088550256,7.440682182494537e-05,-1.0988022114769901e-07,-5.155591322840774e-10,4.349890764643811,-8.720022286557508e-05,6.047238195397741e-07,3.502499695796864e-09,-3.3467091963780855,-0.0005393162004427847,9.271563713288029e-07,3.6015899043559357e-09,-0.83989236475763,-0.00018831771885160584,-1.2826487995632341e-07,-3.298883337556862e-11,5.09252245356844,4.7084687675075235e-05,4.1091523452815156e-08,2.2871359457034522e-10,9.090033153248491,0.00015402071471574686,6.973309589620494e-09,1.244446021124575e-10,9.092888606443793,0.00015247336026963376,1.504637411252234e-08,1.443785926727078e-10,2.2001191673054654,0.00016205916835231282,9.793811517463493e-09,2.09185836354745e-11,3.5540317023841554,0.0004232635108079079,-1.7523781369958802e-07,6.655928345832292e-10,4.779356923375613,-2.0793693623140808,0.0003436496179171071,-2.920913444369022e-07,2.5589100186712568e-11,0.00043769075034602036,-3.1554389701471194e-07,-1.306071842168355e-09,-2.082224815509381,0.00034519697236322225,-3.001644089598059e-07,5.655109626382175e-12,2.551006451492524,0.00012234970164872114,1.4591083327742147e-08,-2.8874805899938903e-11,1.916913590127649,0.00045022205708086067,-3.272105995258452e-07,-7.377441887059039e-11,1.9181413373659715,0.0004505856449577777,-3.262095583001077e-07,-7.867989227119542e-11,5.469008687858243,0.00038941720369623444,-3.470973212043979e-07,-1.4921234216537309e-09,7.010663790934411,7.697824975197735,0.000450221973359316,-3.272101841004156e-07,-7.377679754212742e-11,0.0004976703326328533,-2.851180348472817e-07,1.500337022991568e-10,5.618841679803801,3.170684522204592e-05,-1.9325451640022984e-09,3.079059549955373e-13,0.0409,1.950524299490768e-06,4.421599848795356e-09,3.4934931949737966e-11,46526.18,4.235539161904034,0.0010827578154885594,-1.4499678806477708e-06,28.44,0.01442938370890986,-2.025609901629492e-05,-1.0975726380627104e-07,0.0168,-3.553033525444257e-06,9.676982415942312e-08,9.871553090411101e-11,0.0118,-9.654735374479626e-07,-1.6895253650530805e-10,7.41783077654975e-12,1
1998-09-30,0.0481,-6.993715645772563e-06,9.350199390612202e-08,4.651714409952929e-12,0.006899999999999995,5.3715631684664074e-06,-7.0891247905349626e-09,-5.942710868376597e-11,-0.0551,-1.2599917975978356e-05,-6.642229547514228e-08,7.87664391706335e-11,6.4,0.00016208325835592312,7.90365257179267e-06,-2.611570845851919e-09,7.09,0.0006992395752025649,7.194740092739172e-06,-8.55428171422852e-09,4.81,-0.0006949760928871583,9.33097776744525e-06,4.1766427375494356e-10,4.61,-0.0008342200111177374,3.783293719697584e-06,1.546152213315427e-08,0.0529,3.647363065434057e-06,5.760825072931095e-08,-9.156735944130055e-12,3.512440560478137,0.00036637635619365255,-2.5714389364416853e-07,-1.229587622684468e-09,5.097424424168647,5.168505761908998e-05,6.574931145334481e-08,1.6945593070102943e-10,-4.147745338949216,-3.463074453087837,-0.000442972393651217,1.2459496497755176e-07,-9.519451781627287e-11,-0.0003951579107120184,1.9209767896663053e-07,1.1414918539911115e-10,3.4651107074058083,6.046017382001431e-05,-1.716143485813599e-07,-5.823192674070136e-10,4.323470185213858,7.75044576719966e-06,1.0044058541712897e-06,1.881720200668037e-09,-3.2887619523323672,-0.00044646405482310356,1.3651613959212655e-06,2.5722853553074768e-09,-0.8593484428160942,-0.0001992761812569327,-1.4704154924347743e-07,-1.1224108781315416e-10,5.096812990337308,5.223691413494755e-05,6.72662152954101e-08,1.6866438679979747e-10,9.101607398191042,0.00015588074187663226,2.1871771165881406e-08,1.0235714344448715e-10,9.104112257841397,0.00015477593800967138,3.2796722280397674e-08,1.1375613254705394e-10,2.215273773419629,0.00016385723140963684,1.5290025482680846e-08,-2.7512261707189186e-11,3.4630744530878372,0.000442972393651217,-1.245949649775502e-07,9.519451781627196e-11,4.832036376817841,-2.1734222376973977,0.00034755182559459836,-3.1808108472479e-07,-5.894818930352136e-10,0.0004041246273710983,-4.069829798379142e-07,-1.5181507949082294e-09,-2.175927097347751,0.0003486566294615617,-3.2900603583931655e-07,-6.008808821378411e-10,2.563409711275944,0.00012561459536260394,1.159384847671792e-08,-9.859960570465433e-11,1.8307607363249985,0.0004517475098521382,-3.619586250122546e-07,-6.565806802917298e-10,1.831372170156337,0.00045119565333628063,-3.6347552885432606e-07,-6.557891363905084e-10,5.519028354829612,0.0003509864845361116,-4.546592669992499e-07,-1.6477405287553422e-09,6.928185160493645,7.611669288652975,0.00045174709515753144,-3.6195751630733535e-07,-6.56576442857864e-10,0.0005034325674712292,-2.9620931355890323e-07,-4.871247495907314e-10,5.622029972783942,3.1646008393457216e-05,-1.118148023241011e-09,-1.929284775437394e-12,0.040999999999999995,6.033149155884555e-06,4.183184734382479e-09,-8.024969346662812e-11,46961.55,4.420609175375216,0.0009297901913218477,-4.613403858503041e-06,26.8,0.012353551590565125,-3.448111728409826e-05,-8.602188983076824e-08,0.0149,5.312482179658284e-06,1.0227373995099768e-07,-2.5562916768703425e-11,0.0116,-8.766875376362574e-07,7.685822827289148e-10,3.4557494473910527e-12,4
1998-12-31,0.0464,6.942647841756342e-06,8.339772789913987e-08,-1.8997999298538448e-10,0.010100000000000007,3.385058358471282e-06,-1.296275516438955e-08,-3.159439597013358e-11,-0.0587,-2.0992044466133126e-05,-5.088905650959899e-08,2.0237670049547745e-10,6.22,0.0011608193851795317,6.76797770166466e-06,-1.6399390986372026e-08,7.23,0.0014993252210266637,5.4717021852257e-06,-1.9558830583385408e-08,4.65,0.0006943125624842797,8.320551166747044e-06,-1.8998488974832043e-08,4.39,-0.00022887578431657132,5.99807870896805e-06,4.759041203958372e-09,0.0602,9.740703097895062e-06,5.1604227712718416e-08,-1.7477942850323776e-10,3.658935577740864,0.00039709283105328965,-3.354646925389721e-07,-2.3475175443584365e-09,5.099256485749784,5.918148587315542e-05,7.797897326232057e-08,8.5054526110614e-11,-4.29768548624013,-3.615389894461048,-0.000491226965288187,5.027660612102036e-08,9.85557148515537e-10,-0.0004347514353771134,1.3449837259668457e-07,1.1036917601772372e-09,3.4663607075685685,4.1755718705162315e-05,-2.352936145057213e-07,-5.90269331331584e-10,4.311604170377335,0.00014751009102085267,1.1741581865487184e-06,-7.670929147399896e-10,-3.451438598098902,-0.00032867713592518304,1.5405805819675519e-06,9.2703665330022e-10,-0.8746690571833355,-0.0002084065584406441,-1.6970161615277282e-07,-1.5455160730971672e-10,5.10230248262208,5.894415309313228e-05,8.13413751458445e-08,8.64059320867166e-11,9.118345360922426,0.0001600041683835346,3.428108939323416e-08,3.254808386699855e-11,9.119394026780368,0.00016021607309746056,4.449276037373242e-08,2.975942346521066e-11,2.2289385528257473,0.00016525863258088567,1.0873211684384592e-08,-9.4931558222494e-11,3.6153898944610474,0.0004912269652881864,-5.027660612101735e-08,-9.855571485155336e-10,4.8528120492038695,-2.0365947588928086,0.0003729785156098158,-3.198513100199728e-07,-1.6083745637141182e-09,0.00036711751849804466,-5.827610401307662e-07,-1.769608117382043e-09,-2.037643424750751,0.0003727666108958892,-3.300629810004879e-07,-1.6055859033123467e-09,2.579458966729223,0.00012672602319483244,4.456964682309449e-09,-1.7786053320252534e-10,1.9824941162798324,0.00047380119812019255,-3.6354919388905206e-07,-1.6608810059577076e-09,1.9794481194075368,0.00047403853090021363,-3.6691159577258967e-07,-1.6622324119337954e-09,5.5344653360609835,0.0003087400185013446,-6.419568176895831e-07,-1.8322669236824293e-09,7.081750602029617,7.763403888886731,0.0004738010279404903,-3.6354763207116526e-07,-1.6608726478598363e-09,0.000532982683993348,-2.855702206267378e-07,-1.575826479847115e-09,5.624991760689139,3.135778337433753e-05,-1.2235319116773625e-09,-4.296531142906458e-12,0.048799999999999996,6.2075279726012076e-06,-3.976636488551652e-09,-1.787966597084462e-10,47577.09,4.510600467913389,0.000621592999303202,-8.313223022413057e-06,31.56,0.009265380832796937,-4.155162950255602e-05,-3.982682613586715e-08,0.0161,1.5580732008558332e-05,9.066751670701636e-08,-1.5920329782192873e-10,0.0115,-6.343007574161828e-07,9.154330613171594e-10,-2.8562688082524256e-12,0
1999-03-31,0.052300000000000006,1.7079075799638332e-05,5.312239769276917e-08,-3.308695431796303e-10,0.009100000000000002,6.987895310762952e-07,-1.5462635328853078e-08,6.121079008507454e-12,-0.0625,-2.552701923239799e-05,-2.168655155228583e-08,2.750165209602359e-10,6.62,0.0019422525516804123,4.172930108795398e-06,-2.63416100707916e-08,7.53,0.0020121315047880424,2.6266665759100875e-06,-2.5729502169940865e-08,5.23,0.0017035716331831221,5.293018146109981e-06,-3.304015117087519e-08,4.44,0.0006048879454200719,6.784353847713253e-06,-1.1872280840055054e-08,0.061500000000000006,1.4476999469615508e-05,2.156857851257615e-08,-3.29693739339678e-10,3.7220724214697003,0.0003410710329850533,-5.772444991610248e-07,-3.0013069909984904e-09,5.10594547390058,6.961786603131293e-05,8.168506368291216e-08,-2.9091304189734976e-11,-4.358310108056566,-3.6805346118612317,-0.000471522425854054,1.520742593941301e-07,1.8762019537554434e-09,-0.0004035498597020681,2.4245331135942514e-07,1.871783415811769e-09,3.475376779836407,1.7082648537358053e-05,-2.884395513579483e-07,-5.066564882880981e-10,4.3225419878389895,0.0002921144515640892,1.0111799783123495e-06,-3.9461773901931465e-09,-3.5098967985854963,-0.00012871847526641847,1.5403078925323066e-06,-1.5676379839612237e-09,-0.8907823989449264,-0.00022432387070028538,-1.853048350701688e-07,-7.656246977309984e-11,5.1047326174753715,6.873384295955076e-05,8.293641227499716e-08,-2.6153916477678554e-11,9.137123341277766,0.00016348543259301767,3.890053957408711e-08,-6.446595020774845e-11,9.138437735511882,0.00016559111871879695,4.785357263423584e-08,-8.45626597834984e-11,2.2427284148775897,0.00016723076929932719,-3.0995359739863586e-09,-1.8041342258229077e-10,3.680534611861231,0.00047152242585405334,-1.5207425939413012e-07,-1.8762019537554417e-09,4.871209326652822,-1.9812119495801281,0.0003251196417983954,-4.79414350326161e-07,-2.3183924918357946e-09,0.000323070226904347,-7.924630546044269e-07,-1.9152955185890244e-09,-1.9825263438142438,0.00032301395567261237,-4.883673833863274e-07,-2.2982957822600266e-09,2.589266665112243,0.00012588195408482042,-1.7560687383147582e-08,-2.557701257775975e-10,2.0499659177970577,0.0004189872083600974,-5.221988744349778e-07,-2.3537671378537934e-09,2.051178774222267,0.00041987123143185924,-5.234502230270735e-07,-2.3567045255658293e-09,5.546913939307745,0.0002589374891825591,-8.542678532715736e-07,-1.9013566746052424e-09,7.1559113916976385,7.830874642589803,0.00041898756674434157,-5.221957127837865e-07,-2.3537582337185897e-09,0.0004886050743914114,-4.405138107520776e-07,-2.3828584420435537e-09,5.627405263058436,3.1259268966644245e-05,-2.399267220270816e-09,-7.918551052772875e-12,0.0482,4.486636841874003e-06,-3.101518884338496e-08,-2.5654620984733005e-10,47907.87,4.5141519342897425,-0.00038018975396873696,-1.209066645170096e-05,33.39,0.0035631394296289586,-4.307660482266133e-05,3.633950110175235e-08,0.0173,2.573090863165014e-05,6.90484974205452e-08,-2.8715797537516316e-10,0.0115,-4.153494782368193e-07,2.2630881779854517e-10,-8.916175684598623e-12,0
1999-06-30,0.059000000000000004,1.9456455250788257e-05,4.065544514466739e-09,-3.7389607603714646e-10,0.007899999999999992,-8.239156088775925e-07,-1.1789203178752092e-08,3.879047014669822e-11,-0.0678,-2.574797563403865e-05,1.4888508215691529e-08,2.8480864223791855e-10,7.23,0.0021750139812700686,5.780087663972587e-07,-2.970692825332397e-08,8.02,0.002092622420382309,-6.009115514779615e-07,-2.582788123865415e-08,5.9,0.0019413095782981158,3.94447426053296e-07,-3.7327007622569335e-08,4.57,0.001447667024264724,4.784286285390421e-06,-3.0980832300154487e-08,0.062,1.7819444622466943e-05,-2.0490058195056976e-08,-4.4432053829132423e-10,3.7419461750506287,0.0002653622059536037,-1.0533168242231658e-06,-3.2126518075738917e-09,5.113191882421348,7.86303833781532e-05,7.738005038861123e-08,-1.4113900732740105e-10,-4.390058806371146,-3.7193959564960823,-0.0004470635965512851,5.12732607685781e-07,2.5929388802968506e-09,-0.00036919178109411294,5.988204002986069e-07,2.466484332493228e-09,3.4679210137050633,-1.390483448794541e-05,-3.3804478580402784e-07,-3.08548089838279e-10,4.381776603418673,0.000407415620854764,4.587534361192207e-07,-6.957396325243026e-09,-3.473768074496991,5.200608286937414e-05,1.3959817881897026e-06,-4.186248521360682e-09,-0.9169794376123073,-0.00024826692039919845,-2.0124087033967358e-07,1.4203885880651269e-10,5.111987788356544,7.882648341699244e-05,7.679475850588523e-08,-1.441964459278019e-10,9.149706962621138,0.00016742748485670534,2.6365277830787776e-08,-1.8427172273707485e-10,9.152458472954523,0.00017022176228847913,3.343396388917598e-08,-2.1168107912640374e-10,2.2606726491588685,0.00016779541829420284,-2.2790190671378228e-08,-2.577731733169934e-10,3.719395956496082,0.0004470635965512858,-5.127326076857808e-07,-2.592938880296856e-09,4.917817446745481,-1.962389992419992,0.00026573127720663537,-8.77142671320594e-07,-2.717215247398061e-09,0.00024125155936097,-9.96071713322617e-07,-1.6463297327815851e-09,-1.965141502753377,0.00026293699977485705,-8.84211357378989e-07,-2.6898058910086793e-09,2.5974910105351463,0.00012561011134840094,-4.992195311908421e-08,-3.3069307140709326e-10,2.074125087779798,0.00035452837868518716,-9.281574438784095e-07,-2.7603479628077375e-09,2.0753291818446025,0.00035433227864634586,-9.275721519956835e-07,-2.7572905242072974e-09,5.586374610008888,0.00017018787871903376,-1.0528197644275867e-06,-1.5453706902166382e-09,7.187316970201146,7.855036797028012,0.0003545288760430046,-9.281533067371313e-07,-2.7603408104164967e-09,0.0004331587620633404,-8.507773934898055e-07,-2.9014869701351493e-09,5.630315322774329,3.127700165021646e-05,-3.576758315536488e-09,-1.1468345414389632e-11,0.0472,3.3025493684066394e-06,-6.385772824758063e-08,-3.0473935102631274e-10,48168.37,4.546718878096715,-0.0018902558181933134,-1.5835978036610213e-05,32.24,-0.0017308469000309357,-3.964036835481256e-05,1.210666550183259e-07,0.0196,3.202150909794554e-05,3.683087280882905e-08,-3.7429455194427496e-10,0.0115,-3.955267018210289e-07,-1.2290753019368442e-09,-1.2188735660421995e-11,0
1999-09-30,0.0592,1.62610738206242e-05,-4.7029114846759985e-08,-3.151185982950047e-10,0.008099999999999996,-1.8360831514799147e-06,-3.6269447560310294e-09,6.170075460105475e-11,-0.06939999999999999,-2.168644778990209e-05,4.737380428690147e-08,2.2808913044871714e-10,7.39,0.0019183053758658115,-3.0963893733146677e-06,-2.600841643468691e-08,8.2,0.0017346970607178213,-3.4590838489177817e-06,-1.9838340974581436e-08,5.92,0.0016217714352817103,-4.700655580079149e-06,-3.144925984835517e-08,4.68,0.002167813544411245,1.5096240325148393e-07,-4.714583252471178e-08,0.062,1.4355028845007685e-05,-6.98198359550772e-08,-4.5395329754095544e-10,3.721346644251438,0.00018280957071375932,-1.4592137595326503e-06,-2.7774215430030436e-09,5.123368564083496,8.428221615814288e-05,5.725020611816225e-08,-2.26161906924487e-10,-4.374058465024705,-3.7145208009743027,-0.00042129293460581166,8.623400571252613e-07,2.840798405173687e-09,-0.00033698572110925915,9.293775870746127e-07,2.6182310527254037e-09,3.469478889078561,-4.621172461662659e-05,-3.747950985468882e-07,-2.55511900675904e-11,4.440767129696482,0.000454307322907338,-4.445051171910604e-07,-8.933587666193868e-09,-3.402197881995739,0.00016395106514877842,8.589554806303075e-07,-6.299822580410504e-09,-0.9435566827892226,-0.00026981679774615384,-1.9998874911746893e-07,4.284237227430173e-10,5.122772794033106,8.535551393262577e-05,5.828587315650236e-08,-2.347875624675331e-10,9.161802226047486,0.00017227631287291268,1.4584849525760791e-09,-3.1324448393273913e-10,9.165042751768622,0.00017488754934676665,3.910496438601322e-09,-3.372179523712523e-10,2.2787700917022775,0.0001644610969212392,-5.159953363307162e-08,-3.006986744013478e-10,3.7145208009743027,0.00042129293460581166,-8.623400571252597e-07,-2.840798405173688e-09,4.962127088870662,-1.9778025359946225,0.0002028048971162738,-1.2385936406247231e-06,-2.553105111308556e-09,0.00012166339671224602,-1.1876015947937683e-06,-9.654828341150635e-10,-1.9810430617157584,0.00020019366064241289,-1.241045652110748e-06,-2.529131642869962e-09,2.6100697927420065,0.00012175436069594147,-8.343885490646532e-08,-3.5387415207331225e-10,2.060631125969368,0.0002907989938310436,-1.2943853617903038e-06,-2.640187688316817e-09,2.0612268960197575,0.0002897256960565569,-1.2954210288286409e-06,-2.6315620327737183e-09,5.623415137381166,4.461133729727687e-05,-1.2321069538872447e-06,-7.861920011807428e-10,7.183999690052864,7.841540093158873,0.0002907998064374584,-1.2943809268316223e-06,-2.6401886639841063e-09,0.0003750812099891837,-1.2371351556721468e-06,-2.866349595241288e-09,5.633538821267597,3.093431054185108e-05,-4.51329690884691e-09,-1.2083520662465867e-11,0.0479,-3.7493166399810803e-06,-9.50051105130604e-08,-2.6229254481763097e-10,48648.92,4.40610721063374,-0.003511398505671434,-1.714984620583793e-05,29.99,-0.004973820834309223,-2.395750028230656e-05,1.9250936627064778e-07,0.0263,3.3585240052980855e-05,-8.037691412920594e-09,-4.0715816643945635e-10,0.0116,-6.162412529703634e-07,-3.0562263697074627e-09,-1.1591952410954653e-11,1
1999-12-31,0.06280000000000001,7.6017651865834155e-06,-7.944316155081246e-08,-1.7492215842671176e-10,0.006399999999999997,-1.7203976826214917e-06,4.206178319058742e-09,6.795034669297477e-11,-0.0702,-1.4137725543641414e-05,6.871608885000789e-08,1.229621396005976e-10,7.55,0.0013117750033288175,-5.729783060363477e-06,-1.6944739683252536e-08,8.19,0.0011397352350666675,-5.309165228457608e-06,-1.014970501395504e-08,6.28,0.0007558405718776334,-7.934760564685991e-06,-1.7439973286911666e-08,5.2,0.0021781254976907145,-5.982642974250628e-06,-5.243690641822345e-08,0.0652,3.909379169179559e-06,-1.2773410671783235e-07,-3.4763696296272837e-10,3.7884985191426486,6.159250876899141e-06,-1.706113776181424e-06,-1.328926736552706e-09,5.12574810119676,8.92770970630001e-05,2.371913869925109e-08,-2.8699172149453573e-10,-4.448166437178426,-3.7944048597236493,-0.0003071685481893127,1.150544945241538e-06,2.1791471107308956e-09,-0.00021767646747490528,1.185443967164653e-06,1.88491525461982e-09,3.4701013603093664,-8.247551562805475e-05,-3.693776470266334e-07,3.416875582183704e-10,4.529907701487544,0.00038692558132827,-1.557816630599927e-06,-9.037612676880034e-09,-3.390257441623821,0.00025303456430544045,-6.691630514970069e-09,-7.507014247708163e-09,-0.9597202898014912,-0.0002869747502281155,-1.4469118011942802e-07,7.474218748013022e-10,5.128714582161857,8.955541508987516e-05,2.6100583437553483e-08,-2.9356960379536286e-10,9.178501450236753,0.00017318556141912854,-3.1930369030689834e-08,-3.9360471885187724e-10,9.181451889020458,0.00017604119761009812,-3.3787918133062065e-08,-4.1285157989215486e-10,2.2925347571405443,0.00015846759216221266,-8.82145001926783e-08,-3.042175316326664e-10,3.7944048597236493,0.000307168548189312,-1.1505449452415381e-06,-2.1791471107308906e-09,4.971971462892472,-1.913995230203737,5.15074711421315e-05,-1.4879922232374778e-06,-1.443854833660665e-09,-5.4797570631821835e-06,-1.2826528738640378e-06,-1.6834076516821721e-10,-1.9169456689874427,4.865183495115742e-05,-1.4861346741351026e-06,-1.4246079726203326e-09,2.626840145676667,0.0001101029684958392,-1.2388680868852878e-07,-2.926115542158706e-10,2.138758118836255,0.00013541593549826065,-1.5436417309674185e-06,-1.5504678310180203e-09,2.135791637871159,0.0001351376174713828,-1.5460231757057167e-06,-1.543889948717163e-09,5.6271341119038185,-8.628525368625378e-05,-1.3045640071470013e-06,6.148583857429288e-11,7.264506220033016,7.919668869044363,0.00013541750214421806,-1.5436365628747235e-06,-1.5504807623551318e-09,0.00022469303256125728,-1.5199225922681734e-06,-1.8374595525125332e-09,5.636466767371334,3.0211830072111174e-05,-5.730829651683297e-09,-9.590169466471257e-12,0.0482,-1.6706116406757906e-05,-1.3029453428209413e-07,-1.2190467671127343e-10,49303.48,3.8995555348429205,-0.005517181404621088,-1.4465229121625133e-05,29.66,-0.007459657614896392,2.6788334317310313e-06,2.3397242302680721e-07,0.0268,3.1059875619747325e-05,-5.544490051941992e-08,-3.8408609573300614e-10,0.0115,-1.0301199157221985e-06,-4.481237834575945e-09,-7.258712463380699e-12,1
2000-03-31,0.0626,-4.3013270882123535e-06,-8.518227963502791e-08,-2.9138470784260457e-12,0.006899999999999995,-2.2240411050104385e-07,1.1405937166983145e-08,5.6761123697296236e-11,-0.0721,-5.642914581260991e-06,7.378516936192108e-08,9.998290981616158e-12,7.68,0.0005093809967651769,-6.721599152795981e-06,-5.887085191894755e-09,8.37,0.0004871405857150679,-5.581005436097675e-06,-2.1097282216509164e-10,6.26,-0.00043230662186471286,-8.508672373107536e-06,-2.703053583771138e-10,5.69,0.0011188561141875462,-1.2666850870838138e-05,-4.285143068812434e-08,0.06269999999999999,-9.523111125035592e-06,-1.6903456148008356e-07,-1.4471298505427555e-10,3.76630335107874,-0.0002042509288797692,-1.819429804933716e-06,5.922431097507253e-10,5.1428324637076415,9.203654049715349e-05,-9.580605368920301e-09,-3.132534040451454e-10,-4.456750180869818,-3.816669332714577,-0.00015926941652091368,1.3943260232124088e-06,1.033173341459219e-09,-6.609487138267909e-05,1.3949989516712682e-06,6.953711278612519e-10,3.4572626055951043,-0.0001240118935353439,-3.1875511896871484e-07,7.773657859138565e-10,4.5689210533129705,0.00018377180005537327,-2.6337090462708386e-06,-6.786344900691271e-09,-3.343872315042886,0.0002424713449062789,-9.262865467728238e-07,-6.869123201450185e-09,-0.9787157158744617,-0.00030437323843615085,-4.1710663506457805e-08,1.0879828375182353e-09,5.14166355650266,9.155459462915211e-05,-9.648927132450233e-09,-3.15869111226925e-10,9.200307106684049,0.00016683712940122747,-8.082999277808907e-08,-3.919581487095771e-10,9.204152265074836,0.00016947889310321845,-8.298563681147594e-08,-4.050530583901982e-10,2.3054342193280135,0.0001496578868665964,-1.2134409893595927e-07,-2.5170299829795827e-10,3.816669332714577,0.00015926941652091368,-1.3943260232124088e-06,-1.0331733414592188e-09,4.965604724709996,-1.9263751683743682,-0.000131579606415657,-1.6322511494030369e-06,1.3615059316419932e-10,-0.0001347892154326881,-1.2091041704012932e-06,5.967758191198685e-10,-1.930220326765155,-0.00013422137011764797,-1.6300955053696324e-06,1.49245502844832e-10,2.6304489550786583,9.651896889098198e-05,-1.6209220423120415e-07,-1.7146256587224068e-10,2.1310994746020393,-5.6779017511581276e-05,-1.7035005368122022e-06,5.744584849975622e-11,2.132268381807021,-5.629707164357956e-05,-1.7034322150486616e-06,6.006155568153865e-11,5.614248625797283,-0.00021728560833794708,-1.2015563068101715e-06,8.385525233506324e-10,7.273931938309681,7.912009267997563,-5.6777390784167045e-05,-1.7034965436569352e-06,5.742258031254257e-11,3.525752298556978e-05,-1.7130811421811274e-06,-2.5580755554537247e-10,5.638923902307705,2.950960512629608e-05,-7.054882846736471e-09,-6.1533399238200326e-12,0.042199999999999994,-2.9565890987131194e-05,-1.4764731918949095e-07,7.953599294503285e-11,49360.61,3.2990560682368253,-0.007398149104830498,-8.848980231789937e-06,28.31,-0.0069976985475916405,3.2351503710516876e-05,2.159234947492185e-07,0.037599999999999995,2.3194870228369876e-05,-9.392919314820495e-08,-2.943499320948004e-10,0.0116,-1.6165986543748473e-06,-4.982111696432416e-09,-2.0529137298917423e-13,1
2000-06-30,0.061,-1.4899293855744338e-05,-6.67883801778399e-08,1.3923498875121023e-10,0.008100000000000005,1.0179738690073707e-06,1.675316135848436e-08,3.664648254803905e-11,-0.0734,2.578452940106557e-06,6.214834249135144e-08,-7.927436998238239e-11,7.67,-0.00025610448393769694,-6.127838908553789e-06,3.7724293894955765e-09,8.48,-0.00015430709703696116,-4.4525227727053575e-06,7.437077644299517e-09,6.1,-0.0014899293855744316,-6.669282427388735e-06,1.3913211528024419e-08,5.69,-0.0005937228527392452,-1.7722407769487837e-05,-2.102850037483292e-08,0.0757,-3.0178295071523864e-05,-1.7307652648335476e-07,1.5356855949956794e-10,3.7560707036542595,-0.0003904249617627621,-1.633825099467479e-06,2.3328088084603177e-09,5.149817358229593,8.896070091657451e-05,-3.789945235286635e-08,-2.735877195504753e-10,-4.474141923581687,-3.840725387240109,-1.608891032124013e-05,1.4074541938656544e-06,-1.7835022585779049e-10,7.629272064661185e-05,1.377540272442029e-06,-4.972257098118995e-10,3.4468078929142076,-0.00015943749736543403,-2.2847235996291265e-07,1.1500137781122697e-09,4.5807750291533695,-0.0001505005193105903,-3.356688632780103e-06,-2.299562927563061e-09,-3.338222582500767,8.396914458205993e-05,-1.7587170479707187e-06,-3.927096043339912e-09,-1.0246394432571189,-0.00031103824094896073,7.780163218813749e-08,1.3370017496704487e-09,5.14865659199363,8.928099736766892e-05,-4.093767210035714e-08,-2.779112296701201e-10,9.210558248239426,0.0001581127923365469,-1.3243392664962642e-07,-3.215580392972952e-10,9.213860469158059,0.00015999120459119637,-1.3314919941281718e-07,-3.2410605146252513e-10,2.3192320163415654,0.0001356379879743186,-1.4588075544836002e-07,-1.239806061663057e-10,3.840725387240109,1.608891032124013e-05,-1.4074541938656518e-06,1.7835022585778932e-10,4.916484822324308,-1.9230249680851095,-0.0003014613793807373,-1.503492627178946e-06,1.6499220432673322e-09,-0.0002610006760039578,-1.049401053429818e-06,1.2311210789945248e-09,-1.9263271890037428,-0.0003033397916353906,-1.502777354415734e-06,1.6524700554325612e-09,2.6483001966964363,7.982702802559159e-05,-1.7447025946395916e-07,8.947138539807981e-13,2.1377159219247237,-0.00023230928796076668,-1.5980271014757015e-06,1.6019517235205202e-09,2.138876688160686,-0.0002326295844118611,-1.594988881728199e-06,1.6062752336401574e-09,5.55511644406202,-0.0003416739128863075,-1.013966323525021e-06,1.4331019002165364e-09,7.2875332801543165,7.918625014325429,-0.0002323066707917973,-1.598027251268428e-06,1.6019183373960717e-09,-0.0001433485870441939,-1.6359265538285682e-06,1.328364003970061e-09,5.641516923918676,2.8976917077611074e-05,-7.59559482166811e-09,-2.9238079348841934e-12,0.0524,-4.663877945132399e-05,-1.2728978351106758e-07,3.3329251019922636e-10,50129.61,2.5159810371809046,-0.008038343283913564,-5.455482050268302e-07,28.16,-0.0020382421585700473,5.9216031579691875e-05,1.2281977366766544e-07,0.0373,1.0650245288092766e-05,-1.1880414569034181e-07,-1.3692511205501605e-10,0.0113,-2.231893021843131e-06,-4.498944822799405e-09,7.41340070440744e-12,1
2000-09-30,0.057999999999999996,-2.1172364929441537e-05,-3.678236421685227e-08,2.0297799089141258e-10,0.007299999999999996,2.680603754458914e-06,1.8198890278300653e-08,7.847732758441615e-12,-0.07239999999999999,9.007842403867542e-06,4.39501246094404e-08,-1.1979439212635725e-10,7.62,-0.0008668067505481783,-4.666553935803935e-06,9.596585971327956e-09,8.35,-0.0005987463751022909,-2.8466649079738626e-06,1.0381359247172156e-08,5.8,-0.002117236492944151,-3.6710696753880386e-06,2.027693705837715e-08,6.0,-0.0028035219054979377,-1.8658957749906482e-05,8.391812636939848e-09,0.0652,-5.4366523986613546e-05,-1.4415739484749883e-07,4.723015872084199e-10,3.7350471349589434,-0.0005629684447444473,-1.214752486916544e-06,3.620761126098981e-09,5.157329673247059,8.098361736485065e-05,-6.574746176676002e-08,-1.706070434116674e-10,-4.500810170663849,-3.8739635849265723,0.00014926291847364924,1.2517812501306754e-06,-1.358389916243494e-09,0.00023461491302103412,1.1888620167945013e-06,-1.580349491712957e-09,3.417726683613366,-0.00017504374306992753,-8.610879540293851e-08,1.3273994701904539e-09,4.606968567929471,-0.0005727032357904664,-3.4408650149503306e-06,3.5516697518326914e-09,-3.3077070385748164,-0.0001654368670475713,-2.1707945455044785e-06,6.745860508390003e-10,-1.0705938237677926,-0.000293728171570699,2.1850270042898254e-07,1.3865615458000788e-09,5.15675380222625,8.215242180317981e-05,-6.789437075774536e-08,-1.773012928753916e-10,9.234810520798934,0.00014372647914569214,-1.6192520135417682e-07,-1.7204024995114876e-10,9.23828534842928,0.00014505190384966475,-1.6294606705041335e-07,-1.693717067993708e-10,2.3330232298409674,0.00011870591072621304,-1.5840391110686868e-07,5.233945824412168e-11,3.8739635849265723,-0.00014926291847364924,-1.2517812501306739e-06,1.3583899162434928e-09,4.86305583258506,-1.9431202522589965,-0.00046803314068926685,-1.175964844179439e-06,2.8578296363850916e-09,-0.0003481641500688262,-8.977975215094462e-07,1.5021534104571353e-09,-1.946595079889341,-0.0004693585653932412,-1.1749439784831993e-06,2.855161093233273e-09,2.649714624089247,5.8324087236105024e-05,-1.6061792153796428e-07,2.0932590475081329e-10,2.134360595292879,-0.0004052902789084264,-1.2721425837668567e-06,2.8563964298456136e-09,2.1349364663136883,-0.00040645908334675416,-1.2699956747758677e-06,2.86309067930931e-09,5.491523215037125,-0.00042275475276909306,-8.417020220905754e-07,1.614732670776147e-09,7.291690268539938,7.915271496006125,-0.00040528730910700664,-1.2721469191033898e-06,2.8563583114943667e-09,-0.0003243066615435788,-1.337890045533616e-06,2.685789386433961e-09,5.644350890886774,2.8311202293843095e-05,-7.141948212864426e-09,6.698302020517465e-13,0.0397,-6.480885477665069e-05,-7.937695174759416e-08,5.719099206688025e-10,50037.66,1.4974950079457927,-0.00746251079608638,9.615429012704693e-06,27.34,0.00628757242317513,7.201113381834953e-05,-3.002742762794086e-08,0.0345,-3.5324551272567137e-06,-1.2694987552891716e-07,5.859645244418738e-11,0.0109,-2.674885931565975e-06,-3.1678140360344708e-09,1.3000908653449243e-11,4
2000-12-31,0.0524,-2.094056441823975e-05,-9.223142849465376e-09,1.702520464559905e-10,0.008099999999999996,5.087265042802317e-06,1.8310825643042325e-08,-2.7156926689148828e-11,-0.06799999999999999,1.1056735539717188e-05,2.770842607484713e-08,-9.539361701952134e-11,7.21,-0.001187275970090812,-3.2634024616078917e-06,1.0107648999489017e-08,8.02,-0.0006785494658105837,-1.4323198973036544e-06,7.391956330574161e-09,5.24,-0.002094056441823971,-9.19912315331454e-07,1.700434261483494e-08,5.77,-0.005170286478534786,-1.5544871030420566e-05,3.77763052316303e-08,0.0541,-6.822255723822769e-05,-7.819985667416483e-08,6.889269409617628e-10,3.618188713491167,-0.0006537362840168696,-7.539617251082551e-07,4.047870156814648e-09,5.159055299214529,7.310723074421058e-05,-8.645614972914575e-08,-4.955696943920059e-11,-4.406319327242926,-3.7824855124607155,0.0002586822512539236,1.067469447104771e-06,-2.076818155443075e-09,0.00033603882913001913,9.741625106855329e-07,-2.165006224608214e-09,3.4111477125153233,-0.00017649431739755542,8.537772563111903e-08,1.2911206233999334e-09,4.533888983983128,-0.0009764808785952241,-2.745394053512007e-06,9.30012206527563e-09,-3.2807512285862885,-0.00046701595675538584,-1.8526584623851126e-06,5.871552263558367e-09,-1.0876723486297752,-0.00026206671835364136,3.761638012744917e-07,1.2760930359085903e-09,5.162497643405501,7.314410608699889e-05,-8.61040370578534e-08,-4.993057097008805e-11,9.241661213147948,0.00012195461968296655,-1.6843203560694136e-07,4.7333679223549e-11,9.244610872248627,0.00012407670625380618,-1.699944242051353e-07,4.229432756760712e-11,2.3456445824544927,0.00010241662944216953,-1.4623511677160224e-07,2.379017373504117e-10,3.7824855124607155,-0.0002586822512539229,-1.067469447104771e-06,2.076818155443067e-09,4.847988642521546,-2.0480279881719095,-0.0005571311883344473,-8.136596858667165e-07,3.3206050996194823e-09,-0.00039544032771227295,-7.429480246547741e-07,1.5086294618101297e-09,-2.050977647272587,-0.0005592532749052806,-8.120972972685229e-07,3.32564445127533e-09,2.655352412101761,4.05670513269462e-05,-1.2924260433425218e-07,3.790680463414936e-10,2.03457792576151,-0.0005082837993956874,-8.95635571744508e-07,3.417495748282211e-09,2.031135581570537,-0.000508320674738473,-8.959876844157997e-07,3.417869349813057e-09,5.469844925718679,-0.0004620123401931714,-6.792031578747413e-07,1.5113321515709788e-09,7.193633224976039,7.8154895081731715,-0.0005082818083747054,-8.956439436504602e-07,3.417468176444625e-09,-0.00043517656865148106,-9.820917214736532e-07,3.367938778843022e-09,5.647000460557217,2.7435995171775503e-05,-6.56206818137479e-09,4.3186551979174195e-12,0.0291,-7.082031373821658e-05,-6.326431446667712e-09,6.825410560000924e-10,50204.21,0.6787521946649804,-0.006018680891778501,1.7896740025822023e-05,26.62,0.01665395294215723,6.170116780418224e-05,-2.0629047137770463e-07,0.0339,-1.6805637397587953e-05,-1.1361990763389979e-07,2.4623073527837446e-10,0.0106,-2.8920553148080577e-06,-1.3063817205638191e-09,1.5048370394941744e-11,4
2001-03-31,0.0489,-1.625875228881535e-05,1.0140875635727566e-08,8.557491333553179e-11,0.008599999999999995,6.676835011916122e-06,1.5774873360580155e-08,-5.68542794386771e-11,-0.0649,9.97104918995385e-06,1.5864616728642047e-08,-3.6350520696292224e-11,6.98,-0.0011873069085037908,-2.1107360549796437e-06,6.89081753098384e-09,7.84,-0.000519623407312178,-5.332487189216203e-07,1.205389587116125e-09,4.89,-0.0016258752288815313,1.014087563572748e-06,8.539211683555571e-09,4.42,-0.00669903909916196,-9.516260177361484e-06,5.652475864905309e-08,0.046799999999999994,-7.202040277591638e-05,2.0442270605934927e-08,7.639758660378542e-10,3.4756862336528944,-0.0006524553730084322,-2.7711836269665783e-07,3.76624962986425e-09,5.171619713502079,6.573701198847384e-05,-8.325074976578269e-08,6.46436301846285e-11,-4.305065593537753,-3.6979009252651722,0.0003010218059328468,7.825002687105451e-07,-2.399972062178963e-09,0.0003700450958835706,6.855914284095289e-07,-2.348687687418278e-09,3.380314170745731,-0.00016108572736055066,2.226852797222812e-07,1.0566750682109035e-09,4.425684604013345,-0.0012535036935093842,-1.3680333284356609e-06,1.3356203006643151e-08,-3.2623053827955366,-0.0007249298805303408,-8.95334660580865e-07,9.959998515667253e-09,-1.1003876473009633,-0.00022342938987506868,5.016830292210518e-07,1.0407774115409287e-09,5.17105201550216,6.429283861509317e-05,-8.393980629515829e-08,7.422360971768307e-11,9.252992115484297,0.00010242312012709031,-1.5594210719820407e-07,2.557036007110625e-10,9.258218691970617,0.0001051244217927863,-1.5623450135662997e-07,2.4320002390564667e-10,2.355853185267655,8.713655889516051e-05,-1.0748625675996827e-07,4.118188627381524e-10,3.6979009252651722,-0.00030102180593284607,-7.825002687105451e-07,2.399972062178953e-09,4.83092062278812,-2.1747770194733937,-0.0005645306534204878,-4.0387288179006797e-07,3.2009435296788216e-09,-0.0004467708330106207,-6.037367729125154e-07,1.7324472574833346e-09,-2.1800035959597146,-0.0005672319550861817,-4.0358048763164024e-07,3.2134471064841677e-09,2.6518325211039815,3.153613454220418e-05,-7.740359265923865e-08,4.614729339452102e-10,1.9065953825088242,-0.0005278445452818699,-4.7656423922248003e-07,3.3920035002052352e-09,1.907163080508743,-0.0005264003719084878,-4.758751826931065e-07,3.382423520672158e-09,5.447534207925514,-0.0005056176674860969,-5.490301313165003e-07,1.6384642407723708e-09,7.078215096010903,7.687506670317465,-0.000527844271025199,-4.765767577410362e-07,3.3919982952152624e-09,-0.0004621075332933988,-5.598149889882617e-07,3.45664713038988e-09,5.649150279003136,2.676152280355129e-05,-6.326363416237108e-09,6.193270350790262e-12,0.022000000000000002,-6.630568652651167e-05,8.537701259240686e-08,6.440230035972902e-10,49932.29,0.26615931963791584,-0.003518071622223046,2.2073603066217464e-05,26.1,0.025105300133810904,2.9634422735805696e-05,-3.423263894679951e-07,0.0292,-2.717789569286834e-05,-7.552288370576093e-08,3.9058962739039623e-10,0.0103,-2.8681518008831635e-06,5.476480723404217e-10,1.3771187927955201e-11,2
2001-06-30,0.0528,-1.4188342987971275e-05,1.080633885782583e-08,1.699820734821134e-11,0.0079,8.0036492604695e-06,7.04280711820819e-09,-8.061514370392628e-11,-0.06699999999999999,1.0484421807674306e-05,1.713169346673692e-08,9.985218483365413e-12,7.18,-0.0012613532003761696,-1.567436785201657e-06,3.83654262556692e-09,7.97,-0.0004609882743292201,-8.631560733808273e-07,-4.224971744825716e-09,5.28,-0.0014188342987971254,1.080633885782571e-06,1.689316759584593e-09,3.49,-0.007053894967930874,-1.583738714301407e-06,5.987545812062568e-08,0.034300000000000004,-6.558874168338575e-05,1.1220925872202003e-07,6.955149738678749e-10,3.4986265269937014,-0.0006577662964933777,5.5131445366394165e-08,3.4529457273166744e-09,5.181783550292085,5.552027263070192e-05,-5.913106918734802e-08,1.752368444931897e-10,-4.3661532855175915,-3.769818657035921,0.0003777109864497481,5.25599892386116e-07,-2.88522844644116e-09,0.0004339040617339675,4.5466147158751297e-07,-2.6871454539472996e-09,3.3520071374713836,-0.00012443523066714353,3.011680766159095e-07,6.768653691909235e-10,4.204394067366058,-0.0013193687706330886,3.8897224160665527e-07,1.4660859431977058e-08,-3.516608233173483,-0.0007608858952866615,5.506975582559475e-07,1.127157762147658e-08,-1.1235888434528685,-0.00016874403334141003,5.775272770845618e-07,6.374707649132241e-10,5.180096735160606,5.485079035412177e-05,-6.207065597519596e-08,1.839872141560775e-10,9.256291366658447,8.988574486282902e-05,-1.1436196850568444e-07,4.006045465682719e-10,9.260110722272866,9.174077597981084e-05,-1.1574366342155112e-07,3.9262675034201676e-10,2.3562056403880676,7.646291590250702e-05,-5.5473202508188615e-08,5.327106862101117e-10,3.769818657035921,-0.0003777109864497481,-5.255998923861177e-07,2.8852284464411587e-09,4.7662542882730525,-2.1344655721511416,-0.0005920319619797196,-1.1006984726451662e-07,3.1614892690638254e-09,-0.000512074836254528,-5.177115297384282e-07,2.350542006684969e-09,-2.1382849277655613,-0.000593886993096705,-1.0868815234866946e-07,3.169467065290065e-09,2.658159431488745,2.818495753524851e-05,-1.8313174582459426e-08,4.734226189695542e-10,1.9400422442152196,-0.0005576664897475922,-1.6530074658285527e-07,3.3868569711388854e-09,1.9417290593466991,-0.0005569970074710124,-1.6236115979501673e-07,3.378106601475999e-09,5.380485179790432,-0.0005653361669068262,-4.834375689139922e-07,2.1984273643814935e-09,7.121825794507305,7.720954031234855,-0.0005576674837353329,-1.6531381879210976e-07,3.3868747743619693e-09,-0.000502146217116893,-2.2443181577020298e-07,3.5620938156320936e-09,5.6515413628105104,2.6441522945060136e-05,-5.8220129399740994e-09,5.893696075256502e-12,0.01,-5.28969165525243e-05,1.5752007746704074e-07,4.836912214446208e-10,50123.88,0.10667925593352265,-0.0006625545577299468,2.3003023688806653e-05,33.67,0.02618142902907023,-2.109698667195798e-05,-3.8286509411246494e-07,0.0325,-3.4477640875222224e-05,-2.1362437392489756e-08,4.6301668335850106e-10,0.0101,-2.676895231365728e-06,1.8490524085766076e-09,1.030603971048503e-11,2
2001-09-30,0.0473,-1.368402601687553e-05,-7.282986265755287e-09,-1.6006617348681463e-11,0.008599999999999995,9.534735282835852e-06,-3.658832929830897e-09,-9.660583351801142e-11,-0.0652,1.192796993222169e-05,3.1732271084717674e-08,2.992189383524579e-11,7.17,-0.0014814966878172783,-2.0546221673780255e-06,2.3694718768097288e-09,8.03,-0.0005280231595336943,-2.4205054603611167e-06,-7.2911114749914214e-09,4.73,-0.0013684026016875538,-7.282986265755406e-07,-1.6033453350519582e-09,2.64,-0.0066282014184131585,5.5567247167899505e-06,5.033577926025584e-08,0.0271,-4.5799804957528537e-05,1.7271212677953996e-07,4.803250183488674e-10,3.3203487937988347,-0.0006292264957064086,1.8412325575716885e-07,3.211630406706148e-09,5.183467524869095,4.648448469087227e-05,-3.444379835476628e-08,2.433510235913326e-10,-4.193060535161258,-3.5980208896125165,0.00042472375278410426,3.8475138678632043e-07,-3.3667567508831206e-09,0.0004688576344959713,3.451294233844363e-07,-3.071528693120505e-09,3.353406717825807,-8.149643707692292e-05,3.3062738844027406e-07,3.1581866945393674e-10,3.9406104622800586,-0.001155016525592633,2.0821408774792706e-06,1.3042184322007894e-08,-3.6082215510964817,-0.0006017043599561449,2.0991783422450692e-06,9.603635361274202e-09,-1.145865376489597,-0.00010325428317766658,6.239912326799946e-07,1.4060787674784436e-10,5.182345190295616,4.737759684649081e-05,-3.474550113367243e-08,2.438765989865324e-10,9.268514936027255,8.135887022526628e-05,-5.609431754063467e-08,4.888041457903274e-10,9.273073545704365,8.258454397244708e-05,-6.233169164898449e-08,4.871513078070773e-10,2.356286579572826,7.542194198463664e-05,4.399342316210632e-09,5.561419897711072e-10,3.5980208896125165,-0.00042472375278410426,-3.8475138678632414e-07,3.366756750883123e-09,4.698434998543812,-2.3170873285889315,-0.0005875790600862959,1.9703191945968335e-09,3.193771274546756e-09,-0.0005618316317467905,-3.6253640832154123e-07,3.1333059725027295e-09,-2.3216459382660424,-0.000588804733833477,8.207693302917658e-09,3.195424112530002e-09,2.6539459421090092,2.985726132818424e-05,2.6891090526704153e-08,4.234056582682158e-10,1.7679600825692285,-0.0005527046745518984,-1.9680199991280222e-08,3.439224396745709e-09,1.7690824171427075,-0.0005535977867075156,-1.937849721238166e-08,3.438698821350518e-09,5.310301059371371,-0.0006135913661082882,-3.5072550717674854e-07,2.977381560240497e-09,6.951427607438323,7.548872051447698,-0.0005527070384143198,-1.9688356033295368e-08,3.4392630700691215e-09,-0.0005062201898610272,-5.4123998346042666e-08,3.682575420337057e-09,5.654207002212929,2.6049672034565015e-05,-4.857760990957408e-09,5.6817325898059345e-12,0.0049,-2.945412484453923e-05,1.891770787181827e-07,2.236611599057657e-10,49789.23,0.19884141753684617,0.0015166209192547238,2.087613528665472e-05,36.9,0.021055340740973788,-7.48249315871819e-05,-3.2171451891403973e-07,0.0265,-3.543291263525017e-05,3.244480377319096e-08,4.254138859461276e-10,0.009899999999999999,-2.372106284491741e-06,2.3949033017689947e-09,6.110428993362779e-12,2
2001-12-31,0.0509,-1.3385214705748843e-05,-1.855692708041014e-08,2.742675883013037e-13,0.012800000000000011,8.58497864910289e-06,-1.3405402851595023e-08,-9.029244898315937e-11,-0.0668,1.433950480902868e-05,4.152357592634553e-08,7.05641165788526e-12,6.77,-0.001586391558685618,-2.4700565988208513e-06,2.980576764207482e-09,8.05,-0.0007278936937753263,-3.810596883980357e-06,-6.048668134108472e-09,5.09,-0.0013385214705748869,-1.855692708041022e-06,2.7426758830171296e-11,1.69,-0.005446156341305805,9.594364163467085e-06,3.2033410394410984e-08,0.0215,-1.9890311562086725e-05,2.059066612276615e-07,2.0181973393190646e-10,3.417726683613366,-0.0005799194509211007,4.01492855245723e-07,3.0971971170126484e-09,5.174453379325651,4.740911508185203e-05,-1.054884346011387e-08,2.2449477363366207e-10,-4.290359446148058,-3.6802957850734743,0.00042553253259001794,8.682098951675288e-08,-3.6475118924507206e-09,0.00047061462520518044,8.028031502780427e-08,-3.3755942477452736e-09,3.3628029936748436,-4.9643852571657626e-05,3.188374344838391e-07,1.316338187474495e-10,3.8128654338949275,-0.0008118848404250811,3.3019317660967616e-06,9.109874858341535e-09,-3.835061964292018,-0.0002893107678001959,3.0560655257709677e-06,5.560165443827912e-09,-1.155182640156504,-4.282593010112509e-05,6.224549795127061e-07,-3.1183314318222883e-10,5.178407069875479,4.744111865283146e-05,-6.463636979604494e-09,2.2582280023035369e-10,9.268422470199445,7.820037277789516e-05,-4.447858489778068e-09,5.070490917425012e-10,9.270780412052574,7.989787593583736e-05,-1.1536406669097515e-08,5.112537155025513e-10,2.3664984187376983,8.102089780848421e-05,6.71339861363405e-08,4.961365464618626e-10,3.6802957850734743,-0.00042553253259001794,-8.682098951675448e-08,3.6475118924507243e-09,4.676600360010619,-2.2253236914511274,-0.0005533767579395703,2.3646430345686472e-07,3.2720966194556694e-09,-0.000598983314292724,1.3163205586076045e-09,3.910123483601841e-09,-2.2276816333042557,-0.0005550742610975157,2.4355285163617394e-07,3.2678919956956526e-09,2.6567569067146595,3.752382597848845e-05,5.8693503346668496e-08,3.250004698889482e-10,1.8686453994226673,-0.0005225855002435248,2.4256528842719497e-07,3.554650937564478e-09,1.864691708872839,-0.0005226175038145059,2.384800819466871e-07,3.553322910967809e-09,5.283056100199695,-0.000652657153585557,-4.465322210008637e-09,3.793975485260742e-09,7.043098778748318,7.649554518937394,-0.0005225889516121115,2.4256441968302594e-07,3.5547059295576688e-09,-0.00047517638516167556,2.3201644496709063e-07,3.779145711198163e-09,5.656481201538188,2.5454809716250054e-05,-4.195840378099844e-09,7.06076551033877e-12,0.0017000000000000001,-3.955355642407465e-06,1.9042819294774956e-07,-4.6243948067379946e-11,49813.46,0.5983128793483956,0.0031020792496707977,1.622249384764749e-05,46.37,0.010001696469317672,-0.00010621669131346142,-1.7320896247480394e-07,0.0155,-2.6285359301377066e-05,7.806079960351105e-08,2.8015218952128136e-10,0.0095,-2.0372150616303815e-06,2.48904705664913e-09,3.241589869538692e-12,2
2002-03-31,0.0528,-1.892446863309969e-05,-1.3114293568497376e-08,8.070296896029098e-11,0.012999999999999998,5.658011579584142e-06,-2.3723086359272275e-08,-6.324311188373194e-11,-0.06749999999999999,2.1363473593867023e-05,4.007721993656865e-08,-7.011984996199803e-11,6.81,-0.0019033805331229157,-2.0197490801726495e-06,7.1088629221269626e-09,8.11,-0.001337579375164502,-4.392057716099874e-06,7.845517337537697e-10,5.28,-0.0018924468633099718,-1.311429356849739e-06,8.070296896029143e-09,1.79,-0.003944107487332503,1.082026170048047e-05,1.1844468180320517e-08,0.029900000000000003,1.9434089640749715e-07,2.0499988740737796e-07,-3.586020696683867e-11,3.410817625039146,-0.0005861187583677749,7.659428830374621e-07,3.25104856052986e-09,5.186267862739414,5.265575288239468e-05,1.8051022444155303e-08,1.5551021813741346e-10,-4.29768548624013,-3.700552551847302,0.00046193751148219454,-3.8902360668208194e-07,-3.8506355723360715e-09,0.0005146928346891108,-3.578810354376799e-07,-3.6825478963299266e-09,3.3502549029245805,-2.676449441022244e-05,2.9569715895058023e-07,1.5099555637495763e-10,3.8015382722528743,-0.00037538439421093623,3.887532148895666e-06,4.024099202478479e-09,-3.844364356954331,0.00016586497488349367,3.2170201424815605e-06,1.8442210183890232e-10,-1.1574269701506288,1.424854401721777e-05,5.535980436031891e-07,-7.096200573140364e-10,5.184588601219693,5.1234125223106194e-05,2.048002772651194e-08,1.6361279937490667e-10,9.2742973177816,8.325075372204449e-05,4.028735136047644e-08,4.5157672183837673e-10,9.282512929565698,8.376279032460687e-05,3.722260785909148e-08,4.72885847990139e-10,2.377615628185546,8.981975090688252e-05,1.1437440169826314e-07,3.823558156712094e-10,3.700552551847302,-0.00046193751148219524,3.890236066820834e-07,3.850635572336082e-09,4.648204918577486,-2.223489863009717,-0.0005719527596144567,6.444334142721903e-07,3.5500544068726172e-09,-0.0006169357146472758,4.998824261851295e-07,4.352908662860622e-09,-2.231705474793815,-0.0005724647962170287,6.474981577735742e-07,3.52874528072095e-09,2.6651427000909336,4.4801247917943336e-05,8.266011941377816e-08,2.2449842466889456e-10,1.8645395920324692,-0.0005413577587748082,6.666697431885009e-07,3.846120910573581e-09,1.8662188535521893,-0.0005399361311155225,6.642407379061478e-07,3.838018329336122e-09,5.248810314871984,-0.0006733225602357131,4.865806338645676e-07,4.2864382922678285e-09,7.050807454771883,7.645450304453382,-0.0005413612681893249,6.66674426909345e-07,3.846176430067041e-09,-0.0004887020058924177,6.847207656326638e-07,4.001631128711022e-09,5.6585061297865655,2.498203258228318e-05,-4.095911979167394e-09,8.738905810131966e-12,0.0134,1.2466757881986885e-05,1.6354822082865806e-07,-2.301108356124969e-10,50127.69,0.9802985736612072,0.0043664720925702515,1.1360778398452487e-05,46.71,-0.006494927719038518,-0.00010985852877727414,2.479635691549706e-08,0.0148,-1.339201458479643e-05,1.0389878693398643e-07,9.253730699487105e-11,0.009399999999999999,-1.8379625441312491e-06,2.4034289805369025e-09,2.9702036426089236e-12,3
2002-06-30,0.0493,-2.477371214321277e-05,-1.865609877355778e-09,1.6193175598120796e-10,0.013200000000000003,2.859131715486888e-06,-3.030381490965301e-08,-3.0870775187489404e-11,-0.0637,2.8442398051052348e-05,3.1647906791726444e-08,-1.499442120313035e-10,6.63,-0.0023403858949108845,-1.2574690382065398e-06,1.2223338680430856e-08,7.95,-0.0020544727233621995,-4.2878505291718415e-06,9.136261161681936e-09,4.93,-0.0024773712143212785,-1.8656098773557096e-07,1.619317559812083e-08,1.7,-0.002845382637303305,1.0097764616245346e-05,-1.8700978800471018e-09,0.027200000000000002,1.7490439001201246e-05,1.7529266734778788e-07,-2.2286491683274564e-10,3.2729851505152325,-0.0005497175293101092,1.1159577970144255e-06,2.970776348252423e-09,5.192401140956488,5.4558275492903875e-05,3.406411938125467e-08,9.705878108323021e-11,-4.147745338949216,-3.5581823933443495,0.000446991033521698,-8.173979795798339e-07,-3.428707989464413e-09,0.0005041271073468904,-7.694822329623384e-07,-3.3632760850250353e-09,3.363495514478144,-8.786615354668125e-06,2.9880588075727143e-07,2.776414776568421e-10,3.8747364206421295,4.575822233691823e-05,3.907591026627856e-06,-8.986940095691403e-10,-3.6343912688298667,0.0005556918852271852,2.8231924535463036e-06,-4.4984521114167544e-09,-1.1392955240055493,6.927639423577325e-05,4.5344839712216373e-07,-1.0490831376539408e-09,5.190732155868099,5.440072632439258e-05,3.2048248751278794e-08,9.924604409060484e-11,9.285772467092036,8.991232031149571e-05,8.16977044034185e-08,3.684007136549439e-10,9.290365510264609,8.857214602926017e-05,8.107966488360011e-08,4.0613380855545545e-10,2.3845450662120213,0.00010388088767257949,1.39319702595039e-07,2.1799296587702273e-10,3.5581823933443495,-0.00044699103352169935,8.173979795798346e-07,3.428707989464423e-09,4.538280675599063,-2.364094559269543,-0.0005456899691878607,1.0345061559336922e-06,3.3379487534662855e-09,-0.0005558563589467957,1.0018682323349527e-06,3.852006344886806e-09,-2.3686876024421157,-0.0005443497949056332,1.0351241954535095e-06,3.3002156585658563e-09,2.671386216730619,5.197521143508639e-05,9.653880249365227e-08,1.3656147269948384e-10,1.7292767668660058,-0.0005103359243692699,1.0821397409558432e-06,3.609290686038012e-09,1.730945751954394,-0.0005101783752007587,1.084155611585821e-06,3.6071034230306475e-09,5.133259629821681,-0.0006141959494820347,9.91002727838301e-07,3.8174919386078155e-09,6.9216779078224935,7.5101842206211264,-0.0005103376033608525,1.0821496123753215e-06,3.60932678302718e-09,-0.0004557776488763654,1.1162038603371041e-06,3.7063494671212403e-09,5.66084017832837,2.4793489924523904e-05,-3.5793250261256794e-09,9.387757644310143e-12,0.013300000000000001,2.3372740787969794e-05,1.192084543049579e-07,-3.3321889673202237e-10,50317.23,1.3543453050940115,0.005118273039316381,7.0307323954718196e-06,37.92,-0.019909216087674708,-9.328245400829878e-05,1.914411773265871e-07,0.010700000000000001,-1.0552836828481391e-06,9.534739294672005e-08,-7.967877832579667e-11,0.009399999999999999,-1.7312417287147802e-06,2.388585743640883e-09,4.0766660333013245e-12,3
2002-09-30,0.0387,-2.2292453470745833e-05,2.2383624406601083e-08,1.7496139487303907e-10,0.0125,-3.120877341856036e-07,-2.9185870792526247e-08,5.528732796061318e-12,-0.05580000000000001,2.9661439686812695e-05,8.151808830706143e-09,-1.8213698747084816e-10,6.15,-0.002352910340598916,2.6924820000866e-07,1.410346470134626e-08,7.4,-0.0023841191140174757,-2.6493388792439653e-06,1.4656337980952395e-08,3.87,-0.0022292453470745843,2.2383624406601196e-06,1.7496139487303916e-08,1.63,-0.002172075812278968,8.155411099730154e-06,-6.528497348937543e-09,0.0364,3.309569056763466e-05,1.4274183839580575e-07,-3.604118686259806e-10,3.1072736482868986,-0.00038988947358139305,1.4810573688247933e-06,1.6236619137113263e-09,5.198497031265826,5.677222149536032e-05,2.7950173754500174e-08,4.9421046330790456e-11,-4.006333684899388,-3.4234644113768673,0.0003079517052340025,-1.1934993079406038e-06,-1.912496709372204e-09,0.00036962921170929295,-1.161759232297851e-06,-1.9321754053236364e-09,3.342508385313476,1.4907908361790762e-05,3.464975403849179e-07,3.618772683884441e-10,3.9849016508407185,0.0003907897088394403,3.4492184428102545e-06,-4.828589622922916e-09,-3.3639015969184585,0.0007395160152541471,1.936536235087969e-06,-7.039267624948432e-09,-1.1192418029792903,0.00010682666994491237,3.4367778972256415e-07,-1.2213521423023538e-09,5.1973914479580765,5.863325822268867e-05,2.7868527018033088e-08,3.9461188356326796e-11,9.295366947216007,9.801882798705919e-05,1.1119288117381734e-07,2.7606121327974806e-10,9.298203252999999,9.752752406075038e-05,1.137038996880331e-07,3.090405736326871e-10,2.3916348468020887,0.00012095950855979914,1.5094386737677235e-07,3.678769055393063e-11,3.4234644113768673,-0.00030795170523400183,1.1934993079406047e-06,1.912496709372201e-09,4.426253591102351,-2.529394150525664,-0.00039106262485927057,1.4288039671516963e-06,1.998312764480884e-09,-0.0004007703243605852,1.4382305916923522e-06,2.2942251574536417e-09,-2.5322304563096556,-0.0003905713209329642,1.4262929486374946e-06,1.9653334041279705e-09,2.67552700939665,6.134028338843425e-05,1.0463587318982151e-07,4.3343949695341504e-11,1.5674757654245175,-0.0003498160183675738,1.5120466745710063e-06,2.224952931429868e-09,1.568581348732267,-0.0003516770550948997,1.5121283213074808e-06,2.234912789404311e-09,5.015450148964125,-0.00045975743963875133,1.4316732033532412e-06,2.2621514338735715e-09,6.765972796690344,7.348388025828289,-0.000349815883490566,1.5120614939783157e-06,2.2249632857201664e-09,-0.00029304379687221106,1.5399968483255229e-06,2.2743739777606304e-09,5.663411767179517,2.4577936389618553e-05,-2.0781798675325885e-09,1.0141143621841584e-11,0.0215,3.160434063979545e-05,8.255955223596013e-08,-3.822823421745118e-10,50392.65,1.8510239080198971,0.005516128713581596,2.2665294809679118e-06,28.89,-0.025415087258700807,-5.727636604112836e-05,2.7372229691565904e-07,0.0151,1.0433236705936486e-05,6.383894414666082e-08,-1.975214120027587e-10,0.0092,-1.5351815474035746e-06,2.9817210105265394e-09,4.849081961314129e-12,0
2002-12-31,0.0403,-1.716032908166537e-05,5.48147714088301e-08,1.3371337971492837e-10,0.012400000000000001,-3.7616930293121443e-06,-2.4937849496038187e-08,4.3522210039530843e-11,-0.0566,2.9069260641431952e-05,-2.3545460195841916e-08,-1.722205354448547e-10,6.21,-0.0022203125536757106,2.6083021247072413e-06,1.2737791953208652e-08,7.45,-0.0025964818566069233,1.1451717510343101e-07,1.7090012957161733e-08,4.03,-0.0017160329081665371,5.481477140883018e-06,1.3371337971492823e-08,1.19,-0.0016549053437366558,6.688897766816858e-06,-4.781954584113951e-09,0.037599999999999995,4.287487813848334e-05,1.1008175905942393e-07,-4.3277804058212095e-10,3.139832617527748,-0.00019143828378851007,1.7235244910854113e-06,-3.875629937787396e-10,5.19794439240125,6.149828617228112e-05,1.9668677953058912e-08,1.2596335502302564e-11,-4.022954566135428,-3.441455132275103,0.00013392546144221987,-1.4054933179575467e-06,1.7608229795974957e-10,0.00020069473805860925,-1.3955565302368383e-06,1.0944073984190036e-10,3.3600281046240843,4.9884212705639254e-05,4.256958371389736e-07,2.990870725142194e-10,3.900355200560464,0.0006810119770706058,2.6986137252213903e-06,-7.576055101647253e-09,-3.4834926243889854,0.0008255320475921646,8.874390505970364e-07,-7.67415364353015e-09,-1.1177951080848836,0.00012664830129207553,2.107911952877208e-07,-1.2219759901795626e-09,5.202907181743378,6.215857155634913e-05,2.4221172452445935e-08,7.158852228210692e-12,9.304198589101773,0.00010984402195352155,1.3087914661430023e-07,1.6095353550634008e-10,9.308148792213943,0.00011071958424428985,1.4006081489817983e-07,1.7669781666690098e-10,2.403334996094189,0.00013545688181880385,1.4705877667704344e-07,-1.0721807680085796e-10,3.441455132275103,-0.00013392546144221917,1.4054933179575497e-06,-1.760822979597572e-10,4.398148240804998,-2.502715352202586,-0.00019388527069009973,1.7003100084822092e-06,-3.794876095189343e-11,-0.00021304284579103523,1.6510035917499653e-06,2.1290372243297433e-10,-2.5066655553147568,-0.0001947608329808701,1.691128340198354e-06,-5.369304211244883e-11,2.6769034721053733,7.228114693146464e-05,1.0910037828276519e-07,-5.1959864803753016e-11,1.6035388444979377,-0.00014553953490886279,1.8115204771434478e-06,1.1040843905218501e-10,1.5985760551558088,-0.00014619982029292906,1.8069679826440679e-06,1.1584592232625559e-10,4.981113983617227,-0.00027112984279732894,1.6427310973767497e-06,1.531955002445006e-10,6.8014832368991875,7.384448979711416,-0.00014553875720927783,1.8115351603320187e-06,1.1039534430436133e-10,-8.40412487365813e-05,1.8311891550965197e-06,1.230047745544593e-10,5.665734407018671,2.417043021354509e-05,-5.637740490492213e-10,1.1385161177340194e-11,0.0199,3.558805170756474e-05,5.4869332278505584e-08,-3.85484249992338e-10,50337.07,2.4471316195038186,0.005715434003235822,-2.723424253187209e-06,32.59,-0.027263883837064427,-1.612107437930786e-05,2.8267265780274083e-07,0.023799999999999998,1.4345323140954445e-05,3.130974061751408e-08,-2.1549766269844677e-10,0.009300000000000001,-1.3124720324954231e-06,4.0046736465269675e-09,4.3556942463517975e-12,0
2003-03-31,0.0381,-1.128084007459263e-05,6.767692000204816e-08,5.1791889061549057e-11,0.010600000000000005,-5.756208967163789e-06,-1.9971016983679187e-08,6.862610468431529e-11,-0.05030000000000001,2.5862336180765515e-05,-4.067013019354618e-08,-1.1687458049458893e-10,5.89,-0.0019831290196995885,4.049436207891134e-06,8.184420499219627e-09,6.95,-0.0025587499164159673,2.052334509523219e-06,1.504703096765116e-08,3.81,-0.001128084007459261,6.767692000204819e-06,5.179188906154869e-09,1.13,-0.0012373217512777958,6.699638340288468e-06,3.345740083646878e-10,0.0362,5.1289429374845e-05,6.552661742996512e-08,-4.701050268196709e-10,3.0591764461105257,5.561172939776843e-06,1.577130491975376e-06,-2.4673836506382085e-09,5.216022123821206,6.338202655431293e-05,2.256903910403501e-08,1.7039368427372974e-11,-3.952844999948401,-3.389957151271389,-3.460527902419477e-05,-1.2515835568447714e-06,2.163598053264216e-09,3.1471681382212044e-05,-1.2498540627389798e-06,2.13082424005062e-09,3.3513066120486905,9.154972764962716e-05,4.797432762818416e-07,5.3875149111136165e-11,3.9766865187538682,0.0009121831310956119,1.8532420834335087e-06,-9.025887173702644e-09,-3.3298073855754824,0.0008489320430537476,1.469062323415828e-07,-6.894595213850352e-09,-1.1151777877383358,0.00014036598741219396,7.924025956744947e-08,-1.1468736279574003e-09,5.214392131610276,6.19132953915566e-05,2.4218151403177575e-08,2.481557676645278e-11,9.311219832686993,0.00012408450631127277,1.443506996036471e-07,3.7498368293122696e-11,9.31655137586634,0.0001256776554188474,1.562473877795543e-07,3.482930365739137e-11,2.416444531248248,0.00014820014760437116,1.2309621867104862e-07,-2.0703921829905491e-10,3.389957151271389,3.460527902419477e-05,1.251583556844772e-06,-2.1635980532642194e-09,4.397835053636017,-2.5699560693669135,2.0705003625495073e-06,1.586976133522962e-06,-2.1472212724462047e-09,-2.9915525300545227e-05,1.5036947552656725e-06,-1.8705358422139573e-09,-2.5752876125462607,4.773512549727937e-07,1.5750794453470667e-06,-2.144552207810481e-09,2.681706225762608,8.320239446476148e-05,1.0105865513621486e-07,-1.402562601182013e-10,1.525241639498873,6.27729801195069e-05,1.7087577940225754e-06,-2.126762272580417e-09,1.5268716317098041,6.424171128226324e-05,1.7071086817234286e-06,-2.1345384809195186e-09,4.975061659616459,-8.70942593428202e-05,1.4867524552876358e-06,-1.96830088850648e-09,6.741263763320079,7.306148775412888,6.277538299154784e-05,1.7087671257302253e-06,-2.1268004685301943e-09,0.00012615500667382125,1.731326833126608e-06,-2.109722904153089e-09,5.667325937645586,2.4065515050031295e-05,1.380968101427213e-10,1.045332611385396e-11,0.0168,3.966083660857487e-05,2.142292733037072e-08,-3.783963245805206e-10,50522.74,3.021644460511709,0.005312781287398645,-7.248767119023673e-06,27.92,-0.02639424173053707,1.0479486745316662e-05,2.3484699424972725e-07,0.0302,1.0915956712657159e-05,5.334917827954531e-09,-1.405517235480301e-10,0.0088,-9.198452959627749e-07,4.629982322980133e-09,1.2434473322049717e-12,0
2003-06-30,0.0333,-5.02180269204382e-07,6.095456456376349e-08,-6.421868245242614e-11,0.012200000000000006,-6.637047776726762e-06,-1.1934482812301285e-08,7.919508881716821e-11,-0.045500000000000006,1.7232849131820176e-05,-4.447602293728633e-08,-2.117965273426858e-11,4.97,-0.0012575994767787424,4.3507293760339105e-06,1.3737292902405104e-10,6.19,-0.001921304254451417,3.1572810948037797e-06,8.056881810740865e-09,3.33,-5.02180269204365e-05,6.0954564563763485e-06,-6.42186824524265e-09,0.92,-0.0007348674343901218,7.65787340789639e-06,5.02700874377707e-09,0.0391,5.903312746815109e-05,1.6935516847704666e-08,-4.870361278571116e-10,3.2120525995200753,0.0001803768709008141,1.0825553805400559e-06,-4.13977065209793e-09,5.21330399222108,6.216417317021841e-05,2.8915894284693423e-08,5.4572323935833696e-11,-4.110473944151985,-3.5450771022017724,-0.00016824589876962142,-8.0370906517163e-07,3.5749518077696935e-09,-0.00010744271532640223,-8.001932327427221e-07,3.6334597636261776e-09,3.3506055955460954,0.0001474446559673513,4.661848944628615e-07,-3.6196281711377644e-10,4.110053855927281,0.001042626415704586,9.232736649589505e-07,-9.151125222424711e-09,-3.3524072174927233,0.0007888453864572334,-3.14269380765433e-07,-5.161376802084275e-09,-1.0902483676351358,0.0001440055967415142,-1.6194254473711905e-08,-9.906218049235322e-10,5.210032451680465,6.230069708713926e-05,2.5030948601035165e-08,5.676274041059178e-11,9.321356474609695,0.00013859982662807745,1.4287011745209164e-07,-7.837269989130838e-11,9.325247186382148,0.0001415682098959925,1.509399631288122e-07,-1.0522086809521775e-10,2.4339685632952808,0.00016036090191746678,9.205162027033243e-08,-2.729207849163496e-10,3.545077102201773,0.00016824589876962142,8.03709065171627e-07,-3.574951807769698e-09,4.456162661030774,-2.4256737768618275,0.00017709072810889287,1.127023842182394e-06,-3.858541924992139e-09,0.00012716160797293028,1.0992360407433069e-06,-3.4966373081092023e-09,-2.42956448863428,0.0001741223448409799,1.1189539965056742e-06,-3.831693756788267e-09,2.6905648867611904,9.446841107357864e-05,7.990007321027168e-08,-2.1853108560562806e-10,1.682378705526788,0.0002535263815667488,1.2409780653497996e-06,-3.991486948819249e-09,1.685650246067403,0.00025338985764983036,1.2448630110334484e-06,-3.993677365294042e-09,5.0300074683142775,6.832488161851863e-05,1.0683549593593516e-06,-3.609710529672953e-09,6.895682697747868,7.463288458688004,0.00025353052119393563,1.2409821879900792e-06,-3.991545106369474e-09,0.00031569055473697346,1.2698939596344865e-06,-3.936914624883476e-09,5.669260040617778,2.447527415532988e-05,8.637771478242919e-10,6.448019834952213e-12,0.0196,4.392460028609481e-05,-1.5678304317620432e-08,-3.719272083416012e-10,50871.54,3.5839556919388658,0.0042242006373949675,-1.1104049614518361e-05,28.6,-0.022166067932370408,2.395292683558628e-05,1.4995744407279588e-07,0.021099999999999997,7.84146693538763e-06,-4.511235113815494e-09,-4.366770348500014e-11,0.0084,-2.4425087375395506e-07,4.702106061904855e-09,-4.2309664784426345e-12,0
2003-09-30,0.042699999999999995,6.843479867760119e-06,4.666545757442062e-08,-1.475577287080679e-10,0.010700000000000003,-7.661627062175617e-06,-2.31870732427567e-09,8.459809152990993e-11,-0.05160000000000001,1.1146996819880899e-05,-4.142902141063811e-08,5.2221958499348406e-11,5.72,-0.0006048033839826508,4.015466323209873e-06,-6.976516610558617e-09,6.79,-0.001370966090200211,3.7835955907823065e-06,1.4832925424323663e-09,4.27,0.0006843479867760114,4.666545757442056e-06,-1.4755772870806808e-08,0.94,5.8094289875950354e-05,8.83070482162615e-06,5.497978218748467e-09,0.053,5.9148878383902e-05,-3.131127994197501e-08,-4.427970033320776e-10,3.228430037673012,0.00025638528524390416,4.580716801719709e-07,-4.7718904018673034e-09,5.221436322212079,6.309390561968359e-05,3.411044442383491e-08,7.611629166153659e-11,-4.11659017116942,-3.559023488447982,-0.00020524271656459646,-2.542799032422603e-07,3.948123450398905e-09,-0.00014685941152272898,-2.4013035272186845e-07,4.08086616826796e-09,3.367985247456042,0.00020539784558702145,4.0118533194873155e-07,-7.954530821149989e-10,4.21227573505378,0.00109182544340546,-4.225696154416908e-08,-8.158397555855176e-09,-3.275446176356595,0.0007443062350585991,-6.61988680402435e-07,-3.3462590242326408e-09,-1.0637961515702918,0.00013197479697656754,-9.16367404428083e-08,-7.384513208647344e-10,5.220896219579452,6.565207410964488e-05,3.3860136944158977e-08,6.469629291942849e-11,9.333687101543891,0.00015392863142693614,1.2599998426831162e-07,-1.8409365739439353e-10,9.338657154624073,0.00015856445550588017,1.2866995895334493e-07,-2.3259258679904094e-10,2.451902091447567,0.0001676460476992589,6.461070913826243e-08,-2.8451509767428555e-10,3.559023488447982,0.00020524271656459717,2.542799032422588e-07,-3.948123450398909e-09,4.517450815746509,-2.406678365639867,0.0002567119307246804,5.294652509226752e-07,-4.559482875119499e-09,0.00020663266602562665,6.100442284471126e-07,-4.114742663901145e-09,-2.4116484187200498,0.00025207610664573847,5.267952762376445e-07,-4.510983945714879e-09,2.7073833121145063,0.00010185704259127495,5.21652303243234e-08,-2.624583537147827e-10,1.7055724136919448,0.0003475466565319309,6.213547907671586e-07,-4.8196928241754014e-09,1.706112516324572,0.00034498848804197094,6.216050982468303e-07,-4.808272825433316e-09,5.087850453681169,0.00014312598097838484,5.625372334942091e-07,-4.205893917210536e-09,6.927008735904024,7.486484381061755,0.0003475506854476201,6.213535288977973e-07,-4.8197529384716055e-09,0.00041064056215161653,6.554652351909874e-07,-4.743576532513898e-09,5.672154199198024,2.4778142043040825e-05,1.898354524464278e-09,3.0420061038314393e-12,0.0323,4.194933883257249e-05,-5.3324337955422016e-08,-3.2199793933527316e-10,51568.72,3.9665094860674457,0.0027876446889940503,-1.3289096441317625e-05,26.42,-0.01902719762393489,3.145462501498512e-05,7.081062294944331e-08,0.0232,6.689638087906599e-06,6.98265768558158e-09,2.5239551558507882e-11,0.0088,3.2533026974023177e-07,4.068484512864529e-09,-8.868483674599322e-12,1
2003-12-31,0.042699999999999995,7.852861085220326e-06,2.1137957261287714e-08,-1.5884007144700265e-10,0.009799999999999996,-8.066551528775338e-06,5.583535711990797e-09,8.128958055295213e-11,-0.0499,9.88635550716806e-06,-2.54939593200686e-08,7.034252446400779e-11,5.62,-0.0003884339941360629,2.4548701442021416e-06,-9.530859677645882e-09,6.6,-0.0011950891470135978,3.0132237154012213e-06,-1.4019016223506646e-09,4.27,0.0007852861085220319,2.113795726128763e-06,-1.5884007144700267e-08,0.9,0.0010615101339620226,9.698912080570757e-06,1.204485844464272e-09,0.0643,5.114409206853968e-05,-7.997605751969309e-08,-3.3555326766797864e-10,3.2824138456721883,0.00024165141234452417,-1.1198023194183512e-07,-4.147357384209848e-09,5.216564864675778,6.896829336182422e-05,4.3200478359515495e-08,6.240550765705522e-11,-4.12893600699172,-3.56528960129446,-0.00018012176632201045,2.1531094915096868e-07,3.2580863917564412e-09,-0.00011789958460259876,2.5094798745577483e-07,3.4099879189002695e-09,3.420019135902743,0.0002390081029238697,2.9118103220979754e-07,-1.0370964182308537e-09,4.450852825603734,0.0010361277462599661,-8.460495360979143e-07,-6.19087745057246e-09,-3.0988730324735045,0.00068663915329739,-8.792179066347603e-07,-1.8461084809183676e-09,-1.0584304990352777,0.0001162603737095539,-1.5807432102893606e-07,-4.932931334351583e-10,5.22305488204749,6.972621392923178e-05,4.887750677059956e-08,5.7275299481913695e-11,9.355882878995928,0.0001658274378408306,1.0071954916701967e-07,-2.556245214188782e-10,9.360583885905013,0.00017025507368413628,9.74481837957387e-08,-3.0772922628011524e-10,2.4655539212721855,0.0001695939795676154,3.7134050996073956e-08,-2.454245179234929e-10,3.56528960129446,0.00018012176632200977,-2.153109491509686e-07,-3.2580863917564367e-09,4.519754815925018,-2.3705741417987243,0.0002533024314050489,-2.484946610819001e-08,-4.039558288568417e-09,0.0002079640404751497,1.2672487625170383e-07,-3.645655591199371e-09,-2.3752751487078103,0.00024887479556174143,-2.157810073690577e-08,-3.987453583707165e-09,2.7186603802142257,0.00010367635353408441,2.0828083212570194e-08,-2.5731930505307615e-10,1.7687438725214253,0.00035016157588405527,3.266960469932196e-08,-4.357588317644343e-09,1.762253855149713,0.00034940365531664527,2.6992576288231825e-08,-4.352458109469189e-09,5.08410261118155,0.00013852211492720244,6.759261079424729e-08,-3.6858408881161543e-09,6.985308737197203,7.549656532453736,0.00035016445675523366,3.266082854935945e-08,-4.35763554960871e-09,0.0004191298692458781,7.587008305882439e-08,-4.295182809987282e-09,5.674559615979298,2.4714963534362006e-05,2.024548701925748e-09,2.0933985687085785e-12,0.043,3.242660546865822e-05,-9.067802086404341e-08,-2.1784845333984677e-10,52040.57,4.087703273075204,0.0012207826429499011,-1.3148754989929741e-05,22.17,-0.016805141912020035,3.2612454215939484e-05,1.8270009505800143e-08,0.018799999999999997,7.91082557262172e-06,2.4410149636986865e-08,4.785868358295824e-11,0.0089,6.345050767716428e-07,2.4136446401550384e-09,-1.0747138911957134e-11,1
2004-03-31,0.0383,8.270908231706541e-06,-3.122751262075363e-09,-1.2418593853704606e-10,0.007800000000000002,-6.910149365958347e-06,1.26964458141606e-08,6.18717580222159e-11,-0.0451,8.291879776199099e-06,-8.772114882142237e-09,5.5312032633920827e-11,5.33,-0.00020931585639354794,5.016799599618097e-07,-8.408539528377812e-09,6.11,-0.0009003307929893817,1.7713245413778693e-06,-2.2213637261562126e-09,3.83,0.0008270908231706529,-3.122751262075399e-07,-1.2418593853704598e-08,0.94,0.0021181816045679194,9.742895902093878e-06,-5.8234696521194066e-09,0.06709999999999999,3.99702821531047e-05,-1.118385660862301e-07,-2.0096431853532133e-10,3.2917544702807735,0.00016090827047052363,-4.701579228498607e-07,-2.6397904990261245e-09,5.2332453698043215,7.57924328370109e-05,5.411476092622856e-08,2.375756043289192e-11,-4.135166556742356,-3.5851751429217766,-0.00010732855700673754,4.5468339601631764e-07,1.882268236554976e-09,-3.776880964013879e-05,5.1455050881926e-07,1.9969087258237676e-09,3.4394560937792455,0.0002515711643509999,1.472795657920706e-07,-1.0370559984788547e-09,4.498920386145381,0.0008738831273253901,-1.362320121394573e-06,-3.458782889875036e-09,-3.0726133178899486,0.0005911269572746881,-1.0023350888302432e-06,-5.265563826901571e-10,-1.0554000248693385,0.00010170149853325535,-1.9037196352758726e-07,-3.040450957107429e-10,5.231643233280044,7.410760356491367e-05,5.539882329958151e-08,2.957463909893184e-11,9.373498986831645,0.00017245379368992507,6.896625856494655e-08,-2.768998142597261e-10,9.380234358758829,0.00017580135741727121,5.926488169109353e-08,-3.1777075623308314e-10,2.4790159832875305,0.00017065414860823434,1.2003589173706348e-08,-1.979189413035923e-10,3.5851751429217766,0.00010732855700673685,-4.5468339601631833e-07,-1.882268236554968e-09,4.515907065212036,-2.3488677501306237,0.00018644592766781063,-3.7637008878919317e-07,-2.6424244207741057e-09,0.0001778487472239798,-2.33525835186781e-07,-2.538672440376902e-09,-2.3556031220578064,0.00018309836394046243,-3.6666871191533813e-07,-2.6015534788007128e-09,2.7245795030534206,0.00010272277132464814,-6.997771185692725e-09,-2.207758102858333e-10,1.7913858668967007,0.0002831072885207262,-3.615185911504625e-07,-2.9430817954667284e-09,1.7929880034209786,0.00028479211779282104,-3.6280265352382755e-07,-2.948898874132746e-09,5.073344440422278,0.00010184687180585724,-2.9258802453875703e-07,-2.5081978893878607e-09,7.024631236701023,7.572297202531748,0.00028310899490703866,-3.615333482186477e-07,-2.9431092620251997e-09,0.0003588997213577347,-3.074038302242485e-07,-2.9193242350338178e-09,5.6763770189656,2.4820618271138157e-05,1.242625629418109e-09,1.3195212131467194e-12,0.0434,2.018168680927057e-05,-1.1157097487310159e-07,-8.872287735674108e-11,52241.5,4.0589388658264856,-0.000148012672913847,-1.1454585379190082e-05,21.61,-0.014020148217190267,3.055787381463141e-05,-1.6960731195722767e-08,0.0174,1.2955157577039257e-05,3.204741767121569e-08,3.726883048306761e-12,0.0091,8.092575041969177e-07,6.67897338935705e-10,-9.874230119902868e-12,1
2004-06-30,0.0473,5.880474510838046e-06,-9.826478646436548e-09,-5.864259151080862e-11,0.007700000000000005,-4.729648224587644e-06,1.9733147756208926e-08,3.2873480181056024e-11,-0.0514,8.801631859864226e-06,-7.21190927810616e-09,1.4746695390348314e-11,6.01,-0.0003213538666924275,-2.5740512545009406e-07,-4.088627889221415e-09,6.78,-0.0007943186891511911,1.7159096501708008e-06,-8.012798711158031e-10,4.73,0.0005880474510838021,-9.826478646436554e-07,-5.864259151080837e-09,1.27,0.0030615775805725915,8.703840947392071e-06,-1.3493590405647521e-08,0.0707,2.5407644790467332e-05,-1.1721378770148126e-07,-5.6875137020363796e-11,3.2733640101522705,6.888550093596471e-05,-5.996603054585754e-07,-9.041508394288347e-10,5.245443876940969,8.024425940831927e-05,5.766883932688428e-08,-3.528639698443596e-11,-4.110473944151985,-3.573575250472983,-2.2660161577536808e-05,5.04841677388152e-07,3.956293283649834e-10,5.351208207633393e-05,5.783133678049279e-07,4.238804200979643e-10,3.45883716110857,0.0002566658662136789,2.9429979055434722e-08,-8.51853986087718e-10,4.5635145107192585,0.0006777162554102544,-1.541112261519932e-06,-5.980958341667355e-10,-3.0037644452512553,0.0004782807045799864,-1.0107405558538685e-06,6.115349618956761e-10,-1.046151460198281,8.10209613850076e-05,-1.930712258082087e-07,-1.138355933133294e-10,5.241217774507464,8.095872466251861e-05,5.2525887121000473e-08,-4.2160922291898127e-11,9.386262076667833,0.00017660068074170087,3.754270182106522e-08,-2.672319118300749e-10,9.394448249016362,0.00017818511890718147,2.387013306875501e-08,-2.923065640343775e-10,2.4968811020839565,0.00017183141287788818,-1.7124651149212233e-09,-1.613918049988405e-10,3.573575250472983,2.2660161577536808e-05,-5.048416773881519e-07,-3.956293283649808e-10,4.539974349340099,-2.35384966508628,0.00010272534704951486,-5.12954400153786e-07,-9.802514026226277e-10,0.0001336427542137364,-3.7818586364654703e-07,-1.2077754075711803e-09,-2.3620358374348083,0.00010114090888403426,-4.99281831401468e-07,-9.551767504183133e-10,2.7324175575505043,0.00010030460711419643,-2.2998708237721665e-08,-1.6909362345716312e-10,1.7869685346405848,0.0001990817683828954,-5.33080537659595e-07,-1.2121969174682817e-09,1.7911946370740894,0.0001983673031286961,-5.279375854537167e-07,-1.2053223921607982e-09,5.0884603557884525,5.088024438684099e-05,-4.2790942706445175e-07,-1.101829001620453e-09,7.032412411581554,7.567878109219667,0.00019908203948587334,-5.330966981085775e-07,-1.2121997414594683e-09,0.00027932602779121295,-4.7541169833271667e-07,-1.2474833144526915e-09,5.678703954279664,2.5150534989353685e-05,1.1240281488662149e-09,3.3413073984938447e-13,0.042300000000000004,6.229114743655029e-06,-1.0652030311374324e-07,4.674293624974091e-11,52523.36,3.9508660012514496,-0.0009842379574382296,-8.986311919562927e-06,20.17,-0.010898234430493878,2.8041143107163054e-05,-4.027662808596717e-08,0.0327,1.8691734526659678e-05,2.8741663722120153e-08,-9.4594309260616e-11,0.0095,6.771292459817046e-07,-1.6657704831094578e-10,-5.8933123191434855e-12,1
2004-09-30,0.041299999999999996,1.6823932775969486e-06,-6.913953264415293e-09,1.496250927406884e-11,0.008099999999999996,-2.600158191691725e-06,2.2738051593548588e-08,2.9963599626846264e-12,-0.04559999999999999,1.098322342745264e-05,-1.3590202551230271e-08,-3.532279283293956e-11,5.46,-0.0006718859715747601,-5.042999414835398e-08,1.9819458275546705e-09,6.27,-0.0009319017907439317,2.223375165206507e-06,2.2815818238231446e-09,4.13,0.00016823932775969288,-6.913953264415285e-07,1.4962509274069049e-09,1.65,0.0038399980232168953,6.773948274389633e-06,-2.0351451551466028e-08,0.0639,1.1799409816794422e-05,-1.0768403682775478e-07,5.925302875721189e-11,3.245322994883049,1.594092572380079e-05,-5.408491268886287e-07,4.3581793334652934e-10,5.24649761781824,8.481855074748343e-05,5.076677684930096e-08,-1.0064789405911569e-10,-4.0686768154735224,-3.5316174150694866,1.5917250964726794e-05,4.270898955017923e-07,-6.457371765597334e-10,9.916104929271751e-05,4.977027922217834e-07,-7.234027188721013e-10,3.487375077903208,0.0002492663223239475,-3.1497033968560796e-08,-5.428814957221983e-10,4.590868401277231,0.0005054540328601108,-1.3521419824136898e-06,1.664864981960965e-09,-2.9622974974677536,0.00035611279517960213,-8.45996453478289e-07,1.4656112085683523e-09,-1.0358698265533028,5.8556950961056835e-05,-1.9596510032337154e-07,5.1489294592622274e-11,5.245970886175828,8.798623223522165e-05,4.94160418470102e-08,-1.2192947911198426e-10,9.402019262052818,0.00017836808914869633,1.5917025650645517e-08,-2.396410691120478e-10,9.408011026357356,0.00017839045054268422,1.905226593591329e-09,-2.4744829480167297e-10,2.514874018463588,0.00017067474470307785,-7.68193390359845e-09,-1.2537257605601994e-10,3.5316174150694866,-1.5917250964726794e-05,-4.2708989550179067e-07,6.457371765597343e-10,4.564754102690852,-2.383026769080123,5.498098221052294e-05,-4.745039551210039e-07,3.4249674994959415e-10,7.978759280797624e-05,-3.5752245859135675e-07,5.5490176521066896e-11,-2.389018533384662,5.495862081653785e-05,-4.6049215606393204e-07,3.5030397563919115e-10,2.7414849771884473,9.646405478362999e-05,-3.159132428296325e-08,-1.16279381639543e-10,1.7724948751544543,0.00014853052061173863,-5.093537063196541e-07,2.0350357489661953e-10,1.773021606796867,0.00014536283912399694,-5.080029713173605e-07,2.247851599495245e-10,5.104135088920108,-7.556299379892633e-06,-3.9269620523673757e-07,2.1249097339411133e-10,7.018992492972695,7.553407206613089,0.00014852874297156539,-5.093673123493617e-07,2.0352175460501161e-10,0.00023334907135921928,-4.5858692947035227e-07,1.0285568083753945e-10,5.6812300701856895,2.523586920654547e-05,1.826738514961869e-09,1.1215973644138896e-12,0.0349,-5.544536492058967e-06,-8.741269640473983e-08,1.5002680651805347e-10,52888.31,3.774118694018989,-0.0015163344445325445,-6.4940948843405605e-06,19.35,-0.00784491502306453,2.312335439361965e-05,-5.1903015330888074e-08,0.0254,2.2297376963691053e-05,1.6245228872487592e-08,-1.824828305691804e-10,0.0091,3.701232401873893e-07,-3.32341774581228e-10,-6.644544287463395e-13,0
2004-12-31,0.042300000000000004,1.8227962341082201e-06,1.0109338621064584e-09,4.763420250414484e-11,0.006800000000000006,-1.0013599958114941e-07,1.960122710345945e-08,-2.7381533435011712e-11,-0.04530000000000001,9.361142016347726e-06,-2.187835202670452e-08,-5.097261566048021e-11,5.47,-0.0007315493303115324,7.479669828516829e-07,5.546291879618653e-09,6.15,-0.0007415629302696458,2.7080896931976307e-06,2.8081385361174945e-09,4.23,0.00018227962341082135,1.0109338621065086e-07,4.763420250414492e-09,2.19,0.004401422913365949,4.378603311219599e-06,-2.5525928275088604e-08,0.0641,4.080829276403473e-06,-9.076861930981185e-08,1.0648298701595029e-10,3.301008654406723,-7.342382707904022e-06,-3.3651229008752776e-07,1.215629953949119e-09,5.248601774302104,8.997208685796108e-05,3.373055673447297e-08,-1.5417734823179493e-10,-4.122744036743798,-3.5895829340870598,2.4920340534143048e-05,2.4078627688570515e-07,-1.1768109442239964e-09,0.00011561673200834871,2.923692598942381e-07,-1.345891108327247e-09,3.4998353515591547,0.0002387309741467454,-4.895948713510622e-08,-2.2495069205013694e-10,4.602165676967792,0.0003842748626433627,-9.331652587175144e-07,2.903108214673387e-09,-3.0200249661230356,0.00025963822883247887,-6.113630752085043e-07,1.8050428573270049e-09,-1.0300194972024979,4.304178476410153e-05,-1.9100373886064605e-07,1.2995551016852113e-10,5.255931650051599,9.068519842545184e-05,3.664844033873761e-08,-1.6294130157719883e-10,9.41778591172157,0.00017738771388149248,-3.1354606193745344e-10,-2.026979948062854e-10,9.424396275419234,0.00017611281472338925,-1.2911453677421941e-08,-1.9474603185366654e-10,2.528125768907977,0.00016831829567260785,-1.685555007508207e-08,-9.657147570067206e-11,3.5895829340870598,-2.4920340534143048e-05,-2.4078627688570436e-07,1.1768109442239972e-09,4.561292516738238,-2.3283676260753547,3.6422919731107786e-05,-2.894322179588796e-07,1.1545582469801766e-09,4.091992263647523e-05,-2.574177580132868e-07,9.108945331031741e-10,-2.3349779897730185,3.769781888921416e-05,-2.7683431034337746e-07,1.1466062840275015e-09,2.7517480563679295,9.350513598703689e-05,-3.8469964457577424e-08,-8.462771763120243e-11,1.8408165113441108,0.00012383854675464303,-3.2347632075528586e-07,1.1060376004056249e-09,1.833486635594616,0.0001231254351871481,-3.263942043595469e-07,1.1148015537510687e-09,5.093603303282211,-4.810792860258026e-05,-2.7283828298566684e-07,1.0763313107736116e-09,7.0894182856462145,7.621729072190188,0.00012383497074146266,-3.234849472044535e-07,1.106063391805869e-09,0.00021381063361260166,-2.897457640208106e-07,9.5186025217386e-10,5.68364779223582,2.5148904313704314e-05,2.1786488198676662e-09,2.4232548462352556e-12,0.0335,-1.0622697105501126e-05,-6.287899517808829e-08,1.8069435573836278e-10,53299.55,3.6436346279543725,-0.0019608648027659463,-5.023829323544747e-06,20.48,-0.005368734468052893,1.6785501251943184e-05,-5.330233032226865e-08,0.0326,2.1447225926797324e-05,-1.0437255920823193e-08,-2.2176985876170643e-10,0.0091,3.242612855585081e-07,7.965466142694709e-11,1.9941481754365875e-12,0
2005-03-31,0.045,3.8052253042065662e-06,1.3247041097596917e-08,2.998572741214504e-11,0.006599999999999992,2.3883241029202933e-06,1.3739297307394083e-08,-5.172864295707246e-11,-0.043699999999999996,5.193716901666725e-06,-3.1691040033145394e-08,-2.3842134735519113e-11,5.4,-0.0005091740695542322,1.995080356707205e-06,4.777602466826234e-09,6.06,-0.0002703416592622021,3.369010087446617e-06,-3.952618288810061e-10,4.5,0.0003805225304206551,1.3247041097596973e-06,2.998572741214507e-09,2.74,0.004677382199980973,1.8178253193950122e-06,-2.8947449865854597e-08,0.0708,-9.512970671982611e-07,-7.246019670648286e-08,1.048923152936319e-10,3.271088696315135,-4.1054724361891395e-05,-1.4283050100221902e-07,1.5762168103523974e-09,5.264243386214285,9.478793891462972e-05,1.129432282081717e-08,-1.91970626246702e-10,-4.080441657053109,-3.5621078227181613,4.946479205991811e-05,8.167786273901731e-08,-1.3910099324706423e-09,0.00014651318764593717,1.0564838646512908e-07,-1.6236949006520316e-09,3.523709956137547,0.00023250080929159632,-3.6716533240829285e-08,2.758884918953066e-12,4.614625344758847,0.00033479047684322887,-4.995362004996315e-07,2.900016440844856e-09,-2.987764103904814,0.00024558357676524934,-3.694169655286496e-07,1.3248450088618455e-09,-1.0261313512874686,2.863973704807562e-05,-1.6371099480007549e-07,1.7700323448758348e-10,5.263208189434469,9.272990037222651e-05,8.0813060828438e-09,-1.8310326209934333e-10,9.43565867679878,0.0001766983188133217,-1.6960499293965085e-08,-1.7981948191085966e-10,9.439994920668438,0.00017454167963851103,-2.7823429949144147e-08,-1.6011303348787745e-10,2.5409970124061676,0.00016729731472359713,-2.869911514338498e-08,-8.839292244105465e-11,3.5621078227181613,-4.946479205991811e-05,-8.167786273901727e-08,1.3910099324706405e-09,4.5540971865303685,-2.349840897943072,6.337698418353369e-06,-1.014338966858804e-07,1.5735882993005032e-09,2.7523853182752356e-05,-1.0945834746083462e-07,1.1894292581492608e-09,-2.3541771418127295,8.494337593168214e-06,-9.057096603070215e-08,1.5538818508774405e-09,2.7625383863862796,9.100235131127114e-05,-4.303845114828349e-08,-6.97276937200063e-11,1.821574392641423,8.824807831704882e-05,-1.29688718800666e-07,1.585739443636289e-09,1.8226095894212395,9.030611685944962e-05,-1.2647570206268756e-07,1.5768720794889458e-09,5.079399978338086,-6.184093501192741e-05,-1.0393286113217129e-07,1.3251918235295823e-09,7.085817778855708,7.602486204755299,8.824375601559076e-05,-1.2969265466364275e-07,1.5857656657297632e-09,0.00018303601723167613,-1.1839439597984735e-07,1.393768817389599e-09,5.685482717484768,2.535848174161359e-05,2.087855509394274e-09,1.3451659300146594e-12,0.0391,-1.2392507480443352e-05,-3.833538058557426e-08,1.6189881869594785e-10,53791.41,3.5115249104207806,-0.0022443419541383304,-4.168184145192276e-06,19.84,-0.004791482686809664,1.0473771550154262e-05,-4.1119883210391396e-08,0.0315,1.9385089322607983e-05,-4.4444374526019614e-08,-2.2012172370573543e-10,0.0091,4.7559581465497766e-07,1.0148802367299457e-09,1.349064430320809e-12,0
2005-06-30,0.04,5.86475707678181e-06,1.830990662490818e-08,-1.7227771421698092e-11,0.009000000000000003,3.362545051054287e-06,7.4013253024327935e-09,-5.5842818306203815e-11,-0.04120000000000001,7.586635492220659e-07,-3.48060048965767e-08,1.9775091655793525e-11,4.96,-0.00015199670585513067,2.756510985041697e-06,1.110970300426907e-09,5.86,0.00018425779925029944,3.4966435152849805e-06,-4.473311530193484e-09,4.0,0.0005864757076781809,1.8309906624908206e-06,-1.722777142169816e-09,2.97,0.004690214922813696,-9.362060813493431e-07,-3.149106448805883e-08,0.0669,-6.3020163961784586e-06,-6.52673472941454e-08,9.221316687088536e-11,3.2607852279454104,-4.898355429262605e-05,-4.071999812406869e-08,1.4094751148118229e-09,5.270432163058501,9.625914016499898e-05,-5.550826570842602e-09,-1.8165807125733087e-10,-4.051285072761654,-3.5406100400658973,5.167168624767571e-05,-2.0341304139827194e-09,-1.2079668137718189e-09,0.00015082621177249858,-1.0006876808794774e-09,-1.4426275189356309e-09,3.551340040091875,0.00022906742484070584,-2.081291214469592e-08,9.606816552078453e-11,4.657762636107262,0.00033916581016860196,-1.8919967838091789e-07,1.6972743238762722e-09,-2.945039159238473,0.00025709092327890203,-1.7460107159173103e-07,2.2180691204212638e-10,-1.0308003580401959,1.0451237782940597e-05,-1.3870612378273422e-07,2.538133806503254e-10,5.2663105704129505,9.625373306715382e-05,-1.4257449639156537e-08,-1.7742526754054143e-10,9.454641397073319,0.000176084189618525,-3.1805747689274254e-08,-1.7172843275497305e-10,9.46143864356358,0.00017322063380265096,-4.101995273706811e-08,-1.39581691237798e-10,2.5588568397713787,0.00016587747461512884,-3.621911433043991e-08,-8.606078424370613e-11,3.5406100400658973,-5.167168624767571e-05,2.0341304139827616e-09,1.2079668137718162e-09,4.555194940356597,-2.362691316915546,1.3115489745009478e-06,1.3026965958572016e-08,1.4757634120476304e-09,3.099633431595181e-05,5.290764794102846e-08,9.959353159899113e-10,-2.3694885634058087,4.17510479038298e-06,2.2241171006346552e-08,1.4436166705303533e-09,2.767576180416237,8.653386677719629e-05,-4.9171662150419304e-08,-5.0405612390942305e-11,1.821517917099271,8.113659842802975e-05,-1.3227955159874306e-08,1.4856930505499448e-09,1.825639509744822,8.114200552587491e-05,-4.521332091551148e-09,1.4814602468331449e-09,5.070853577619483,-5.721362053993303e-05,7.230791760499256e-08,1.0710209121063828e-09,7.091950080157772,7.602426297910425,8.11330534286156e-05,-1.32309469360379e-08,1.4857229562430142e-09,0.00017739573859302805,-1.8778781730714672e-08,1.3040349792926116e-09,5.687856324105942,2.5831566871491185e-05,2.2355198170112746e-09,-1.5741052971765785e-12,0.0362,-1.4898654956156047e-05,-2.6990696967005803e-08,1.31611734833795e-10,53927.5,3.2504903390983713,-0.0026078593509992996,-2.887600706320881e-06,19.0,-0.004867878078857235,5.355780208874908e-06,-1.7185074077198406e-08,0.0253,1.6366434547431467e-05,-6.513945127208634e-08,-1.4899356005070486e-10,0.0092,6.517119690320012e-07,1.441461508198913e-09,-1.214833822264309e-12,0
2005-09-30,0.042,9.085650657271824e-06,1.1881561025514895e-08,-7.792076177835957e-11,0.009000000000000003,2.8571686861535388e-06,1.6184000021996023e-10,-3.935869480088269e-11,-0.0428,-3.477936688290977e-06,-2.7514642734315325e-08,5.972486400926005e-11,5.13,0.0002896837121068148,2.5183227411284287e-06,-3.4462001121772413e-09,6.03,0.0005754005807221713,2.534506741150432e-06,-7.382069592265534e-09,4.2,0.0009085650657271828,1.188156102551491e-06,-7.792076177835972e-09,3.42,0.004494429262934833,-3.91952271307279e-06,-3.3826729630502353e-08,0.068,-1.1347590450063837e-05,-6.67826307683928e-08,7.878208337709032e-11,3.2476576262936527,-2.748083817248337e-05,8.053374552513805e-08,7.451794777345303e-10,5.292299294222474,9.045850195138274e-05,-2.3143382189848724e-08,-9.311392587384263e-11,-4.045554398052668,-3.5560988000228706,3.714157181216038e-05,-1.1342392488232772e-07,-6.779017216505139e-10,0.00013072055901615988,-1.3504948293065877e-07,-8.240405234618183e-10,3.5553480614894135,0.0002343728457292471,-9.04595701581219e-09,3.858041393667616e-11,4.685366727982368,0.00035792926427183553,-6.751300416400631e-08,-2.514593052817256e-10,-2.9150743705365367,0.00025057253613189475,-1.9342778018860626e-07,-1.054626275510445e-09,-1.0345770868229,-2.191196831972421e-06,-1.2725390113442958e-07,3.157898813527997e-10,5.292299294222474,9.225963527473776e-05,-2.5654485064273606e-08,-9.512078639542555e-11,9.466737328964827,0.00017264919400309802,-4.668010235537395e-08,-1.5498549858467592e-10,9.472473686699912,0.0001689258688500908,-5.357463225658397e-08,-1.0443838934062676e-10,2.5767776187230984,0.00016111704162832078,-4.137952084692642e-08,-7.475842108093515e-11,3.5560988000228706,-3.714157181216038e-05,1.1342392488232776e-07,6.779017216505115e-10,4.557095950754469,-2.355290467452543,2.458207991398592e-05,1.5105807022190507e-07,8.714676341718956e-10,4.44986140109474e-05,1.6498566165067677e-07,4.4188034977332406e-10,-2.3610268251876274,2.8305405066999038e-05,1.5795260012309344e-07,8.209205249277824e-10,2.775708849576025,8.131045101979762e-05,-5.81752436707994e-08,-3.117675769971703e-11,1.8191475672898105,0.00010677277196570258,1.2752135005636178e-07,8.095960614610485e-10,1.8191475672898105,0.00010497163864234827,1.300324529307954e-07,8.1160292198261e-10,5.062959650471898,-4.015983783809338e-05,1.875726365675929e-07,4.374679696399135e-10,7.111446861512285,7.600057102328337,0.00010677038592848686,1.2751692809931336e-07,8.096407295094522e-10,0.00019723127391708394,1.0437796786651638e-07,7.164821355871996e-10,5.690494580329266,2.6116341008712572e-05,2.3732783274893953e-09,-3.835587345966785e-12,0.0345,-1.6273002315898563e-05,-2.632129151226163e-08,9.594870858172726e-11,54207.46,2.966977356591008,-0.0031177324666166175,-1.6922736550435753e-06,18.44,-0.004648026088959603,4.6454912613126045e-06,1.0757143482783084e-08,0.046900000000000004,5.728300593948013e-06,-7.592652407465867e-08,8.99134813662736e-12,0.009300000000000001,8.961525419376259e-07,8.418981899777823e-10,-5.020273696399186e-12,1
2005-12-31,0.0447,1.0516926588426069e-05,-1.8445101790272594e-09,-1.2711265314166266e-10,0.009500000000000001,2.303932050608663e-06,-4.85662905126888e-09,-1.3802757005017967e-11,-0.0456,-5.581169218860348e-06,-1.4603431533726263e-08,8.086059131566558e-11,5.37,0.0005328428146054532,1.4835405767568907e-06,-6.7376150975360674e-09,6.32,0.0007632360196663218,9.97877671630004e-07,-8.117890798037893e-09,4.47,0.0010516926588426067,-1.8445101790272435e-07,-1.2711265314166281e-08,3.89,0.004067440733589868,-7.0595661876606726e-06,-3.4933138389602145e-08,0.0636,-1.77952587083455e-05,-6.271707510467445e-08,8.136250792639075e-11,3.2748780149834857,-1.699396024940486e-05,2.1786879024945113e-07,-3.4893567463784304e-11,5.282187984618153,8.469244216844363e-05,-4.35722198133276e-08,2.0086546971964176e-11,-4.0398563769380305,-3.5410068661120593,2.972512269927424e-05,-2.254375361492353e-07,-5.076140492825798e-11,0.0001172307899996311,-2.7193444767586655e-07,-7.402812023724167e-11,3.5995016429627196,0.00023815066663107273,8.290119409004296e-09,-9.02717765724157e-11,4.744758200195145,0.00036737736318171176,-1.8585108715325268e-07,-2.3681676235842715e-09,-2.8949823704538478,0.000243471275061383,-4.610835018495015e-07,-2.305592445421405e-09,-1.0272222925814367,-7.802739998455203e-06,-1.0104411506166111e-07,3.74306758260812e-10,5.288771953704505,8.39253328111661e-05,-3.8819683431752335e-08,3.1711619718915185e-11,9.483617337276664,0.0001667421099241756,-6.420748984187086e-08,-1.2883707955219152e-10,9.489914765847868,0.00016212895107062947,-6.698171516293495e-08,-5.703868433098781e-11,2.589266665112243,0.0001550277522401597,-4.857424898714702e-08,-7.914176007967265e-11,3.5410068661120593,-2.972512269927424e-05,2.254375361492353e-07,5.076140492825231e-11,4.5512418439625355,-2.3431088282018853,4.1683434007625324e-05,2.9793514540013053e-07,8.9326707908014e-11,6.862213062508449e-05,1.8266120747109665e-07,-4.9908871034279e-10,-2.3494062567730896,4.629659286116729e-05,3.0070937072116876e-07,1.752831268684401e-11,2.7813006628418027,7.605319665140095e-05,-6.02744711950563e-08,-1.4801779075314277e-11,1.8583205244566257,0.00012373310176335453,2.7729987537156953e-07,-5.959691861611088e-11,1.8517365553702736,0.0001245002111206324,2.725473389899962e-07,-7.122199136308445e-11,5.049961876751039,-1.1746117741493617e-05,1.9872435112248536e-07,-5.664564472412904e-10,7.140508509074778,7.6392285418632815,0.00012373037557045775,2.772983937382937e-07,-5.951534505723087e-11,0.0002084255439317964,2.3372765555824337e-07,-3.9510371644155013e-11,5.692923731321325,2.6168269747352257e-05,1.8219924879064823e-09,-4.97130318739948e-12,0.0297,-1.821082231268218e-05,-2.0145321253381607e-08,7.563167633573211e-11,54375.96,2.7040523546168855,-0.0031998889680646568,-7.905894133154171e-07,18.07,-0.004464567164243552,9.114425157174574e-06,3.874890421707185e-08,0.0342,-5.502866947582101e-06,-7.94116589938053e-08,1.8040437194169094e-10,0.009300000000000001,1.072480957325197e-06,-1.651289597419821e-10,-8.06278135790946e-12,1
2006-03-31,0.0472,9.72793309201991e-06,-2.025243619645195e-08,-1.4797937007825687e-10,0.008799999999999999,1.6708472689137591e-06,-3.844143140304031e-09,2.1047372330446492e-11,-0.0465,-5.799986039957996e-06,-2.322228724478804e-09,7.482767214210714e-11,5.53,0.0005810632684210594,1.825473171887633e-07,-7.706222424871284e-09,6.41,0.0007481479953124398,-2.018669968416468e-07,-5.6014851918266755e-09,4.72,0.00097279330920199,-2.0252436196451965e-06,-1.4797937007825697e-08,4.51,0.0033208510082759794,-1.0504151673420972e-05,-3.3133425595166565e-08,0.0652,-2.5858092405890525e-05,-5.230591244919911e-08,9.594306983009142e-11,3.270708973508218,-9.88950149868814e-06,1.926328564194446e-07,-9.730781993785098e-10,5.297316866214453,8.462759805432443e-05,-3.80048651757752e-08,1.000115297326816e-10,-4.0398563769380305,-3.555726880120997,8.340957304639463e-06,-2.108002710359547e-07,8.331605328968473e-10,9.529373519123543e-05,-2.5643439115361114e-07,9.019295243118167e-10,3.609565647394211,0.00023133869698340885,-1.0866740294248045e-09,-2.1231496071722717e-10,4.769497479409767,0.00035066056485104564,-5.550378638274248e-07,-4.484982088768645e-09,-2.8788385220824915,0.00021213114461891524,-8.004335183875967e-07,-3.3370517727466706e-09,-1.0210064113918578,-1.6922453459613898e-05,-5.57484463213325e-08,5.275344561088152e-10,5.296816240421769,8.142646861684019e-05,-3.652946946300168e-08,1.2192708713611807e-10,9.497337509913864,0.00015994121257601745,-7.686183699940779e-08,-1.029900980580785e-10,9.50143852796485,0.00015488057002690652,-7.146473339590374e-08,-1.4205249267007689e-11,2.6009185719648733,0.00015076134442567924,-5.426569192175818e-08,-1.279365628031205e-10,3.555726880120997,-8.340957304639463e-06,2.1080027103595476e-07,-8.33160532896854e-10,4.550284708089226,-2.332044982398657,6.305652710275611e-05,2.865754340059566e-07,-9.424853955560486e-10,0.00010035592398067033,1.1035269005719455e-07,-1.766445512751565e-09,-2.3361460004496424,6.811716965185906e-05,2.8117833040242097e-07,-1.0312702443470264e-09,2.7942278973432626,6.904511224611782e-05,-5.603508403720025e-08,-8.490644822584769e-14,1.8679756613007545,0.00013837014162444496,2.4771846218231196e-07,-1.145487023346749e-09,1.8684762870934382,0.00014157127106192955,2.462430664695324e-07,-1.1674025807502078e-09,5.04261325602656,2.217103136802484e-05,1.1183597668003438e-07,-1.8387713706337318e-09,7.1652925275152075,7.648887537812054,0.0001383648588253336,2.477247359864363e-07,-1.145357566253237e-09,0.000222997739678768,2.0971359700653524e-07,-1.0454754936140803e-09,5.695145281260538,2.6248449686917806e-05,7.712639616166598e-10,-5.880947626871198e-12,0.0321,-2.256338315170061e-05,-1.0789244527065831e-08,7.12882538287986e-11,54985.1,2.334775025554893,-0.0029262791034966847,-1.985222387583692e-08,17.8,-0.0038457644416632158,1.5253594404108636e-05,6.740123624393009e-08,0.0336,-1.0511531008633896e-05,-5.0667480298471415e-08,3.015480166887007e-10,0.0097,9.420409530434237e-07,-1.2455759042238953e-09,-8.016535916804548e-12,1
2006-06-30,0.051100000000000007,6.828118896553539e-06,-3.659744383810739e-08,-1.4036443001504596e-10,0.008900000000000005,7.106996870270436e-07,1.093469568708894e-09,6.867690642469382e-11,-0.0491,-4.783614006194663e-06,3.4389070657903427e-09,4.549618599382956e-11,5.89,0.0004836990384481349,-5.901629375184407e-07,-6.4343789283737044e-09,6.78,0.0005547690071508432,-4.808159806475592e-07,4.3331171409564707e-10,5.11,0.0006828118896553534,-3.6597443838107414e-06,-1.4036443001504603e-08,4.79,0.00219015344496972,-1.4108375235553534e-05,-2.755190281399267e-08,0.0643,-3.176692077558848e-05,-3.978103430758705e-08,6.471824139278836e-11,3.2088254890146994,3.6244550675110235e-05,1.0656299141821879e-08,-2.402972233916571e-09,5.312713246831769,7.86154567383561e-05,-2.4945021832615614e-09,1.537630709936549e-10,-3.979231755121596,-3.5109590981582786,-3.7639311774617655e-05,-8.753940337384117e-08,2.2161925517229465e-09,4.3004782010585414e-05,-1.0015565947435045e-07,2.352377419719056e-09,3.6224725219163374,0.00023230273203869793,-4.869802807162771e-08,-3.8485940282882914e-10,4.778871360488434,0.0003090324945385373,-1.102927465856378e-06,-6.908552962787971e-09,-2.823461052613538,0.00011759570158970285,-1.142003235974886e-06,-4.148840225184226e-09,-1.0349367803810985,-2.7185618009286685e-05,-1.2409621239937633e-08,7.640964990296838e-10,5.307277107919509,7.830896400783799e-05,-5.481313761088948e-09,1.575802830810718e-10,9.517763305110742,0.0001516101987912702,-8.168137153830648e-08,-8.231515473360424e-11,9.521857518705728,0.0001469472196781438,-6.46266082167191e-08,1.0555043699552596e-11,2.61602093108043,0.00014703353312408053,-5.930284112520763e-08,-2.0959559703861369e-10,3.5109590981582786,3.7639311774617655e-05,8.753940337383965e-08,-2.216192551722949e-09,4.582203465793359,-2.384331685036127,0.00011833184502205025,1.2052274684052435e-07,-2.518736799818234e-09,0.00011846683207788755,-7.215386503492408e-08,-3.0542592859179692e-09,-2.388425898631112,0.0001229948241351718,1.0346798351892691e-07,-2.611606998251295e-09,2.797281334830153,6.248772875247014e-05,-5.4236174409639175e-08,-2.656389550372971e-11,1.8207183732428471,0.00019132658707495914,4.1335877485479545e-08,-2.7548150255454295e-09,1.8261545121551077,0.00019163307980547828,4.4322689063301395e-08,-2.7586322376328606e-09,5.068389110233899,3.896296638034522e-05,-8.754840024943363e-08,-3.0605214364190205e-09,7.133431620074616,7.60162719685654,0.00019132007315385003,4.1357450778013906e-08,-2.754669274006403e-09,0.00026994204381331486,3.884137530221649e-08,-2.6010519545517834e-09,5.697496090013493,2.6422412672403443e-05,2.8936098714354475e-11,-6.552038669309132e-12,0.0297,-2.4315572990846973e-05,-3.625932471806108e-09,2.1650309708590938e-11,54998.84,1.9815895299876616,-0.0028408814018167404,-1.5277554654632128e-06,16.82,-0.0020991827142119225,2.182356933227154e-05,1.1593673736760957e-07,0.0432,-1.8217678484346592e-05,3.30759726759319e-09,3.468525507036159e-10,0.0097,6.372047264680626e-07,-2.256575911024655e-09,-5.635690420145704e-12,1
2006-09-30,0.0472,1.2255581082613095e-06,-4.763201226788485e-08,-9.926641788939648e-11,0.0092,6.06439674479739e-07,7.221750248974657e-09,1.0687826031860128e-10,-0.046,-2.6694916004556453e-06,3.8115774815987715e-09,9.474126340068546e-12,5.51,0.00021689372962985855,-7.864516851283037e-07,-3.482644274338737e-09,6.43,0.0002775376970778315,-6.427666023084993e-08,7.205181757521398e-09,4.72,0.00012255581082613043,-4.763201226788487e-06,-9.926641788939647e-09,4.81,0.0007393070063308249,-1.687872691864205e-05,-1.657315232878267e-08,0.0554,-3.257663276536293e-05,-2.4002137199829762e-08,-3.682888160506442e-11,3.2441536320524693,7.327568629865166e-05,-2.2155626523995335e-07,-3.770769537598854e-09,5.312713246831769,7.232720712995467e-05,2.5709589051495257e-08,1.4064243457683082e-10,-4.000854219134761,-3.533534801216169,-6.666354946490497e-05,1.1754696873848177e-07,3.541241539991818e-09,6.115326450674418e-06,1.3312093661408213e-07,3.685186468766292e-09,3.6501386257975055,0.00023744432862269558,-9.049916014147007e-08,-6.1747997032624e-10,4.832226074122216,0.00019539143245566047,-1.739110685632681e-06,-9.434937396467546e-09,-2.820099704910833,-3.626862053833883e-05,-1.503097378355e-06,-5.127141161983418e-09,-1.0482753408226928,-2.5722182583643587e-05,5.091078836208621e-08,9.922719415081776e-10,5.312220271717028,7.499240488729325e-05,2.8003850184061453e-08,1.2366975765538257e-10,9.529043090276655,0.00014257817931513512,-8.477899603584588e-08,-9.72276672264446e-11,9.532632327677593,0.00013969432171714313,-5.6521033996686504e-08,-2.6998617771080574e-11,2.630996576713966,0.00014169764839375813,-7.805191315420548e-08,-2.998093830926728e-10,3.533534801216169,6.666354946490497e-05,-1.175469687384856e-07,-3.54124153999182e-09,4.615000363900286,-2.34536966326298,0.00016152969877247168,-1.2326713284411565e-07,-4.0614938430916805e-09,0.00010597190104446874,-4.390033093664699e-07,-4.002511856344365e-09,-2.3489589006639187,0.0001644135563704567,-1.5152509488325427e-07,-4.131722892546935e-09,2.7985001040242823,6.014413538742436e-05,-5.18489261856734e-08,-1.161939908189731e-10,1.8709601801819051,0.00023178067095764725,-2.3375571793144687e-07,-4.299363944894901e-09,1.8714531552966462,0.00022911547320030693,-2.3604997906401439e-07,-4.2823912679734474e-09,5.09502687011936,2.2600476448381145e-05,-4.597097365726172e-07,-3.892478872345481e-09,7.183673427013674,7.651871201268115,0.0002317781498199986,-2.337098403960528e-07,-4.299263456372444e-09,0.00030410787808760054,-2.08046128879955e-07,-4.158721510318067e-09,5.700142524735606,2.6429492393084673e-05,-2.074895994445466e-10,-6.216314939778805e-12,0.0233,-2.1174213781555983e-05,7.092993082440883e-09,-8.915455329960317e-11,54935.69,1.8661559511166388,-0.002754527198200648,-6.497912327347763e-06,16.77,0.0007690172343435442,2.9305120724004972e-05,2.1381066208875103e-07,0.0206,-1.8748071618583108e-05,5.063802468049757e-08,2.436275071587097e-10,0.0097,3.5166958741382584e-07,-2.639906006364067e-09,-2.8043369418407934e-12,4
2006-12-31,0.045599999999999995,-4.81033803519991e-06,-5.7041570082286926e-08,-3.457936163158894e-11,0.008999999999999994,2.129880765499384e-06,1.9513028917917852e-08,1.1178325357200956e-10,-0.0446,-2.206648626507405e-06,1.9737361155543798e-09,-6.879835304613327e-12,5.32,8.912773018674922e-05,-9.44163803163643e-07,-1.1136134591830574e-09,6.22,0.0003021158067366858,1.0071390886281268e-06,1.0064711898017927e-08,4.56,-0.00048103380351999236,-5.704157008228694e-06,-3.4579361631588894e-09,4.85,-0.0011605363582860516,-1.821916403120161e-05,6.284773747524394e-10,0.0537,-3.2645732396072836e-05,-2.0562291766104775e-08,-1.6946076409504533e-10,3.3061538329752613,2.63529435009624e-05,-6.280856984690807e-07,-4.1815831874257026e-09,5.307277107919509,7.946397826055426e-05,3.6416738062765774e-08,-8.901160215772501e-12,-4.0398563769380305,-3.568008886662704,-3.638040494784167e-05,5.29793297765572e-07,4.027945661755978e-09,4.165329563743103e-05,5.559988573232808e-07,4.0422062368864935e-09,3.687878953780353,0.00022546242980676367,-1.3310885646041914e-07,-8.349680546738704e-10,4.874357275803628,-7.510832862466648e-06,-2.6139137770803055e-06,-1.1138136175348003e-08,-2.855970331178832,-0.00018939170761715537,-1.9116366533128507e-06,-6.275262535259821e-09,-1.0384583658483626,-1.6575808836303933e-05,1.6536729295957888e-07,1.2401880897265358e-09,5.313698468586339,8.002571238864691e-05,4.3474512036903876e-08,-1.9079995395135565e-11,9.537497067651048,0.00013592770361625512,-8.778561861811131e-08,-1.7144199062740536e-10,9.5401221343477,0.00013720868563162487,-5.1120366780664e-08,-1.5421354327793192e-10,2.641910398597665,0.0001356196992359799,-1.1697044820728334e-07,-3.813510135026365e-10,3.568008886662704,3.638040494784167e-05,-5.297932977655745e-07,-4.027945661755978e-09,4.613977441845392,-2.28160922720799,0.0001259151311383544,-5.751165356078908e-07,-4.691471725802487e-09,6.890131689606463e-05,-9.616093247629209e-07,-4.2393973773738955e-09,-2.2842342939046434,0.00012463414912297632,-6.117817874453149e-07,-4.708700173151865e-09,2.8069901489571136,5.665081739870438e-05,-5.588552524819672e-08,-2.2492097859465587e-10,1.9486107325235482,0.00018237885649405317,-6.993188922887564e-07,-4.854012556214095e-09,1.9421893718567178,0.0001818171223659574,-7.063766662628958e-07,-4.843833721034715e-09,5.087609524973404,-1.931001765455159e-05,-9.64292134579145e-07,-4.003846304452761e-09,7.255887840443057,7.729519923571069,0.000182381420342477,-6.992537288330197e-07,-4.854020836281412e-09,0.00026184283475460537,-6.629021542259943e-07,-4.862913716429851e-09,5.702648498614998,2.6219857863227226e-05,-5.208282856369043e-10,-5.215960027579488e-12,0.0263,-1.9622352512581814e-05,4.5758908410668405e-09,-2.1229959590950293e-10,55269.19,1.686001697707934,-0.0030084104675969702,-1.2435288148784097e-05,17.38,0.0036898466553767885,4.227479970812604e-05,3.481014333821792e-07,0.0254,-5.4215396134799315e-06,8.299479763873213e-08,-2.5262505361686074e-11,0.0098,6.532282534613203e-08,-2.3766914823144654e-09,-3.3184021648955046e-13,4
2007-03-31,0.045599999999999995,-9.083062103718697e-06,-6.075969448437727e-08,2.8446183373849767e-11,0.009699999999999997,4.04316182988523e-06,3.82898495840424e-08,8.619768786127589e-11,-0.04459999999999999,-3.6555206145810998e-06,-2.830291640038404e-09,4.817654525624101e-12,5.3,0.0001861885809539429,-8.927783010790904e-07,-1.0078096374157229e-09,6.27,0.0005905047639424649,2.9362066573251445e-06,7.611959148711903e-09,4.56,-0.0009083062103718717,-6.075969448437728e-06,2.844618337384984e-09,4.94,-0.0031535530232556725,-1.78927369054181e-05,2.0013345023684837e-08,0.0453,-3.255091856177217e-05,-4.918337589781515e-08,-2.9130188501233465e-10,3.2669037938787824,-5.9786939757563996e-05,-1.2617382251116048e-06,-3.5593255690999173e-09,5.324715840402567,9.305381525563303e-05,3.72300645568511e-08,-2.452131968924757e-10,-4.011843340710357,-3.5545665339185515,2.3131664949473107e-05,1.1503037535027816e-06,3.492787514579129e-09,0.00011425784818048165,1.1803580433122948e-06,3.2798245247219525e-09,3.694612985961697,0.00020333377907838027,-2.177727853137044e-07,-1.0782517735506226e-09,4.876799093117625,-0.0002737770905554673,-3.9309969314612706e-06,-1.0958848849933883e-08,-2.8285243545700847,-0.00036010383210200586,-2.520543388671906e-06,-6.627528018602566e-09,-1.0285058223867865,-4.41091353382151e-06,3.02867510963603e-07,1.5211794996943774e-09,5.324413871269311,9.091917348567763e-05,3.664117614803978e-08,-2.4251655642532206e-10,9.549634338057386,0.0001289620835336125,-9.785592371642978e-08,-2.762038910392205e-10,9.552773166269022,0.0001349422248940968,-5.9368049114453367e-08,-3.234012723556765e-10,2.6523099237519694,0.00012645361347379363,-1.6437509259127368e-07,-4.035145541711338e-10,3.5545665339185515,-2.3131664949474497e-05,-1.1503037535027816e-06,-3.4927875145791157e-09,4.608716791879294,-2.300454818177137,5.124003059529432e-05,-1.2702206151000658e-06,-4.29483539709052e-09,-2.168509472187316e-05,-1.4823594241003162e-06,-3.19441599904535e-09,-2.3035936463887743,4.525988923481036e-05,-1.3087084897020254e-06,-4.2476380157740595e-09,2.8100049236252036,5.145393786658188e-05,-8.633796385932013e-08,-3.1647021615717255e-10,1.9244636794776806,8.714829887327448e-05,-1.4053066033733364e-06,-4.325826091237285e-09,1.9247656486109372,8.928294064322884e-05,-1.4047177149645261e-06,-4.328522731704428e-09,5.0750679093674185,-0.00011270174179623185,-1.4467087675325775e-06,-2.8846579678175395e-09,7.249179519880248,7.705366073103446,8.716040858930963e-05,-1.40524392957928e-06,-4.32598070695005e-09,0.00018020211412890508,-1.3680765388164859e-06,-4.571039288129732e-09,5.704748674401526,2.6085446741269668e-05,-1.2185223137289999e-09,-5.016690368030912e-12,0.0158,-1.7935514522821518e-05,-3.058004324532597e-08,-3.157422252959898e-10,55319.12,1.4056823407047658,-0.004680671505683883,-1.7334412374424383e-05,16.92,0.007133590177238633,7.670700625608137e-05,4.478256692575301e-07,0.0278,8.713257876983996e-06,7.855025140680927e-08,-3.5056853271449397e-10,0.0096,-1.535070499342046e-07,-2.06369749944734e-09,8.068983500637326e-13,4
2007-06-30,0.051,-1.4215171737966611e-05,-5.1775328194487795e-08,9.726164460096833e-11,0.009100000000000002,6.499879381756023e-06,5.015389855214859e-08,2.1396235483045176e-11,-0.04970000000000001,-4.127121240137552e-06,-5.556534579057561e-09,2.9028883261264454e-11,5.79,0.0001961041465003005,-5.995141471125503e-07,-1.231453434861037e-09,6.7,0.0008460920846758993,4.415875708102313e-06,9.081701134435341e-10,5.1,-0.001421517173796663,-5.177532819448779e-06,9.72616446009684e-09,4.61,-0.004838474006287845,-1.4809832429402478e-05,3.723629028118244e-08,0.0472,-3.283962356074088e-05,-9.814307688005963e-08,-3.2426251800138056e-10,3.3112726741341683,-0.00016659102128631782,-1.756380985264669e-06,-1.842524873432107e-09,5.339219357868463,9.922991321538246e-05,1.0019384440391731e-08,-4.291808878970838e-10,-4.057048777478403,-3.616407829051445,0.00012067884285472327,1.6332793688896461e-06,1.6432600066744142e-09,0.0002176729899925553,1.6429208347574086e-06,1.251472931445391e-09,3.7062280924485496,0.0001844207453890405,-3.366627206541343e-07,-1.422998656277828e-09,4.883407799611873,-0.0005915930859669273,-5.392160972440154e-06,-7.308978199804087e-09,-2.8806194664534863,-0.0005551982687567395,-3.4053399967068067e-06,-4.672633762704804e-09,-1.043919394152671,2.6199835563947386e-05,4.434298899281793e-07,1.6744523180485535e-09,5.333848589587692,9.965607321265474e-05,2.000758256482634e-09,-4.360382097528794e-10,9.562098819730098,0.0001204474329154423,-1.3145540214701055e-07,-3.7415609220979567e-10,9.56511509163178,0.00013053966366546738,-1.0309634241836451e-07,-4.783495290614498e-10,2.666265998232241,0.00010829262576893817,-2.113894493657193e-07,-3.046865540897358e-10,3.616407829051445,-0.00012067884285472536,-1.6332793688896478e-06,-1.6432600066743963e-09,4.614102158950759,-2.239462898230103,-5.6705530381126815e-05,-1.8384866873967817e-06,-2.692102570742409e-09,-0.0002084126865388891,-1.874615249582165e-06,-5.763822776494377e-10,-2.2424791701317863,-6.679776113114599e-05,-1.8668457471254018e-06,-2.5879091338908174e-09,2.8160073426073025,4.6576253073714324e-05,-1.3492889118820061e-07,-3.557783347056168e-10,1.9834165636315317,-3.548801068106559e-05,-1.9799614739841744e-06,-2.6370777750551637e-09,1.9887873319123022,-3.591417067833752e-05,-1.971942847800264e-06,-2.6302204531993607e-09,5.067746892461384,-0.00029495748216617145,-1.793142255316275e-06,-3.025194835294223e-10,7.3226359214999945,7.76431723764764,-3.5466382957431705e-05,-1.9799268088626397e-06,-2.63735716082412e-09,6.374190253431306e-05,-1.96994208954378e-06,-3.066258662952213e-09,5.707010592007626,2.6140017855727504e-05,-1.8203746078695476e-09,-5.900660119381875e-12,0.019299999999999998,-1.6231861440337358e-05,-8.033873350937206e-08,-3.275259335928455e-10,55531.82,1.1330657141144342,-0.007318585383357934,-1.9300985197146382e-05,17.83,0.01127546486230648,0.0001417719977243822,4.3135359359414974e-07,0.0269,2.1376116638559793e-05,1.4755329174325695e-08,-5.970445627129223e-10,0.0096,-2.4118155172131955e-07,-1.8940407922424513e-09,3.090829163480619e-13,0
2007-09-30,0.0452,-2.142094760461205e-05,-3.666769019678449e-08,1.8159856216861258e-10,0.008499999999999997,1.3734035563738297e-05,4.8603047858251535e-08,-1.0332843895890332e-10,-0.0479,-4.543875500370069e-06,6.185712376389044e-10,5.856736680142548e-11,5.74,-8.514423335662796e-06,-8.335288530854327e-07,-3.998472358302179e-10,6.59,0.001364889133038165,4.026775932739725e-06,-1.0732691131720504e-08,4.52,-0.002142094760461206,-3.6667690196784486e-06,1.8159856216861255e-08,3.89,-0.006270963256168399,-9.252061265338957e-06,5.0896180934475824e-08,0.05,-4.36689700596526e-05,-1.4737134084886383e-07,-1.4972231321064398e-10,3.2857865301508276,-0.00037950799185049525,-1.8408793307572163e-06,1.4782440519717441e-09,5.339891078457965,9.667717485928249e-05,-5.88522889058743e-08,-4.771173318285361e-10,-4.017383521085972,-3.5752969803449313,0.000333742862984332,1.729594322610958e-06,-2.0238976659658023e-09,0.0004276251338734653,1.6744049393674592e-06,-2.4647685155102373e-09,3.7360015611826713,0.00015826970363404456,-4.7415660408641263e-07,-1.7484353218987828e-09,4.8054135174159684,-0.0011353547404250048,-6.409697171309562e-06,1.7752039502672081e-09,-2.946942109384559,-0.0008616728241414948,-4.259092261250726e-06,1.0068495313177147e-09,-1.0584904893094418,8.099048177706187e-05,6.197235945758083e-07,1.6074677940713291e-09,5.34016443549993,9.9303119495385e-05,-6.089026313378108e-08,-4.897997717004118e-10,9.575128058446262,0.00011091805741630656,-1.8371643289329194e-07,-4.1952998408061127e-10,9.579368095210041,0.0001245240583460705,-1.7380293117872345e-07,-5.587890542800364e-10,2.679922542048776,8.267521127982846e-05,-2.4974102024508915e-07,-9.502529323266069e-11,3.5752969803449313,-0.000333742862984332,-1.7295943226109573e-06,2.0238976659658077e-09,4.618288706105819,-2.2638295169186597,-0.00028639121676659295,-2.020034493804082e-06,6.949923281476477e-10,-0.0004498916734976162,-1.95205620861937e-06,3.0314827884965382e-09,-2.2680695536824382,-0.00029999721769635517,-2.029947995518631e-06,8.342513983470255e-10,2.821973947420524,3.395563482422141e-05,-1.7964255308689945e-07,-2.533875019500963e-10,1.9714074630696379,-0.00027215033420956923,-2.1448986377914985e-06,7.525796758955458e-10,1.971134106027673,-0.0002747762788456721,-2.1428606635635894e-06,7.652621157674353e-10,5.059084928728113,-0.0005234111566062606,-1.8334378347423938e-06,3.1538747955888152e-09,7.311298541527603,7.752317973640154,-0.0002721244811664067,-2.1449124799059674e-06,7.522397602305204e-10,-0.0001754731593502881,-2.203750926697365e-06,2.7546234406703695e-10,5.709665137814357,2.605311664418686e-05,-2.1162249164801235e-09,-6.225356118679057e-12,0.023700000000000002,-2.6571405953794913e-05,-1.2648510843304324e-07,-1.3445378077886677e-10,55702.9,0.43815130523828427,-0.009745664212413099,-1.3519101033266989e-05,19.05,0.02144493664656088,0.00021248219937606734,2.0880188996938001e-07,0.0276,2.5398317625978172e-05,-8.450548550591123e-08,-6.355566258645828e-10,0.0096,-3.5106104420950507e-07,-1.9189600451684308e-09,-3.507698249960137e-13,0
2007-12-31,0.040999999999999995,-2.6155492286283454e-05,-2.138101862830707e-08,2.345142290735631e-10,0.011600000000000001,2.2694861090441996e-05,3.7729121085407e-08,-2.432067014827034e-10,-0.0478,-5.411101015876481e-06,1.1432062573155477e-08,8.771468414254624e-11,5.49,-0.00012094060607959686,-1.4828611998488735e-06,-3.967826807535348e-10,6.65,0.0021485455029646035,2.2900509086918346e-06,-2.4717452829023866e-08,4.1,-0.002615549228628346,-2.1381018628307056e-06,2.345142290735631e-08,3.0,-0.007130448750584173,-3.3947093977585968e-06,5.672808790423028e-08,0.0481,-6.598271234586274e-05,-1.8181252626604923e-07,2.3906266569136405e-10,3.2565568918358894,-0.0006658266773656169,-1.5998292543060196e-06,5.613857307832853e-09,5.347297988769658,8.76128629425467e-05,-1.4324095395315018e-07,-3.914359411961673e-10,-3.979231755121596,-3.5429657703748503,0.000615943260691762,1.470195896108007e-06,-6.504757650343838e-09,0.0007022431383086399,1.3323909670951926e-06,-6.876660038168094e-09,3.7563044304287256,0.00011262338595961901,-6.504540386980501e-07,-1.8165380603331934e-09,4.6260506635674465,-0.001958645157832685,-6.4168606412907874e-06,1.576804578977861e-08,-3.107781777362614,-0.0013645125567230362,-4.4357554348858295e-06,1.0651025570322178e-08,-1.0441241033840398,0.00014372282889908058,8.089708860841563e-07,1.36080255528389e-09,5.353964917386851,8.690198269873384e-05,-1.386978222867997e-07,-3.8265656011037286e-10,9.586316042770333,9.373149972322081e-05,-2.358161702342048e-07,-3.2338860456424006e-10,9.594360572984616,0.00010767417322373463,-2.437367248647542e-07,-4.5276744549137803e-10,2.6892071133007303,5.558425537864654e-05,-2.555468552380871e-07,1.723247724069781e-10,3.5429657703748503,-0.000615943260691762,-1.4701958961080008e-06,6.50475765034384e-09,4.610063087502845,-2.287045841966758,-0.0005970513744553624,-1.8848337645718425e-06,5.011608194574891e-09,-0.0006815194473285477,-1.463597568670473e-06,6.6106411607379394e-09,-2.29509037218104,-0.0006109940479558752,-1.8769132099412985e-06,5.140987035501983e-09,2.8284963541780774,9.563553592052687e-06,-2.1495137059837467e-07,1.8355110249271992e-11,1.9519722120339171,-0.0005909327376746887,-1.9774089808529074e-06,5.079655531206805e-09,1.9453052834167242,-0.0005902218574308771,-1.981952112519257e-06,5.07087615012103e-09,5.04369243742717,-0.0007379846325806467,-1.3362935724638858e-06,6.521571680363525e-09,7.2992702008035755,7.7328995507279,-0.0005909106809270107,-1.977469220955253e-06,5.0793465163110256e-09,-0.000503319874732143,-2.120649934806045e-06,4.688219590010653e-09,5.712180446107244,2.568201611396273e-05,-2.626766600116741e-09,-5.1746646484464946e-12,0.0213,-4.7232252185922885e-05,-1.5756399665105452e-07,2.4551411475496164e-10,55911.82,-0.8792350739780659,-0.011653089428088187,1.3865610027720968e-06,22.35,0.0475810455878168,0.0002476374318061376,-2.866183549189697e-07,0.0408,8.926236035288068e-06,-1.825880275646968e-07,-3.977273404654112e-10,0.0096,-5.470720773643054e-07,-2.2553319033472208e-09,-1.875407097569652e-13,2
2008-03-31,0.0351,-2.4841360350269818e-05,5.832549240817711e-09,2.21538418844889e-10,0.0138,2.6061512614256737e-05,7.839435210875213e-09,-3.2039756977099286e-10,-0.047400000000000005,-4.494921922933311e-06,2.1323478536691886e-08,9.241941002414537e-11,5.51,-0.00013368657951694368,-1.3982278725002038e-06,-1.1054068017918304e-09,6.89,0.00247246468190873,-6.142843514126694e-07,-3.3145163778891124e-08,3.51,-0.0024841360350269836,5.832549240817716e-07,2.2153841884488903e-08,1.26,-0.006795607006440933,2.418274022519382e-06,5.098704576164407e-08,0.0345,-8.932714042906487e-05,-1.5904062852565023e-07,7.285223757435341e-10,3.1183922862898785,-0.000843107979280332,-9.102351159695067e-07,8.625214989618409e-09,5.363777338019823,7.268878823632612e-05,-1.888984969178054e-07,-1.8282512398401756e-10,-3.83970234384852,-3.423029494188655,0.0007782019491221912,6.573669233888601e-07,-9.689057888206643e-09,0.0008508775795086125,4.767369394957379e-07,-9.871682420538129e-09,3.7600366484302645,4.2951752836343364e-05,-8.730225443769408e-07,-1.4631092026294677e-09,4.517976974285714,-0.0027869889509902074,-4.59296067610296e-06,3.070588071039345e-08,-3.081290161915638,-0.0019753340450868774,-3.250756858396956e-06,2.224944657209453e-08,-1.0223812418979243,0.0002200008589243718,9.374244172001307e-07,8.289249872612177e-10,5.363393243284224,6.937239323722005e-05,-1.8955962780005812e-07,-1.5934521678941553e-10,9.596626602216041,6.470938436424489e-05,-2.79500027889326e-07,-4.520396523818677e-11,9.607500623362439,7.500293639721156e-05,-3.022647331200045e-07,-1.17369012739424e-10,2.6947035026339705,2.8310517146202043e-05,-2.1715261794228694e-07,4.6194783762699825e-10,3.423029494188655,-0.0007782019491221926,-6.573669233888567e-07,9.689057888206646e-09,4.566875212707621,-2.4135604595971207,-0.000799959580650094,-1.25088943987647e-06,8.271152650815365e-09,-0.0008586728437690192,-4.4703846235373916e-07,9.103066587407506e-09,-2.4244344807435185,-0.0008102531326830545,-1.2281247346457996e-06,8.343317698316535e-09,2.8237570088141806,-1.6291265121930188e-05,-2.1760450470882536e-07,3.7054455166755315e-10,1.8192888045990971,-0.0008079389845221735,-1.3414909708479978e-06,8.408773809561192e-09,1.8196728993346951,-0.0008046225895230695,-1.3408298399657428e-06,8.385293902366606e-09,4.996133596874884,-0.0008989179038674091,-3.4821421725992266e-07,8.818306072956465e-09,7.1830661426189195,7.600207217917623,-0.0008079296326308147,-1.3415758577853554e-06,8.408616017612245e-09,-0.0007352501962858471,-1.5303894677657917e-06,8.22594868557717e-09,5.714359671693971,2.530111979959504e-05,-3.4681373075789116e-09,-4.0189216105444054e-12,0.0139,-6.743545489910422e-05,-1.2975337852901764e-07,6.864020078643723e-10,55553.54,-2.2685732343565292,-0.01173156741425747,2.058626717785647e-05,21.81,0.08659236343366776,0.00021845316089414498,-9.571829732686387e-07,0.0398,-2.0107434618125993e-05,-2.313076691053713e-07,5.4491131337064704e-11,0.0096,-7.643419778131087e-07,-2.4949470190009183e-09,6.842212656449946e-13,2
2008-06-30,0.040999999999999995,-2.2679896210544806e-05,4.235982475970454e-08,1.775697962825459e-10,0.013900000000000006,2.4729708186800137e-05,-4.455217235042337e-08,-3.192374912819966e-10,-0.0493,-8.200426958801629e-07,3.1603410373893214e-08,5.843066537456265e-11,5.68,-0.00035966470766898503,-8.278557503301754e-07,5.821866182248699e-11,7.07,0.002113306111011029,-5.283072985372505e-06,-3.186553046637719e-08,4.1,-0.0022679896210544823,4.235982475970453e-06,1.7756979628254605e-08,1.86,-0.005968725337385352,8.058174983320424e-06,3.842618314828525e-08,0.0322,-0.00011075110921390323,-4.887298194483935e-08,1.1848732676700944e-09,3.109953417644014,-0.000876676957821981,3.7664493705565687e-07,9.678769343645619e-09,5.388249474048644,4.581309750230009e-05,-1.7555733261226586e-07,1.434082835100386e-10,-3.844364356954331,-3.451382740471161,0.0007940492442060646,-8.293335567096656e-07,-1.0652744476023024e-08,0.000839877065187012,-9.974699926349697e-07,-1.0519839592717018e-08,3.749974553473747,-4.6837869240817785e-05,-1.0748301524804735e-06,-6.173148630268075e-10,4.331785418237135,-0.0033552777309524455,-3.5239218658656707e-07,4.141524892085657e-08,-3.2623053827955366,-0.002465727169025417,-2.895216198419592e-07,3.148125292206741e-08,-0.9938463166132661,0.00032553286597306817,1.0005390673839343e-06,-9.662703761782467e-11,5.382028721115022,4.573057901695529e-05,-1.7947168833964858e-07,1.4897212706385433e-10,9.59604743579433,3.2547649963861336e-05,-2.903417627144873e-07,3.4673475050893757e-10,9.60624943282452,3.858275040167086e-05,-3.200843955701186e-07,3.4566567656613634e-10,2.6862599378804606,5.36872949325716e-06,-1.5128566872723388e-07,7.097613659891928e-10,3.451382740471161,-0.0007940492442060638,8.293335567096642e-07,1.0652744476023016e-08,4.354103210669749,-2.394690141849422,-0.0008734347634107413,4.4845166943671064e-08,9.688694862487247e-09,-0.0008808548649239377,7.759923026935044e-07,9.375749924521225e-09,-2.404892138879611,-0.0008794698638485479,7.458779979930585e-08,9.68976393643002e-09,2.8296776892239084,-3.985562077302371e-05,-1.5685371916898958e-07,7.118117468496869e-10,1.8131078198962645,-0.0008867002109491821,-6.993926315854647e-08,9.89202132948618e-09,1.8193285728298862,-0.0008866176924638376,-6.602490743115633e-08,9.886457485932371e-09,4.786967678812807,-0.0009111201020527308,8.222750035179218e-07,8.985586651432857e-09,7.201357293944908,7.59403895952068,-0.000886707563345368,-7.003826379260574e-08,9.892067516428317e-09,-0.0008408871134468795,-2.4549659577080385e-07,1.0035429612996192e-08,5.716534158581364,2.5070317039879025e-05,-3.941965274927611e-09,-3.692228106462845e-12,0.0138,-8.598300493361076e-05,-2.0267897283855355e-08,1.0649398303441027e-09,55762.57,-3.55066334106142,-0.008349361301334486,3.922927708387113e-05,26.11,0.11830493337580292,9.300047764205064e-05,-1.5154679456374565e-06,0.050199999999999995,-5.391537643476347e-05,-1.9052395410822665e-07,5.764042816332727e-10,0.0096,-1.0735631913821505e-06,-2.2783560240827543e-09,2.1936606550971085e-12,2
2008-09-30,0.0369,-2.035224145629826e-05,5.921503785427739e-08,1.057470899649303e-10,0.016599999999999993,2.0492937242889404e-05,-8.899798503095991e-08,-2.4064252893026517e-10,-0.0494,3.452752710020703e-06,4.0338093572818955e-08,5.3629368429116635e-12,5.65,-0.0006190228302846102,-1.058420867057593e-06,1.507848846381094e-09,7.31,0.0014302708940043332,-9.958219370153582e-06,-2.255640404664545e-08,3.69,-0.002035224145629827,5.92150378542774e-06,1.0574708996493049e-08,1.13,-0.005158658542522285,1.1142434935670336e-05,2.357485371012436e-08,0.023,-0.00012090755383671156,1.1909716243019822e-07,1.414020237316868e-09,3.013572191682322,-0.0008163798540953875,1.7320568915597707e-06,8.699883700807544e-09,5.388066658691645,1.5507478687351584e-05,-1.3660076750184997e-07,4.61112108402896e-10,-3.7422802308410517,-3.3489677576181824,0.0006980138489543729,-2.3252586891195587e-06,-9.128488862989858e-09,0.0007143222607550869,-2.4590233063179424e-06,-8.687947884803481e-09,3.755135249891002,-0.00016013887573729235,-1.1392523897229064e-06,7.334364236724036e-10,4.22038966907276,-0.0033775368725114546,5.419115885876876e-06,4.284101423997731e-08,-3.275446176356595,-0.002501580421549989,4.0814150874131435e-06,3.341077529780291e-08,-0.9631110031229979,0.00043625075732454146,9.920580352049935e-07,-1.1831967175201258e-09,5.3885099281999045,1.8009537112262385e-05,-1.3275052903852582e-07,4.5032965395130243e-10,9.606811892073418,1.4182140045351787e-06,-2.3469885786424822e-07,7.568493646700002e-10,9.617351617530923,4.322078793508876e-06,-2.5652539076907515e-07,8.147444512706504e-10,2.6771715554047706,-4.3859679757597695e-06,-6.781633855708548e-08,8.27812955028821e-10,3.348967757618182,-0.0006980138489543715,2.3252586891195608e-06,9.128488862989843e-09,4.137539620600983,-2.5027088845642336,-0.0008595709386961959,1.420705157260896e-06,9.1050759219922e-09,-0.0006887222911155892,1.9021056099830195e-06,7.019129485420369e-09,-2.5132486100217393,-0.0008624748034851713,1.442531690165717e-06,9.047180835391567e-09,2.8243506567983707,-5.873517009612854e-05,-4.816521491388159e-08,9.491440430320153e-10,1.716036348817539,-0.0008736602033790175,1.3226070668984998e-06,9.400813178259367e-09,1.715593079309279,-0.0008761622618039279,1.3187568284351861e-06,9.411595632710954e-09,4.574284873498975,-0.000719531836626286,1.892418839917925e-06,6.657249250031921e-09,7.104103007509184,7.496935416993923,-0.0008736739151933446,1.3225201889161574e-06,9.400999837606391e-09,-0.0008581527246916632,1.1860062993966569e-06,9.861925286662222e-09,5.719032269863077,2.4750192351322836e-05,-3.8152270455662525e-09,-3.526775271448263e-12,0.0027,-9.230960934879886e-05,1.326815987782069e-07,1.2002443527351708e-09,55329.97,-4.570024375058551,-0.0024128047354547376,5.2152302043452415e-05,26.48,0.12615838066344837,-0.00013570314966823932,-1.7012859074028395e-06,0.049400000000000006,-8.268226658278718e-05,-8.128934882233115e-08,9.5482589140711e-10,0.009399999999999999,-1.3834680979359114e-06,-1.8537421052396793e-09,3.270965050515875e-12,2
2008-12-31,0.0242,-1.002667275082933e-05,5.457989194004141e-08,-2.4256018611988543e-11,0.0338,6.923109114258708e-06,-1.0505018084719361e-07,-6.778220512296725e-11,-0.052,7.386194654154034e-06,3.9301857390177324e-08,-4.435354410401124e-11,5.05,-0.0004752231754371998,-1.4144188951458822e-06,5.65997085553407e-10,8.43,0.0002170877359886747,-1.1919436979865245e-05,-6.212223426743338e-09,2.42,-0.001002667275082935,5.457989194004148e-06,-2.4256018611988333e-09,0.03,-0.0037581870254434968,1.1437631187773877e-05,6.115154277266961e-09,-0.0073,-0.00010086460557565924,3.027024952244464e-07,1.2278656629093898e-09,2.733067964077498,-0.0005625716355222233,2.560246334694173e-06,5.227650563559297e-09,5.348202169477035,7.5474562159096035e-06,-7.979073098259356e-08,5.924975058184328e-10,-3.4326880487535263,-2.9984251709571343,0.0003573043524081936,-3.1721498799810122e-06,-4.567258685346002e-09,0.00036660311620879754,-3.251377182978151e-06,-3.99943296283882e-09,3.7787201581137255,-0.00029683438920144397,-1.0072713833034639e-06,2.401906094816269e-09,3.1328821117012247,-0.0025411443051918518,1.0893147015178482e-05,3.193377762468486e-08,-4.074541934925921,-0.0018786444463475792,8.632531016975586e-06,2.5552337386659636e-08,-0.9364934391916745,0.0005293175993357661,8.294256174606376e-07,-2.1608116414579145e-09,5.353742612653447,7.467869816062817e-06,-7.178506094733709e-08,5.89012666913614e-10,9.60904930846874,-2.57740591389638e-05,-1.205416706765218e-07,1.0788598791192795e-09,9.620841444966903,-2.5721013456780906e-05,-1.2628845366949082e-07,1.1721775312115253e-09,2.681706225762608,-3.246890733994701e-06,2.9234821533880475e-08,8.05064195691198e-10,2.9984251709571343,-0.0003573043524081942,3.172149879981014e-06,4.567258685346002e-09,4.0954391033082524,-2.8319039793978784,-0.0006283646824706744,2.285420167354066e-06,5.89030490104297e-09,-0.00037559104234516637,2.593272552652735e-06,2.9038431432334086e-09,-2.8436961158960425,-0.0006284177281528555,2.2911669503470217e-06,5.796987248950718e-09,2.8027541365715076,-5.9806389918270336e-05,7.329790638280328e-08,9.583521130383574e-10,1.4289431595938258,-0.0006616861978255486,2.2446692276601404e-06,6.376667274343846e-09,1.4234027164174134,-0.0006616066114256997,2.236663557624892e-06,6.380152113248637e-09,4.5281590409273775,-0.00041455781700045353,2.5430409282764875e-06,2.676349905383386e-09,6.77714532907086,7.209865266689986,-0.0006617023478959858,2.2446326387731396e-06,6.376947974208499e-09,-0.0006541387416096362,2.1648784966775477e-06,6.969164780162233e-09,5.721294899740832,2.4265301924281114e-05,-3.784706327053398e-09,-3.3385340287641058e-12,-0.0254,-6.894849410386323e-05,2.888743729953328e-07,9.3616905099222e-10,53997.43,-4.591098643175803,0.004219077099608747,5.249055860282962e-05,58.98,0.10577957673988321,-0.0003874557192531798,-1.4047513233550104e-06,0.0009,-8.186525750490854e-05,6.195023179022618e-08,1.005373392901889e-09,0.0091,-1.4924104741626799e-06,-1.328659748645079e-09,2.510734704493237e-12,2
2009-03-31,0.0282,1.0552487726460066e-06,4.9284440613196996e-08,-1.5047446332170804e-10,0.0292,-1.1059851261075151e-05,-1.0067815602940429e-07,1.4062287813644447e-10,-0.04819999999999999,1.1530872855496516e-05,2.647479342164543e-08,-8.574322585732632e-11,5.5,-0.00041186469974800467,-8.92602164422133e-07,-3.5175604375135815e-12,8.42,-0.0015178498258555176,-1.0960417767362567e-05,1.405877025320693e-08,2.82,0.00010552487726459906,4.928444061319708e-06,-1.504744633217079e-08,0.21,-0.0022954704239172012,1.1018819794577829e-05,-9.540455457498023e-09,-0.0187,-5.404260588373794e-05,4.5228386507127784e-07,6.412498910534764e-10,2.589266665112243,-0.0001429358569539442,2.857049918565501e-06,7.47229232449174e-11,5.359929735675559,1.580071059841606e-05,7.962105919241173e-09,5.53252115062408e-10,-3.324236340526027,-2.90335973035101,-0.00016089369500874514,-3.37737444259712e-06,1.8005144887382296e-09,-0.00014411283448647407,-3.3705770738263735e-06,2.341915121379529e-09,3.7261752388576332,-0.0004151433069951388,-6.842687671336896e-07,3.887540726753096e-09,2.34660197841082,-0.0008893367448257382,1.4196668418411918e-05,1.0813188207062936e-08,-4.699480865459333,-0.000621762374291731,1.1498395031346299e-05,9.310555064488586e-09,-0.8988093695430521,0.0006101574104568371,5.148289663722785e-07,-2.9346402832927216e-09,5.358918458675886,1.4195434801471397e-05,8.196963660118798e-09,5.525385449362589e-10,9.589338909961318,-3.5253783139740925e-05,1.8138850183204964e-08,1.175847029018758e-09,9.595876340785862,-3.4958597591890075e-05,2.5189553683648503e-08,1.2623040316584897e-09,2.686970971512492,3.2968486080180855e-06,1.1423739982687989e-07,6.76063296161369e-10,2.90335973035101,0.00016089369500874446,3.3773744425971175e-06,-1.800514488738223e-09,4.105428438908126,-2.959803940752675,-0.00021899582884665688,2.674966825280206e-06,9.111792089961181e-10,-4.4283773610497015e-05,2.5722892090240173e-06,-1.6094598703330053e-09,-2.9663413715772182,-0.0002192910143945039,2.667916121779763e-06,8.247222063563711e-10,2.791165107812717,-4.0514342341463336e-05,1.8342842072423385e-07,7.111759411169991e-10,1.269605233533084,-0.0002700503225848104,2.685143569544189e-06,1.5337741229524619e-09,1.2706165105327574,-0.0002684450467878626,2.6849087118033123e-06,1.5344876930785692e-09,4.532378433861577,-9.311166153576703e-05,2.5113747538389438e-06,-1.67235032849166e-09,6.629534969208644,7.050521399942757,-0.00027007628838073147,2.685148606920503e-06,1.5341235136618167e-09,-0.0002542496119863916,2.6931056754634257e-06,2.0870262380148267e-09,5.723323629863036,2.3864354290255296e-05,-4.3033733901329004e-09,-4.008453828267571e-12,-0.0323,-2.3835903083574418e-05,4.016544307140442e-07,3.3458380091163603e-10,53276.16,-3.5071897659399496,0.010274549695247251,3.889615246415883e-05,110.37,0.04873209802472809,-0.000541086613751877,-6.273901386058696e-07,-0.0038,-5.838760626567498e-05,1.9853205010279236e-07,7.557007288518128e-10,0.009000000000000001,-1.491328282417624e-06,-8.370266409797358e-10,5.727616782435341e-13,2
2009-06-30,0.037200000000000004,1.7944376031391614e-06,3.161217465753618e-08,-1.9425900268787444e-10,0.018899999999999997,-2.1077619483191197e-05,-7.42054834379139e-08,2.7987502040809877e-10,-0.0474,1.535475139241851e-05,1.172588985091816e-08,-1.0603590253287221e-10,5.61,-0.0008117165869911972,-6.56331914511402e-07,1.5961773469614241e-09,7.5,-0.0029194785353103144,-8.076880258302795e-06,2.9583679387771315e-08,3.72,0.00017944376031391664,3.1612174657536273e-06,-1.942590026878745e-08,0.18,-0.0014802562178334298,9.528454255628593e-06,-1.7879233627011304e-08,-0.0326,6.116203905506622e-06,4.97996848636211e-07,-1.707183889142883e-10,2.7960610784249234,0.00020586450565102213,2.593538180611681e-06,-4.476388725474815e-09,5.3738421916342825,1.8955130192715997e-05,7.932648041137013e-08,4.606080787130673e-10,-3.5899395062590327,-3.1816451199313445,-0.0005567691024458511,-2.851190941591399e-06,7.141387084716493e-09,-0.0005374606393615935,-2.7758572075257744e-06,7.607963685406957e-09,3.649358695951653,-0.00046873505776109036,-1.7789634847552637e-07,4.6988397080895805e-09,2.423031246069913,0.0010513070874741425,1.3960950805699275e-05,-1.409328459784944e-08,-4.815891217303744,0.0009779439982890888,1.1357451256011592e-05,-1.1137191253027558e-08,-0.7966079777397495,0.0006589257368820594,1.5925848574094408e-07,-3.2860014054676904e-09,5.369660806616172,2.007960924536312e-05,7.379621939021702e-08,4.4417204915929784e-10,9.57712715847684,-2.0989479694083492e-05,1.5593392872376485e-07,9.855301756322907e-10,9.585455063932507,-1.7054585947554047e-05,1.7120719660933748e-07,1.0252802747226264e-09,2.683156864357324,1.861271947713218e-05,1.6843457559848072e-07,4.4370824700011357e-10,3.1816451199313445,0.0005567691024458519,2.8511909415913984e-06,-7.141387084716491e-09,4.204740589454498,-2.7461233425938425,0.00010902352437884428,2.5173606643920884e-06,-3.428077552259199e-09,0.00023922690701875943,1.9482739422314274e-06,-5.284747651558542e-09,-2.7544512480495085,0.0001050886306323124,2.5020873965065157e-06,-3.467827651349516e-09,2.7893229212309465,-1.1050403659084925e-05,2.503996025642859e-07,3.0974591274821796e-10,1.4571616242487149,6.907891449204443e-05,2.5939681127045027e-06,-2.903155455339979e-09,1.4613430092668258,6.795443543940045e-05,2.5994983737256508e-06,-2.886719425786249e-09,4.6239963469259155,0.00018253462356946916,1.9039588551556383e-06,-5.220337431210444e-09,6.8310038158829975,7.238058526457821,6.905747615106871e-05,2.5939883180641876e-06,-2.902866074299689e-09,8.803404468476356e-05,2.673294593115864e-06,-2.442547376626949e-09,5.725348252570762,2.3638039407520432e-05,-4.977408988170493e-09,-5.356478867733638e-12,-0.0398,2.9136751797776112e-05,4.075403766555686e-07,-4.091765886807678e-10,53073.29,-1.8908772315661053,0.013942897151513626,1.70317575652262e-05,123.32,-0.03692618461051105,-0.0005487880378187025,4.432848081475828e-07,-0.0143,-2.808267979118328e-05,2.588946839132118e-07,3.3233212948682315e-10,0.0089,-1.51745239984609e-06,-9.288510530989576e-10,-1.0521899253678744e-12,2
2009-09-30,0.034,2.8424492662411504e-07,-5.7896770743153775e-09,-1.9517646140163505e-10,0.011799999999999998,-2.36191225260154e-05,-2.5000419033886102e-08,3.246532159943218e-10,-0.040199999999999986,1.5154806708495905e-05,1.3153101254087551e-09,-8.023486629914389e-11,5.13,-0.0009750197252546986,-1.1032462863028794e-06,1.3524778568124562e-09,6.31,-0.003336931977856239,-3.603288189691488e-06,3.381779945624466e-08,3.4,2.8424492662413453e-05,-5.789677074315291e-07,-1.9517646140163524e-08,0.12,-0.0008594700666797553,6.542933461052742e-06,-2.115199841505152e-08,-0.0302,6.896393827805483e-05,4.142093365607122e-07,-9.72581492224146e-10,2.935451342669061,0.0004011382547668061,1.660039546752243e-06,-7.206388628331739e-09,5.375139509149321,2.5792110585087792e-05,9.507273441453566e-08,3.0327002335704186e-10,-3.776618368421943,-3.3717189814680713,-0.0007545136650445948,-1.5071865530045327e-06,1.0076966958659969e-08,-0.0007284802713825062,-1.4149916803499674e-06,1.0397238956061582e-08,3.5796224681769866,-0.00045396867759431027,4.1657019205024487e-07,4.647121837514984e-09,2.9349201341572337,0.0027118186422587223,1.0276882710378175e-05,-3.466637233538133e-08,-4.422848629194137,0.0024334853701784794,8.446851541449159e-06,-2.8881948727770957e-08,-0.6910837467514294,0.0006434536510210808,-1.86923414124943e-07,-2.9885516038750815e-09,5.374634682018732,2.8609270369631817e-05,9.358828241446526e-08,2.8168667841634445e-10,9.573679580293415,7.836594687124498e-06,2.5754350756818624e-07,5.866445330344122e-10,9.582179890327673,1.4887604167784784e-05,2.749972213885538e-07,5.757685329369256e-10,2.679129148628747,4.168975580103561e-05,1.9798192872766725e-07,1.4779307407241335e-10,3.3717189814680713,0.0007545136650445948,1.5071865530045363e-06,-1.0076966958659962e-08,4.309981341177244,-2.622338130648357,0.00029270839276315694,1.6662132374865887e-06,-6.0164896541793644e-09,0.0003861851823628262,1.0558546167045944e-06,-7.037102515465805e-09,-2.630838440682614,0.00028565738328249627,1.6487595236662088e-06,-6.0056136540818686e-09,2.7930039069823738,2.0957841517323106e-05,2.495252228943844e-07,-1.1429891496471619e-10,1.576201940495737,0.0002747528768651964,1.8286840106402406e-06,-5.733115144502024e-09,1.576706767626327,0.00027193571708065414,1.8301684626403006e-06,-5.7115317995613475e-09,4.721499504283476,0.0003266582673411685,1.0365269891142918e-06,-6.9256313229768864e-09,6.951341449645058,7.357116053039081,0.00027474343550869945,1.8287363036865867e-06,-5.73298613009492e-09,0.00030054498745028525,1.9237567450547647e-06,-5.4298451211450045e-09,5.72772683989966,2.3275769954980012e-05,-5.451301717567288e-09,-5.335652102145027e-12,-0.0313,8.008852286547319e-05,2.9680770645370373e-07,-1.0709456246712645e-09,53133.7,-0.12367731266310784,0.013864774253735085,-6.1127008082369044e-06,83.3,-0.11036598141924854,-0.0004238008901195557,1.3653311841158594e-06,-0.0129,9.565916644009366e-06,2.3589010805108773e-07,-1.5053067339621312e-10,0.0087,-1.5402222688326302e-06,-1.5616573038222425e-09,-1.4506299188786948e-12,3
2009-12-31,0.0359,1.4347152784427909e-06,-3.061521618584641e-08,-1.863086848631956e-10,0.011100000000000004,-2.262277307555539e-05,2.0067475247293307e-08,2.9716834537435195e-10,-0.04350000000000001,1.1538863834714865e-05,-7.215974758351483e-09,-1.9150028003032114e-11,5.26,-0.0008192958871001598,-8.297996012259342e-07,-1.5861373009324398e-09,6.37,-0.003081573194655697,1.1769479235033997e-06,2.8130697236502767e-08,3.59,0.00014347152784428135,-3.061521618584637e-06,-1.8630868486319593e-08,0.05,-0.0002193860857327461,3.925735069611738e-06,-2.1648783111821363e-08,0.0029,0.00011185236486520437,2.3734951780333614e-07,-1.491287844378968e-09,3.011605622710281,0.0005047680929205409,5.089810830006903e-07,-8.097065215883827e-09,5.37504689940671,4.222822224420122e-05,9.552588279193876e-08,8.752448708508306e-11,-3.902072674574978,-3.4973364500824835,-0.0008249773216811279,8.158530846135244e-09,1.0569204340845902e-08,-0.0007831754233133994,1.0606503750173497e-07,1.068073015826389e-08,3.5151211279804695,-0.0003755268928903502,9.196771434122232e-07,3.751223050045857e-09,4.337160013333775,0.003490736031454302,4.580573610043705e-06,-4.4030794075449506e-08,-3.081290161915638,0.0030803903074506016,3.7721990452142992e-06,-3.7084953576028004e-08,-0.6500876910994983,0.000586884407617359,-4.969416559340229e-07,-2.218284596792316e-09,5.3814951547170455,4.20612867916767e-05,9.696040665408679e-08,8.413403005316072e-11,9.578372320305132,4.2944431221596246e-05,2.8948018163334654e-07,1.1468739813998691e-10,9.590918895349262,5.121011375993356e-05,2.992213366770241e-07,7.084013304968244e-11,2.6844403354630764,6.379306058908463e-05,1.9972160743117105e-07,-1.2191405805562218e-10,3.4973364500824835,0.0008249773216811279,-8.158530846132025e-09,-1.0569204340845895e-08,4.328017242599877,-2.565914742242179,0.00040650599756917384,6.220384309327415e-07,-6.9326686889399635e-09,0.00038845657504075484,1.5922218626679098e-07,-6.607783224774235e-09,-2.578461317286309,0.0003982403150308386,6.122972758890586e-07,-6.888821423849669e-09,2.803360380906535,4.753980054139802e-05,1.9284609853291447e-07,-4.4197345245759536e-10,1.637410678656243,0.0004072222065465765,8.159927297741473e-07,-6.9055057778851216e-09,1.6309624233459075,0.00040738914199910033,8.145582059119884e-07,-6.902115320853202e-09,4.733884534511458,0.000331539378414597,1.5726883850042614e-07,-6.533153040260848e-09,7.0124575780629534,7.418324869974534,0.00040721575956614435,8.160738403548622e-07,-6.905490868609782e-09,0.00044945042879077773,9.115186125660734e-07,-6.8179812908000435e-09,5.7299374321330525,2.260787620559368e-05,-5.949342077946309e-09,-2.6063113041114733e-12,0.0011,0.00010774853632825423,1.1748912728748915e-07,-1.4069019786323728e-09,53588.3,1.3631048469178721,0.010778218182592647,-2.4071581972081522e-05,21.78,-0.1382198185047891,-0.00018859397985600675,1.7768958432996383e-06,0.027200000000000002,3.459666837592317e-05,1.792907264127508e-07,-5.071210384013994e-10,0.0087,-1.6876889287024667e-06,-2.0693249338286583e-09,6.849708122755464e-13,3
2010-03-31,0.0373,-3.1548285823056306e-06,-3.401060018937078e-08,-1.2413604883560872e-10,0.01,-1.723999702528112e-05,4.236289210957587e-08,2.0382222718924243e-10,-0.04369999999999999,9.810151943137672e-06,-9.667247394584747e-09,3.2736169342304915e-11,5.27,-0.0008698083943125968,-2.3498498838264252e-07,-3.4157766596569702e-09,6.27,-0.002593808096840705,4.001304222574951e-06,1.6966446059267257e-08,3.73,-0.00031548285823056047,-3.4010600189370784e-06,-1.2413604883560908e-08,0.15,-1.9714267885589726e-05,2.277108833021149e-06,-1.782731817830066e-08,0.0231,0.00012106933060319646,2.3969212279952703e-08,-1.5543819445802845e-09,3.044522437723423,0.00047494917248756786,-3.280282562864578e-07,-6.9353568032129566e-09,5.382796373125975,5.3001873277865734e-05,1.052852968284508e-07,-7.272766375039683e-11,-3.9633162998156966,-3.564372645898873,-0.0007117327094045139,1.0455458145647414e-06,8.429956012548375e-09,-0.0006593554401954395,1.1574075961884576e-06,8.379484488626338e-09,3.4849255971928677,-0.00024171723486507562,1.2258108364771837e-06,2.2344097991140435e-09,4.507888063181538,0.0033232545612543797,-1.258772032121796e-06,-4.051808488848242e-08,-2.9393519401178834,0.002903912796632473,-1.3239000377467808e-06,-3.437395403318019e-08,-0.6198138393073644,0.0005216735593599941,-6.786178349961934e-07,-1.2942183393761259e-09,5.381522759962044,5.05613282261369e-05,1.014641164392771e-07,-6.099843224095854e-11,9.592280866783826,7.558031074735849e-05,2.537968483354715e-07,-2.995694358973849e-10,9.604160944877126,8.421502659303331e-05,2.5255862715069947e-07,-3.58824380966351e-10,2.692444530070571,8.255087977144145e-05,1.6588684766273034e-07,-3.192809451190613e-10,3.564372645898873,0.0007117327094045139,-1.0455458145647399e-06,-8.429956012548377e-09,4.333123897475967,-2.5429826236920845,0.0003944351637920736,-7.353182642303192e-08,-5.8959767775369e-09,0.0003196808418177051,-4.96060238150253e-07,-4.7026198667173595e-09,-2.5548627017853853,0.00038580044794639666,-7.229360523825813e-08,-5.836721832467916e-09,2.8081971497071487,6.241501244284506e-05,1.1242877136419955e-07,-5.846669899099243e-10,1.6665018699657652,0.00041701360126157085,7.497972508399103e-08,-6.1228185496839174e-09,1.667775483129697,0.00041945414631329794,7.880090547315743e-08,-6.1345477811933455e-09,4.734285773491662,0.0002666233577960253,-4.947053200322458e-07,-4.699811558541678e-09,7.049298243091741,7.447407398083459,0.0004170092786103988,7.504022712566483e-08,-6.1228917519179794e-09,0.0004700154745394342,1.8026502191242845e-07,-6.195546213434307e-09,5.731948721982551,2.1868053680686867e-05,-6.520587513344353e-09,1.6439757395319132e-12,0.0175,0.00010300089456635728,-7.387785034341298e-08,-1.2973754789604894e-09,53741.24,2.199135541217629,0.006429538125350356,-3.187306633121496e-05,18.91,-0.13053967678858183,7.454512258860925e-05,1.6580011715341076e-06,0.0231,3.733317100373015e-05,1.008669139462496e-07,-6.331891571606866e-10,0.0086,-2.033596050803456e-06,-2.1110977414851694e-09,5.585065969451254e-12,3
2010-06-30,0.032,-1.1139162605770082e-05,-4.13816435572827e-08,-2.7571968787863584e-11,0.013500000000000005,-9.550975418868216e-06,4.9247340133062695e-08,7.658171594371301e-11,-0.042,1.0180863839936527e-05,2.2438862212875735e-09,5.846970271363758e-11,4.88,-0.0010205372789545233,-8.799073606670609e-07,-3.748519156716869e-09,6.23,-0.0019756348208413406,4.044826652639217e-06,3.909652437654406e-09,3.2,-0.0011139162605770074,-4.1381643557282756e-06,-2.757196878786385e-09,0.12,-7.459933450978677e-05,8.276996625980929e-07,-1.1489976192775934e-08,0.0416,0.00010282072944589969,-1.5726499954102355e-07,-1.1990885853741698e-09,2.9826470340053355,0.00033224548188405534,-8.506458280754572e-07,-4.154465614489127e-09,5.384311559714898,5.704946577381465e-05,9.741977571675702e-08,-1.568888046491668e-10,-3.8971343929343956,-3.4986143427524667,-0.0004654800300668657,1.6271623164301707e-06,4.459834534660525e-09,-0.00040769007080621175,1.7329531281225064e-06,4.3060941910167e-09,3.4892082589848687,-9.062371498423371e-05,1.3273555834952577e-06,5.663807680408331e-10,4.602767301371781,0.002644002303511149,-5.3339861251909835e-06,-2.7930538944305412e-08,-2.7822350992915865,0.002325703422413267,-4.928625958787272e-06,-2.419986687230015e-08,-0.575093520593861,0.0004462107070971668,-7.040539731886021e-07,-3.4724181312613653e-10,5.380813983997617,5.6527664888636474e-05,9.036171473731248e-08,-1.5097565210544578e-10,9.599988380012714,9.870042908492887e-05,1.8012083395797746e-07,-5.516543541047228e-10,9.613729660394007,0.0001063976519960319,1.7275376954297194e-07,-6.041819573225408e-10,2.705923084391738,9.825819709404805e-05,1.1254190454048783e-07,-4.3427808812696323e-10,3.4986143427524663,0.0004654800300668671,-1.627162316430169e-06,-4.459834534660536e-09,4.358396297506513,-2.612165778275379,0.0002761558859977021,-4.799275668928804e-07,-3.3417994125149523e-09,0.0002219571523196649,-7.713080249286815e-07,-2.1918688126407684e-09,-2.6259070586566726,0.0002684586630865949,-4.7256050247788134e-07,-3.289271809297111e-09,2.817801065061329,6.518386309637864e-05,3.9304538883714535e-08,-5.317019024957052e-10,1.6035110420224374,0.0003178068493088156,-3.97226508651668e-07,-3.736564961970499e-09,1.6070086177397187,0.00031832865019399103,-3.9016844767222704e-07,-3.742478114514208e-09,4.756690724190555,0.00016965814006823164,-7.811365860162595e-07,-2.2331801112528153e-09,6.987822601737335,7.384399311865128,0.00031781722877647077,-3.971994250858864e-07,-3.736763224969194e-09,0.00037485631508262787,-2.99806732934922e-07,-3.893453766619647e-09,5.733729551024153,2.130165069461551e-05,-6.420634979620333e-09,5.570200036356515e-12,0.0291,7.587959605810226e-05,-2.1421716707248547e-07,-8.362196435431367e-10,54163.44,2.366356988900384,0.002445108260149474,-2.8997124802944333e-05,16.15,-0.10270696722761138,0.0002436843627875088,1.1478425985623532e-06,0.0105,3.842144939200854e-05,2.049364173460506e-08,-6.272946508457571e-10,0.0084,-2.3650660300995215e-06,-1.4111147121559168e-09,1.0986133018067207e-11,0
2010-09-30,0.0265,-1.3742746066908178e-05,-4.898285213269212e-08,3.521684819951111e-11,0.0113,-4.432579420866165e-06,4.806625905365156e-08,-2.575058547990599e-11,-0.0367,1.0059314297584687e-05,1.8409293640382094e-08,6.268270899856412e-11,4.53,-0.0009522634895949775,-2.1609546292035155e-06,-3.803841177780147e-09,5.66,-0.0013955214316815913,2.645671276161639e-06,-6.378899725770778e-09,2.65,-0.001374274606690817,-4.898285213269221e-06,3.521684819951097e-09,0.15,-0.00010368792441029116,-8.991473829723487e-08,-6.27272066871742e-09,0.0479,6.70751114265848e-05,-2.5105012786963576e-07,-6.039236489298912e-10,3.0145540277945786,0.00019962326918056064,-1.1000434275008279e-06,-1.2552061891878026e-09,5.386511377283953,6.505038629382037e-05,6.87209503050679e-08,-2.4021841824665024e-10,-3.9170355472516905,-3.521595054521506,-0.0002511652659086233,1.8078696879990298e-06,6.349789899767628e-10,-0.00018333593413674202,1.8849572533145122e-06,3.7138972764447234e-10,3.501344330267094,4.389363783044026e-05,1.2405459422932375e-06,-8.084910651725854e-10,4.669083511731744,0.0017378887906283787,-6.655365690427605e-06,-1.1664999239188764e-08,-2.7488721956224653,0.0015085770952531791,-6.013033549251995e-06,-1.0484540083551345e-08,-0.5302551591116167,0.0003694078965346406,-6.501135899989551e-07,4.479813464644875e-10,5.385755735696871,6.645041031106483e-05,6.794133364140214e-08,-2.409093354952689e-10,9.61448414083334,0.00010923528048789183,1.0146831380372422e-07,-5.969826209764192e-10,9.628196658027962,0.00011468591052309074,9.140414457594766e-08,-6.271257257968483e-10,2.7198554744789813,0.00010605937175410217,6.021286388328731e-08,-4.376098915784941e-10,3.521595054521506,0.0002511652659086247,-1.8078696879990276e-06,-6.349789899767749e-10,4.385872606343181,-2.591544756044741,0.00018582362325116828,-6.687920595094998e-07,-8.464874341729076e-10,0.00012142679182728863,-7.453545930578029e-07,2.0830623093958234e-10,-2.605257273239361,0.00018037299321597007,-6.587278902817262e-07,-8.163443293524879e-10,2.825536896557877,5.964709837465165e-05,-7.54739200616262e-09,-3.5351333873104274e-10,1.6364280075046473,0.00023000851744524217,-6.360446960108527e-07,-1.20325163690268e-09,1.6371836490917289,0.00022860849342799667,-6.352650793471906e-07,-1.2025607196540544e-09,4.781404525931788,6.628274214713625e-05,-7.720926229596307e-07,1.7616884139144388e-10,7.0229393847886,7.417340133311995,0.00023002495990313287,-6.360306537731153e-07,-1.2034966979998568e-09,0.0002950589037390594,-5.673237457057936e-07,-1.4434700551492965e-09,5.735797804088212,2.0776681434877403e-05,-5.215458834814811e-09,8.851809973683373e-12,0.0334,3.789687637833718e-05,-2.5904418099303447e-07,-2.2823104032004908e-10,54468.22,2.094419983823104,-0.0001284919882380062,-1.9390709659368768e-05,15.61,-0.0591293223374707,0.00028496147517499237,4.251274181304785e-07,0.011399999999999999,3.985223434357178e-05,-2.504066209208675e-08,-5.553774605739184e-10,0.008100000000000001,-2.5211825481665554e-06,2.642650869967324e-10,1.4303155072761833e-11,0
2010-12-31,0.0329,-1.5013460690901297e-05,-3.9344386086216806e-08,8.537479626782265e-11,0.0108,-1.7500040030422843e-06,3.9214925831889265e-08,-8.433502957249533e-11,-0.0427,1.1613865236897568e-05,2.4633036271211775e-08,2.7715302690010717e-11,5.02,-0.0010421734643450164,-2.7674758790537803e-06,-7.886244136365402e-10,6.1,-0.0012171738646492396,1.154016704135136e-06,-9.222127370886117e-09,3.29,-0.0015013460690901296,-3.934438608621687e-06,8.537479626782267e-09,0.14,-0.00014526531568521302,-1.4073582339309848e-07,-2.450592141554245e-09,0.0449,3.016739726191138e-05,-2.5217336174648487e-07,-8.134202211913038e-12,3.109060958860994,0.0001109638609181944,-9.781348867165987e-07,9.20620830343807e-10,5.389893310035246,7.603425676311406e-05,3.819085887108354e-08,-3.164776397373193e-10,-4.000854219134761,-3.6095737020044685,-0.0001101604325139352,1.5305866105845518e-06,-2.0289805112063004e-09,-3.0274095728519135e-05,1.5737770128439401e-06,-2.3845400217093814e-09,3.5145260669691587,0.00015122823185526117,1.0378399025300933e-06,-1.6869882110715919e-09,4.739351367454111,0.0008959327678629822,-6.0058403940548386e-06,2.682306909656803e-09,-2.7757938531887296,0.0007110030495082898,-5.472472433618704e-06,2.001505494180788e-09,-0.5008752929128226,0.00031325474760446846,-5.596454202392462e-07,8.773275301815508e-10,5.395770702696749,7.513547184563458e-05,4.320629083708137e-08,-3.0769825924683586e-10,9.625201664027133,0.00010904017490687701,4.01294451217017e-08,-4.810755887933275e-10,9.638200365489382,0.00011343527213672905,2.9114194096095078e-08,-4.959023643573971e-10,2.7285062096695922,0.00010564994053960837,1.544242368665907e-08,-3.3623481903100853e-10,3.6095737020044685,0.0001101604325139359,-1.5305866105845528e-06,2.028980511206293e-09,4.395593559304034,-2.501101895053506,0.00015234848946231694,-5.328761531761528e-07,8.230678889280505e-10,5.34449924222781e-05,-5.404204212570864e-07,1.9184378891346927e-09,-2.514100596515755,0.00014795339223246315,-5.218609021505403e-07,8.378946644921105e-10,2.830857630363757,5.298375147886891e-05,-2.4766004007215152e-08,-1.57984294240679e-10,1.7342064589383808,0.00018535440760608228,-5.309375669255306e-07,6.584699398720344e-10,1.728329066276877,0.0001862531925235611,-5.359529988915335e-07,6.496905593815527e-10,4.786615025026266,-6.623821540649444e-06,-5.746007101274698e-07,1.942468331753546e-09,7.124099768973627,7.515121234695859,0.00018536236086426488,-5.309442151438007e-07,6.583047584480164e-10,0.0002613886643691915,-4.927467080544534e-07,3.419923001347568e-10,5.7377006928596614,2.0185762913150356e-05,-3.666840363700091e-09,1.114712877907803e-11,0.0278,4.3427437219634725e-06,-2.1759721726597349e-07,2.9760195484467906e-10,54651.0,1.7661180028291938,-0.001081028484182968,-8.856719927888117e-06,16.05,-0.02073028362863602,0.00025077682073452025,-2.0787786196279043e-07,0.015,3.451977644632806e-05,-5.70084606762671e-08,-4.158573558672844e-10,0.0078000000000000005,-2.452697975731883e-06,2.374283781053599e-09,1.3982200169874102e-11,0
2011-03-31,0.0341,-2.0707302249675134e-05,-2.2818260807389234e-08,1.6389473916683485e-10,0.009000000000000003,3.1630863418980645e-07,2.563500222547463e-08,-1.1921106356338144e-10,-0.0423,1.7037308982508104e-05,2.3256717838635996e-08,-4.933507050555163e-11,5.13,-0.001537585180212895,-2.6511037615268184e-06,7.103408812659619e-09,6.03,-0.0015059543167939115,-8.760353897936412e-08,-4.817697543678554e-09,3.41,-0.002070730224967515,-2.281826080738928e-06,1.6389473916683504e-08,0.1,-0.00017571249976746484,1.281660017876864e-07,2.387328801415428e-10,0.0397,6.4632507313215105e-06,-1.8701965689919425e-07,3.93258123770548e-10,3.131136910560194,1.9794520978068385e-05,-6.362779492154115e-07,2.4597665442086374e-09,5.409277176856294,8.104041751783934e-05,8.161260769486018e-09,-3.2821880250042204e-10,-4.017383521085972,-3.6477953225312887,1.313819133078875e-05,1.0284592233836163e-06,-3.6607404662964214e-09,9.784682846155358e-05,1.0339993569079562e-06,-4.028386527259646e-09,3.525772116243786,0.00022909732667119876,8.089623833088875e-07,-2.0401505417726784e-09,4.769921621588582,0.0004343122205023378,-4.498491971660416e-06,1.0816218287227115e-08,-2.7757938531887296,0.00029967225705915186,-4.272336410847033e-06,8.851434826670395e-09,-0.47679348333163313,0.00027464012161254245,-4.3816534053499315e-07,9.6671736387785e-10,5.407378028214637,7.821044400186453e-05,9.192607492463361e-09,-3.1278657428584825e-10,9.636227131431873,0.00010550343725022477,3.6430564101240444e-09,-3.0906274552326013e-10,9.650064159093581,0.00010964326131810281,-5.826243083425209e-09,-3.200117598972992e-10,2.736184373734956,0.0001022709127875783,-1.3810780098019132e-08,-1.8966695814117367e-10,3.6477953225312887,-1.3138191330788058e-05,-1.0284592233836206e-06,3.660740466296415e-09,4.397977281139528,-2.4626596926567985,0.00011045569809018559,-2.2313989648484777e-07,1.9296526700469884e-09,1.7871567618713004e-05,-2.32562863445162e-07,2.7671279599371535e-09,-2.476496720318507,0.00010631587402230511,-2.1367059699130052e-07,1.940601684421036e-09,2.8284963541780774,5.095757181958691e-05,-1.6827806956145602e-08,-1.994606441528832e-11,1.7642902619187797,0.00013491871782257207,-2.276581008442056e-07,1.9488087270241536e-09,1.7661894105604368,0.00013774869133854548,-2.2868944756718882e-07,1.933376498809591e-09,4.783587723313888,-4.765763473579196e-05,-2.5790660584043793e-07,2.8703680817742243e-09,7.173567438775074,7.545215315794478,0.00013491955154251446,-2.2769734610825151e-07,1.948721835628763e-09,0.00021595913534040723,-2.194968400747211e-07,1.620589924523775e-09,5.73924613893177,1.9843433725214716e-05,-2.5941355893119953e-09,1.0809960288325455e-11,0.0204,-1.2411709712461457e-05,-1.273943757975303e-07,5.754739024409815e-10,54436.56,1.681935242966108,-0.0006714740077055518,-1.4014778093276704e-06,16.04,-0.0049217685158087195,0.00017787301875610872,-5.190798139554565e-07,0.0268,2.872349088347087e-05,-9.819505297484751e-08,-2.653425832933209e-10,0.0073,-2.0598258205646476e-06,4.059577671988689e-09,9.347739406483245e-12,0
2011-06-30,0.03,-2.5427641188474517e-05,-1.0169312061898349e-08,2.279518090851965e-10,0.007599999999999998,3.6361348046930943e-06,1.312921569031812e-08,-1.397230696935975e-10,-0.0386,2.0950988199466017e-05,1.7607071831078727e-08,-1.2426497839854625e-10,4.99,-0.0021020695791591597,-1.940300025664331e-06,1.5994438608167146e-08,5.75,-0.0017384560986898501,-6.2737845663253e-07,2.022131638807397e-09,3.0,-0.002542764118847453,-1.0169312061898386e-06,2.2795180908519672e-08,0.04,-0.0001493623709226817,3.581824123086581e-07,1.0252163633162546e-09,0.0385,-3.458230970630608e-06,-1.0233039819212029e-07,5.385604611952999e-10,3.095577608523707,-4.39222410713605e-05,-3.254446073798683e-07,3.197986408385462e-09,5.419295293100939,7.690375184694204e-05,-2.6911861408112294e-08,-2.7088095164080347e-10,-3.96859335691654,-3.606662207732504,9.953114439655505e-05,5.988217128283177e-07,-4.24440689731162e-09,0.0001794265048107882,5.622987264920245e-07,-4.544732278424581e-09,3.5536323047059106,0.0002847585048431654,5.944495386265166e-07,-2.017543580907283e-09,4.790902585904128,0.00029117551944105177,-2.761355736873295e-06,1.2703933768781035e-08,-2.73029581004953,0.00018285744814389369,-2.785726188476382e-06,1.0199149037298208e-08,-0.4599364034386341,0.00024079883473457345,-3.263953703286457e-07,8.764326937601781e-10,5.415237808054813,7.652075837707162e-05,-3.03814541288656e-08,-2.695815485391153e-10,9.638965080813893,0.00010522966719764132,-5.796099100070491e-09,-1.6353168442527112e-10,9.65337971032311,0.00010873666633464813,-1.5235360761300533e-08,-1.714038835622388e-10,2.745054898443554,9.886557815288986e-05,-2.0020155830300648e-08,-4.670155109285212e-11,3.606662207732504,-9.953114439655436e-05,-5.988217128283206e-07,4.244406897311619e-09,4.3768045383052705,-2.478670568375479,7.999769324896975e-05,1.4239248982813678e-09,2.390395000829593e-09,9.528434786860995e-06,9.341476403979803e-08,2.9086211875236185e-09,-2.4930851978846955,7.649069411196259e-05,1.0863186559501478e-08,2.398267199966564e-09,2.8355635214011694,5.1595714386073677e-05,-3.0703128191078663e-10,4.74602405758489e-11,1.7409992193374753,0.0001083236085996718,2.2539687206317094e-08,2.4977442680451058e-09,1.7450567043836016,0.00010870660206953805,2.600927992706343e-08,2.496444864943449e-09,4.753204463395058,-5.935689447948631e-05,8.792322710268137e-08,3.0724493080691645e-09,7.160294512438415,7.521902541307933,0.00010832491656447701,2.2498108671704746e-08,2.4976876042349227e-09,0.00018522736044660759,-4.372174201790288e-09,2.2268633164043487e-09,5.740917681318461,1.987874695392952e-05,-1.7650593013452164e-09,7.462137446834435e-12,0.0174,-1.3973146612458585e-05,-3.6370771155821126e-08,5.830328184416289e-10,54713.5,1.7349100476102763,0.0001939779020954678,2.2633894040564754e-06,15.35,-0.0028179559112120776,9.293438800720989e-05,-5.502714088305149e-07,0.0356,2.041837677685998e-05,-1.2656839309416097e-07,-1.2136085935830524e-10,0.0072,-1.4290320479319595e-06,4.829555442825678e-09,1.6931071878184393e-12,0
2011-09-30,0.019799999999999998,-2.4501835593103704e-05,1.234029056564207e-08,2.370787304449964e-10,0.011799999999999998,5.391212577162177e-06,1.7199172697263978e-09,-1.3422702139400768e-10,-0.0312,2.1296234257755555e-05,5.426569371416944e-10,-1.6389657555742214e-10,4.09,-0.0022907577991517283,8.521098380020288e-08,2.1124909182489665e-08,5.27,-0.0017516365414355112,2.5720271077282866e-07,7.702207043088908e-09,1.98,-0.0024501835593103713,1.2340290565642073e-06,2.370787304449966e-08,0.01,-7.242761485749087e-05,4.896299763847817e-07,2.5942322360876794e-10,0.0334,-3.2786694693299826e-06,-4.150016367890143e-08,4.67313713725133e-10,2.9806186357439426,-4.110679764139785e-05,-2.3779782712972555e-08,2.968518635369392e-09,5.424465318536048,6.811640065581547e-05,-5.947258342649149e-08,-1.7468173288948763e-10,-3.83970234384852,-3.4856625709095823,0.00012071085630490571,2.337748779935479e-07,-3.8045949576452225e-09,0.00019057079138844467,1.6345273187752143e-07,-3.98895685663211e-09,3.5824072096034194,0.0003313922947877697,4.200936447743599e-07,-1.8389178323536317e-09,4.822134686225586,0.00017855204895514954,-1.4196464744891064e-06,1.1124625667407117e-08,-2.6023397466800957,3.538202707934479e-05,-1.665935074186405e-06,8.988340741296084e-09,-0.44432272673045164,0.00021539196555021836,-2.569461146506111e-07,6.596953626708224e-10,5.423173109318271,7.018298645340842e-05,-5.8285339998197194e-08,-1.864233144331385e-10,9.652300623269735,0.0001058701823641553,-2.8844441512971413e-10,-6.425303459428912e-11,9.666499228113226,0.00010857785303898664,-1.3133155977892911e-08,-6.894727173454414e-11,2.754219162576284,9.619654482497763e-05,-8.7927414544571e-09,6.800246166063572e-11,3.4856625709095823,-0.0001207108563049064,-2.3377487799354918e-07,3.804594957645231e-09,4.356386580739957,-2.5842308427567326,0.00010481125611870694,1.8660721119595035e-07,2.0299301598858715e-09,3.775880824729364e-05,3.8669773257795135e-07,2.500853108937592e-09,-2.598429447600224,0.00010210358544387489,1.9945192275871045e-07,2.0346243970261404e-09,2.834976494674597,5.318820684839763e-05,6.646191883318263e-09,5.2503904222531874e-11,1.643604461976954,0.00014256503782705162,2.4579135020730597e-07,2.14035885818103e-09,1.644896671194731,0.00014049845202945382,2.4460410677900866e-07,2.1521004397247283e-09,4.723489707720973,-2.9824885683193274e-05,4.0498707408481706e-07,2.6733105525323277e-09,7.068069780513002,7.424517247734102,0.00014256377956772953,2.457709666460388e-07,2.1403570091109545e-09,0.0002106814384828626,1.8631876678082214e-07,1.9656771252915784e-09,5.7430031878094825,1.99379985687316e-05,-9.78508526191489e-10,3.678283740110174e-12,0.009399999999999999,-6.360925982846645e-06,1.7364513581496818e-08,4.0267009511800396e-10,54587.97,1.8327170996886366,0.0005315126871654828,2.594327487532968e-06,13.5,-0.0005165278706535992,3.7131791814088696e-05,-4.426666583425599e-07,0.0387,3.263447648017804e-06,-1.3080821788682892e-07,6.253568079290083e-11,0.0072,-8.144755898972398e-07,4.410120440376641e-09,-5.77861580934387e-12,4
2011-12-31,0.019799999999999998,-2.0929145812609815e-05,4.701659809312038e-08,2.121506991328654e-10,0.013199999999999998,4.049026288513097e-06,-1.3133228026839778e-08,-1.0493634381899685e-10,-0.0312,1.99407235672382e-05,-2.5094371038981544e-08,-1.6913147633865078e-10,3.93,-0.002080324474764958,3.390751207901859e-06,2.1203542646922124e-08,5.25,-0.0016754218459136474,2.077428405217874e-06,1.070990826502245e-08,1.98,-0.002092914581260983,4.7016598093120415e-06,2.1215069913286565e-08,0.01,1.330625895843285e-05,4.464172693822213e-07,-8.485252977898691e-10,0.0348,2.382940532976162e-06,-1.0549130004100787e-08,2.9965948639592597e-10,3.021400020302569,-6.371593592879171e-06,3.112868398203102e-07,2.287222164411214e-09,5.419073755183819,6.134815381732134e-05,-7.425114109715222e-08,-6.523944486621872e-11,-3.8490482062667577,-3.4892709962100215,0.00010103677647989862,-1.3145649638594364e-07,-2.9504513746992647e-09,0.00016178047494126436,-2.138167303244466e-07,-3.00161154524786e-09,3.636269503841639,0.00036156208140450814,2.864265331753736e-07,-1.6052519558908883e-09,4.8271931096335985,8.630487730099944e-05,-7.348264898847638e-07,8.271282139227053e-09,-2.6606896297423726,-0.0001134362253665127,-1.2265257792177917e-06,6.869049447932994e-09,-0.4231200433468851,0.00019946837381390036,-2.1636727523666512e-07,3.7858653772396904e-10,5.42593191411771,6.116155447808414e-05,-6.864631098579368e-08,-6.781879675635099e-11,9.658077942167747,0.00010564138685400792,-6.596745230359521e-10,-1.5956970072756223e-11,9.673665373755705,0.0001073833707257249,-1.5443814559377534e-08,-1.404323159097186e-11,2.7625383863862796,9.567787671415536e-05,8.553329539823025e-09,1.3086568175599176e-10,3.489270996210022,-0.00010103677647989931,1.3145649638594234e-07,2.950451374699277e-09,4.363002113665381,-2.5325374421160856,0.00015488391807060332,4.185427040843579e-07,1.361156388881106e-09,9.343892005228213e-05,6.202281365977613e-07,1.737516195746655e-09,-2.548124873704044,0.00015314193419888148,4.3332684412070163e-07,1.3592426503993698e-09,2.8460714989995846,5.6206920678868874e-05,5.760458248615656e-09,2.597977464129226e-11,1.706466744867842,0.00019917715110729061,4.92134170658467e-07,1.4104388636745503e-09,1.6996085859339511,0.00019936375044652364,4.865293405471141e-07,1.4130182155647383e-09,4.724831367037969,3.062471959193111e-05,6.594242791469563e-07,1.871885737939613e-09,7.1255405000516605,7.4873697534242485,0.00019916944455199425,4.921176785529679e-07,1.4104978785487219e-09,0.0002605253049246095,4.1788302956132567e-07,1.3451994188083394e-09,5.744892427712417,1.97677784660448e-05,-7.750607260274436e-10,1.8170454162575847e-12,0.0154,3.6691365180317454e-06,3.203254726810575e-08,1.7526317205621744e-10,55096.68,2.0112320213879684,0.00044303688056434275,1.2061791790576088e-06,14.3,0.0017423881060730701,1.9612474564425674e-05,-2.8110423056730576e-07,0.0296,-1.4944071965098338e-05,-1.1508080436637089e-07,2.538759261015203e-10,0.0072,-3.707688130353843e-07,2.9436184866450277e-09,-1.0164947116855065e-11,0
2012-03-31,0.0217,-1.6787963521391884e-05,7.306931772438233e-08,1.532633204965031e-10,0.012400000000000001,1.718019210535244e-06,-2.7035137643763295e-08,-6.527739153806998e-11,-0.032600000000000004,1.756341199783824e-05,-4.5801847558873764e-08,-1.329008343879668e-10,3.99,-0.0016641767118602449,6.346640735403881e-06,1.5723152871883365e-08,5.23,-0.001492374790806722,3.6431269710275485e-06,9.1954137180764e-09,2.17,-0.0016787963521391897,7.306931772438237e-06,1.5326332049650326e-08,0.08,6.808539524148931e-05,2.4780298505146134e-07,-1.5709991492067021e-09,0.0467,2.0190630229831924e-06,-2.6910095176850235e-09,1.7303586543729202e-10,3.093312601892855,2.3278438712429767e-05,5.261758208185716e-07,1.5506913804907283e-09,5.435423611766036,5.490336064330678e-05,-6.61649660117025e-08,3.646729857274385e-11,-3.9271366432381942,-3.58222410466132,8.098751973932214e-05,-3.9737843144114053e-07,-2.110456201002809e-09,0.00013431835912816327,-4.686154274748873e-07,-2.0492624806174865e-09,3.654288009344317,0.00037582180815756846,1.52851739279913e-07,-1.3626137547514674e-09,4.82895353258964,2.9088609594492276e-05,-3.5729470132349586e-07,5.436694722005346e-09,-2.753570716404019,-0.00021084164730004914,-9.716915471183018e-07,4.7296496446459395e-09,-0.40253442491437497,0.0001854095258486117,-1.9571869706205318e-07,1.6139944290407326e-10,5.4328788534432375,5.2476775727175465e-05,-6.579582908919983e-08,4.488198704477648e-11,9.670436268836422,0.0001074940606629396,-6.300141537197772e-09,-7.88208932072099e-12,9.68674913200569,0.00010695955636613047,-1.9991021261359613e-08,1.1432158349353387e-11,2.7708316165832,9.783717075398553e-05,2.5451687717018543e-08,1.3121066364309902e-10,3.58222410466132,-8.098751973932214e-05,3.973784314411407e-07,2.110456201002818e-09,4.378285828699588,-2.4339241548307853,0.00018734022775530982,5.565303122582567e-07,7.557245355720247e-10,0.00016821550237630585,7.469427215484103e-07,7.729526492677883e-10,-2.4502370180000534,0.0001878747320521134,5.702211919824225e-07,7.364102879019991e-10,2.854744580253014,5.6203756801986514e-05,4.603711494794064e-09,2.1114013795618992e-11,1.8010885022396008,0.00023993092777494125,6.163951367327463e-07,7.11375147678562e-10,1.8036332605623995,0.00024235751269106875,6.160259998102576e-07,7.029604592065774e-10,4.7357366814498505,0.00011105867529386387,7.965633930119927e-07,8.488295743399642e-10,7.236512114005637,7.581989736163928,0.00023992503156541612,6.163690111140203e-07,7.114359092090703e-10,0.00029483428841824697,5.502301707210588e-07,7.47842446251291e-10,5.74655456650007,1.9586917463303156e-05,-1.295012935644593e-09,1.5493503691764088e-12,0.0264,5.862526402084493e-06,2.1197740327906447e-08,3.104571270475546e-11,55465.73,2.0293698423576756,0.00037765007253546813,9.74089520962504e-07,15.69,0.0033031849594928804,1.550015742019719e-05,-1.3794005619096863e-07,0.0265,-2.664792086032284e-05,-7.639995000551602e-08,3.710172174489525e-10,0.0073,-1.9421882465360514e-07,1.1744587131744482e-09,-1.0068589593501295e-11,0
2012-06-30,0.016200000000000003,-7.508869185775811e-06,8.164440321368402e-08,3.198034818709974e-11,0.013799999999999995,-1.5969460174734563e-06,-3.06724366951029e-08,-1.1991814302769303e-11,-0.028799999999999992,1.147682708516636e-05,-5.647758386220603e-08,-4.6083324214623503e-11,3.64,-0.0008314857313431789,7.585101589830164e-06,3.752250930211483e-09,5.02,-0.0009911803330905264,4.51785792031987e-06,2.553069499934587e-09,1.62,-0.0007508869185775816,8.164440321368407e-06,3.1980348187099795e-09,0.09,6.112621915187845e-05,-2.5293345353805676e-08,-1.638682022446246e-09,0.0418,-2.5978239547733498e-06,-9.88092099603596e-09,1.1887252704151968e-10,3.022860940942244,8.821604175998712e-05,5.711832798252404e-07,6.246539004320519e-10,5.435815879733671,4.758039622857618e-05,-4.727316833142519e-08,1.0681192105977305e-10,-3.844364356954331,-3.4993904872473287,3.2822260973339874e-05,-5.157685892999067e-07,-1.158816508622806e-09,7.953308281928653e-05,-5.642492640843363e-07,-1.0358388871580339e-09,3.688629422858727,0.00038749897042937716,1.671289131937065e-08,-1.1606084538802845e-09,4.821490511954176,1.1728893358026183e-05,4.253373102386143e-09,3.426065100369735e-09,-2.7120582224997487,-0.000295133267621463,-5.727458293805613e-07,3.5350382024332846e-09,-0.3870649170497096,0.00016826203938790987,-2.00917139079858e-07,6.143627113288332e-11,5.431641237641456,4.7408579056840845e-05,-5.193918540634092e-08,1.0595507373548062e-10,9.68463509380103,0.00010684715663516337,-7.618715541477075e-09,1.1396981368236432e-11,9.69983977997431,0.00010419664875756518,-1.8861010256835486e-08,4.932822518551825e-11,2.779969174294318,0.0001020401760026244,3.923353640803256e-08,8.469633599880932e-11,3.4993904872473287,-3.2822260973339874e-05,5.157685892999084e-07,1.1588165086228124e-09,4.40825097990446,-2.4966151836949737,0.00024782955282087634,5.401001961607548e-07,-1.3188926625744603e-11,0.0002574585418666925,7.643371030682859e-07,-3.0091632508209416e-10,-2.5118198698682543,0.0002504800606984728,5.513424908761256e-07,-5.112017044301463e-11,2.8587664184808337,5.3944656356811475e-05,1.6204992482236347e-09,4.6717859265793474e-11,1.7522040303723856,0.0003070963132274628,5.797546489506897e-07,-1.0860386631727471e-10,1.7563786724646,0.0003072681303991971,5.844206660256234e-07,-1.0774701899296688e-10,4.761332921441544,0.00020588550624485932,8.131383730366887e-07,-2.82238920906737e-10,7.188019910106056,7.533121353570654,0.00030709231169582103,5.797344761706317e-07,-1.0855495736010785e-10,0.000354676709456038,5.324814806192734e-07,-1.7919452575290463e-12,5.74821394716612,1.9555530701304698e-05,-1.6068720887056922e-09,1.9829230300263415e-12,0.024,2.6167760172036735e-06,6.557608767105725e-10,-6.3282013999208334e-12,55620.57,1.9111702065345526,0.0002310170427780308,2.4536982160242084e-06,15.05,0.004686118016773761,9.56740126292141e-06,-6.598496148064482e-08,0.0166,-2.994393933460219e-05,-2.1109649175034897e-08,3.8537072655425025e-10,0.0073,-2.838562403779786e-07,-6.875585203653529e-11,-5.814367555607046e-12,0
2012-09-30,0.0172,4.42786363751738e-06,7.968723155527986e-08,-1.1781848910215108e-10,0.013499999999999996,-6.45702533968798e-06,-2.653680542596689e-08,5.1366150758333537e-11,-0.0279,3.5439290508873045e-06,-5.754233009586223e-08,6.24171525656103e-11,3.49,0.00029255861148923745,7.230856292417415e-06,-1.1304802058631307e-08,4.84,-0.0003531439224795617,4.577175749820725e-06,-6.168186982797935e-09,1.72,0.00044278636375173763,7.968723155527992e-06,-1.1781848910215107e-08,0.11,2.3435432139629553e-05,-2.6063049185889136e-07,-1.1622600206727118e-09,0.0429,-3.776052796634579e-06,-4.669287764027145e-09,1.0348716331253315e-10,3.0809921175048145,0.0001731602897956236,5.624896811023976e-07,-3.7108244177233697e-10,5.44419102903758,4.238629646898112e-05,-3.183482529898538e-08,1.219316846896828e-10,-3.8873303928377747,-3.5505239787638745,-4.1038867462356994e-05,-5.579222785016137e-07,-8.887784504025849e-11,1.4204309171782225e-06,-5.878782254575226e-07,3.5398711422187783e-11,3.7242465979512276,0.000388662829371305,-8.139186603275569e-08,-9.210617614755605e-10,4.796864349028711,4.117459332970558e-05,3.0920597135656106e-07,2.021917225658705e-09,-2.8150787738607335,-0.00034571005252346696,-1.9775172505770263e-07,2.9731398484451994e-09,-0.37310679007754877,0.0001492061369337781,-2.1710178753002984e-07,4.1744905736333696e-11,5.442482643478538,4.447419687990048e-05,-3.154659761674742e-08,1.1146673830200542e-10,9.693205622332334,0.0001032329062503931,-8.846113543823667e-09,5.348088862309273e-11,9.707181324470426,0.00010004751566461273,-1.4850229454186391e-08,9.694116575664596e-11,2.789465844432681,0.00010685552704043643,4.678813087422655e-08,1.6957118301869224e-11,3.5505239787638745,4.1038867462356994e-05,5.579222785016155e-07,8.887784504026155e-11,4.440792579170204,-2.4184350456172323,0.00032646879058327165,4.853765260126746e-07,-8.856648050584243e-10,0.0003370717346940319,6.881457034582494e-07,-1.2861342868361362e-09,-2.432410747755323,0.0003296541811690527,4.913806419230568e-07,-9.291250821919928e-10,2.8604851241459652,5.398535171403443e-05,5.0389337641442955e-09,7.283762683145662e-11,1.8305795476775217,0.00038731540036468157,5.083652377678313e-07,-9.541156011249824e-10,1.8322879332365636,0.0003852274999537629,5.080770100856129e-07,-9.436506547373262e-10,4.7895428625647085,0.00029009524395728415,7.317529495727996e-07,-1.3044990341894277e-09,7.274770576715102,7.6115010950518505,0.0003873061833553931,5.08359234706439e-07,-9.540276865664942e-10,0.00042970169683366336,4.765304124688465e-07,-8.321839164353423e-10,5.750284308307621,1.94577073797976e-05,-1.063073664652469e-09,3.623414900109072e-12,0.025699999999999997,6.084701662906249e-07,-3.4677138965350916e-09,2.103068524492411e-11,55585.76,1.9166862663668893,0.0003949679921440706,3.9609949967766495e-06,16.69,0.005531472007718927,3.8712232509102755e-06,-4.516375579826312e-08,0.0199,-2.64127930889397e-05,2.8127984664178416e-08,3.0459211182944736e-10,0.0073,-5.051057312588421e-07,-3.354927028982886e-10,3.5277364526729825e-13,0
2012-12-31,0.0172,1.2582090973498104e-05,6.271244188324265e-08,-2.290036800378105e-10,0.0098,-9.266567425067557e-06,-1.8245454479372173e-08,9.816672222300376e-11,-0.0243,-3.2523839257535387e-06,-4.5859501661818915e-08,1.4718267574802786e-10,3.65,0.001126469461864807,5.2801272626584255e-06,-2.2649948853959517e-08,4.63,0.00019981271935805013,3.4555818147212133e-06,-1.2833276631659134e-08,1.72,0.0012582090973498102,6.2712441883242704e-06,-2.2900368003781054e-08,0.07,-1.8299312089768974e-05,-3.254252213104018e-07,-4.230900089109424e-10,0.0365,-5.275093314206807e-06,2.021095484393751e-08,1.1230402938369466e-10,3.055886196373738,0.00022394501135304738,5.095576426227893e-07,-1.0857304489404158e-09,5.436338664445412,4.207536775909723e-05,-2.1738062565548767e-08,7.550894889202735e-11,-3.816712825623821,-3.473563745233166,-0.00010294233685244903,-5.427574201322999e-07,8.653011640910972e-10,-6.087148403446929e-05,-5.642447110944763e-07,9.354186535187813e-10,3.7864597824528,0.0003675694618624985,-1.515183043975449e-07,-5.611104126010441e-10,4.804840381116659,0.00010154970229124954,4.966329724424252e-07,6.060171441658007e-10,-2.800165490010016,-0.000326099153600444,8.383781014101549e-08,2.1017531150656562e-09,-0.35667494393873245,0.0001275905711151013,-2.1804382656200575e-07,7.626168904364403e-11,5.443373963123214,4.2010294793696364e-05,-1.6233439442536474e-08,7.550888981356804e-11,9.700118503122583,0.0001020166511001716,-4.307296431048483e-09,8.311560138761824e-11,9.714066030534424,9.893370705131855e-05,-2.8974297155599844e-09,1.203596603690373e-10,2.7985001040242823,0.00011147064831115507,4.440506761522507e-08,-5.575312717540238e-11,3.473563745233166,0.00010294233685244903,5.427574201323017e-07,-8.653011640910982e-10,4.461523423661684,-2.4400949754366166,0.00036849514761477694,3.9554641216579693e-07,-1.5095271780797863e-09,0.0003936311616470685,4.999796421088635e-07,-2.0298561677867562e-09,-2.4540425028484583,0.0003715780916636317,3.9413654545031995e-07,-1.5467712370612388e-09,2.8616292890305104,5.511292022100517e-05,2.085281886282841e-08,9.69985059101912e-11,1.823684863240555,0.00042843643095584716,4.129771783002922e-07,-1.5019205255841387e-09,1.8166495645627523,0.00042850150392125116,4.074725551772934e-07,-1.5019204665057295e-09,4.806090545774812,0.0003495316667493836,5.387986682836891e-07,-2.0550546609745725e-09,7.260023527685966,7.6045906497990945,0.0004284214964673169,4.129773197967569e-07,-1.5017768740266847e-09,0.0004705117987149468,3.912391157347407e-07,-1.4264115766921556e-09,5.7521598552295075,1.9171998879111833e-05,-2.2813157520792803e-10,6.1015094435736524e-12,0.0155,-1.3678443246354159e-06,1.3944074253327857e-08,7.628297383778183e-11,55545.82,2.002136536719013,0.0012329284755099163,5.278652429913972e-06,16.44,0.0053301921756479295,-5.604906033982725e-07,-3.11618225394329e-08,0.0174,-1.9861000619114445e-05,5.360179807580159e-08,1.4644146507348375e-10,0.0073,-6.590745944222912e-07,3.854428919534433e-10,5.19401849615935e-12,4
2013-03-31,0.0196,1.676510017147523e-05,2.6323673068995522e-08,-2.838266240726149e-10,0.009199999999999995,-9.416313260130566e-06,-4.156748118124156e-09,1.1865482112923646e-10,-0.027799999999999995,-7.229637012415042e-06,-2.1072539441525626e-08,1.844812585352241e-10,3.93,0.0014519620614486396,1.6487310899086152e-06,-2.7034314662699645e-08,4.85,0.0005103307354355817,1.2330562780962046e-06,-1.5168832549775997e-08,1.96,0.0016765100171475232,2.632367306899557e-06,-2.8382662407261496e-08,0.09,-6.40718455672205e-05,-2.3829102061281134e-07,4.0393514980806846e-10,0.0361,-4.5890255212252576e-06,3.6993646147210256e-08,8.473706475564923e-11,3.109953417644014,0.0002517457864424942,3.519575551355699e-07,-1.5491965789351705e-09,5.450050841573968,4.4138705642936955e-05,-1.4585394474670465e-08,-4.768891297750395e-12,-3.8776215787108135,-3.54657204884441,-0.00014763715403249417,-4.1674124954054603e-07,1.6348133383647912e-09,-0.00010346816475374291,-4.356852788720387e-07,1.6228904987578859e-09,3.7999735016195233,0.0003408797852610848,-2.0263062988028133e-07,-1.8608990974511056e-10,4.804758477680764,0.00016738896144396706,4.882945687255739e-07,-9.183090306803756e-10,-2.8717462937729996,-0.0002764201925083348,2.5961968891397414e-07,8.914829800612057e-10,-0.34289596950471246,0.00010365630685177591,-1.9966503304821036e-07,1.43094332231721e-10,5.447952150764697,4.184167071372841e-05,-1.3545852636325715e-08,5.783091381983644e-12,9.706280900342238,0.00010240517417377664,1.3481791529678154e-08,9.862505015242943e-11,9.720026446702727,9.969608484520915e-05,1.9197840831227633e-08,1.2171702329411173e-10,2.807944084419567,0.00011623833692658465,3.292627527649999e-08,-1.2508027883854356e-10,3.5465720488444106,0.00014763715403249417,4.167412495405469e-07,-1.6348133383647955e-09,4.487880198155626,-2.3597353498783042,0.0003861117651198016,2.0062882813057992e-07,-1.91952829826234e-09,0.00043618299315464903,2.3383581770530141e-07,-2.524499153300411e-09,-2.373480896238794,0.00038882085444837296,1.9491277882902842e-07,-1.9426202714040756e-09,2.8713021951758138,5.584006660522903e-05,3.4383079354834655e-08,1.0548367060033855e-10,1.896494708889966,0.0004443782336506389,2.2869601413492644e-07,-1.8161343568121075e-09,1.8985933996992364,0.0004466752685798516,2.2765647229658422e-07,-1.8266863394919195e-09,4.828495981752232,0.000394475375884424,2.695581669485715e-07,-2.5400815982441126e-09,7.346545550463934,7.677391166923962,0.0004443653473793843,2.2870399827862437e-07,-1.8159803801525247e-09,0.0004885169392935748,2.1411061966025104e-07,-1.8209032481098811e-09,5.7535245665510155,1.906042168077701e-05,3.1675744798723373e-10,6.955169515626337e-12,0.017,-6.921898531862179e-07,3.0199122207268814e-08,9.219094929832873e-11,56017.43,2.05720260746225,0.0019891747791426747,5.77191634528049e-06,17.68,0.004654087857063205,-3.2119959499431313e-06,-1.1954277390957066e-08,0.0147,-1.1128322866835842e-05,5.3116954438402056e-08,-3.9749873882593406e-11,0.006999999999999999,-5.944537792669076e-07,1.6578094115313063e-09,6.3875716662436815e-12,0
2013-06-30,0.023,1.8418712742479096e-05,-1.2906598502677103e-08,-2.8297917529271527e-10,0.009200000000000009,-9.16333242454104e-06,1.0667660430867473e-08,1.2154521895940903e-10,-0.0313,-7.88225154763826e-06,6.5743742885679686e-09,1.6825664905631422e-10,4.27,0.0014239469847379103,-2.158404480280939e-06,-2.461133701915894e-08,5.19,0.0005076137422838064,-1.0916384371941891e-06,-1.2456815123218044e-08,2.3,0.0018418712742479103,-1.2906598502677063e-06,-2.8297917529271544e-08,0.05,-9.243145697031017e-05,-1.34974344104738e-07,1.108516525182265e-09,0.0322,4.711022257083384e-06,4.431889568196647e-08,-3.361709473786114e-11,3.132446096869813,0.0002797060687686724,1.506335577867816e-07,-1.914563890446879e-09,5.453182077108952,4.2945106536144974e-05,-1.4505748293725867e-08,-6.997409322556357e-11,-3.8824642031866015,-3.5570916440649807,-0.00018024878993303932,-1.9666389885291445e-07,2.234156009133225e-09,-0.0001377861349579755,-2.1768123097087114e-07,2.1631403478771408e-09,3.8323302365188976,0.00032265552597374875,-1.984507169530118e-07,9.091402275761251e-11,4.838026416156094,0.00023002849346060797,2.7106706698583756e-07,-2.3150916515662303e-09,-2.8788385220824915,-0.00022976021579274342,2.5805138152467893e-07,-2.4652752363387845e-10,-0.34072141728820665,8.334987670643979e-05,-1.754562512772769e-07,1.827970828471895e-10,5.448653637903099,4.296974985099067e-05,-1.861700924746474e-08,-7.068499063448745e-11,9.72005672072407,0.00010253165616996157,2.7734293758965952e-08,9.040300388803001e-11,9.73294155094858,0.00010097669023562544,3.3294185619043484e-08,9.133798453258987e-11,2.820840549597668,0.00011994707823578151,1.6920081734339764e-08,-1.7623410220904756e-10,3.5570916440649802,0.00018024878993304003,1.9666389885291466e-07,-2.2341560091332345e-09,4.556918704559572,-2.3306348401401915,0.00040037265973682547,-2.9521111859072994e-08,-2.2336449902636397e-09,0.00045364207880053823,-3.64814765528305e-08,-2.682198153004759e-09,-2.343519670364701,0.00040192762567116505,-3.5081003719156495e-08,-2.2345799709082423e-09,2.8741294517947424,6.120761331441724e-05,4.2405825874480484e-08,6.006093124329054e-11,1.936239803474926,0.0004599592093706393,1.2718930193627831e-08,-2.07326789315e-09,1.9407682426807789,0.00045993456605579914,1.683019114736392e-08,-2.072556995741158e-09,4.8939605610448735,0.00041517414256531245,-2.6834670824707786e-10,-2.692960643977403e-09,7.389421880583878,7.717133179869103,0.00045995264695083277,1.2748698156694726e-08,-2.073147569190248e-09,0.0005029043159067825,-1.7868181001073143e-09,-2.143241986375568e-09,5.755140766931343,1.9320858221201497e-05,9.363844518023083e-10,4.814366040584355e-12,0.0152,6.983119378644746e-06,4.217068900317796e-08,2.0586233434561206e-11,56077.53,2.345853789179091,0.002441661146792478,3.4107592213151913e-06,17.8,0.003945523329803022,-2.936382891625505e-06,6.94410501802896e-09,0.0175,-4.84485416162801e-06,3.43614130360837e-08,-1.7864077989681612e-10,0.0069,-2.8718616765146933e-07,2.760928340629921e-09,3.5032314409749795e-12,0
2013-09-30,0.0281,1.4668244506255392e-05,-4.0461112553174014e-08,-2.1043081285790582e-10,0.0083,-7.4913273164561875e-06,2.0979375091950223e-08,1.0178775060003949e-10,-0.0343,-5.0118791144025055e-06,2.482685045312684e-08,1.0070930798744368e-10,4.64,0.0009175490263293833,-4.498278725763305e-06,-1.5347428272325906e-08,5.47,0.0001684162946837653,-2.4003412165682805e-06,-5.168653212321975e-09,2.81,0.0014668244506255406,-4.046111255317399e-06,-2.1043081285790602e-08,0.02,-7.477272901131796e-05,-3.631586446611777e-08,1.5205425815245385e-09,0.038900000000000004,1.3157880488664175e-05,4.5667116413993684e-08,-1.7319439151197662e-10,3.154443964708812,0.00029831533768103006,-4.0485963482214885e-08,-2.064161265202203e-09,5.455961935629551,3.9509613089193377e-05,-3.0106442338318155e-08,-9.2472924141242e-11,-3.892220378131966,-3.567765024861221,-0.00020223119876251332,7.039320821142549e-08,2.505854773588018e-09,-0.0001644555645338469,3.5834942608608304e-08,2.427981330587544e-09,3.8630428232064276,0.00030277769678627094,-1.4392398180856976e-07,2.5649824800249743e-10,4.8721392168423305,0.00026357521713617075,-6.53832173899209e-08,-3.2034928378422914e-09,-2.8841908988210836,-0.00020166854823778398,1.1816975694151436e-07,-1.051110736589077e-09,-0.3405633929400931,7.151100755928e-05,-1.525643549156689e-07,1.5567402326089265e-10,5.453370496187798,4.200175102243714e-05,-2.9713245296171653e-08,-1.0503592889879069e-10,9.724880309131738,0.00010782675220140925,3.350639553474021e-08,1.923318410633132e-11,9.738477345912305,0.00010748533876953764,3.707599362454956e-08,-1.451687747981562e-13,2.8341414641718767,0.00012041947031902027,-2.7932024936218206e-09,-1.9465341970818338e-10,3.567765024861221,0.00020223119876251403,-7.03932082114253e-08,-2.505854773588028e-09,4.627722536441483,-2.2940724610640895,0.00039718214334737536,-2.4782358555474405e-07,-2.2685897096918434e-09,0.000428466368437936,-3.016810133294043e-07,-2.4133141669001526e-09,-2.3076694978446555,0.0003975235567792466,-2.513931836445616e-07,-2.2492113568107148e-09,2.882563575448353,6.80504719936359e-05,5.234747706027622e-08,-1.882207536605652e-11,1.9748459124380977,0.0004654992824595874,-1.8421074768167085e-07,-2.156883601444233e-09,1.977437351879851,0.0004630071445263454,-1.8460394472382892e-07,-2.1443205966867306e-09,4.961230386387529,0.0003936849291316491,-2.625270664712355e-07,-2.430668436933403e-09,7.430807848067649,7.7557586047558225,0.0004654957068117388,-1.8415542671455094e-07,-2.1568007159884744e-09,0.0005050088955487781,-2.1431719001999755e-07,-2.2493565255854692e-09,5.757102048086418,1.961127448993766e-05,1.7498652956072741e-09,1.5297832090290086e-12,0.022400000000000003,1.4175285261178156e-05,4.915008729898955e-08,-8.885154994686915e-11,56443.0,2.7242660302222816,0.0029825534348474686,-8.441192681273612e-07,17.88,0.003562598124120192,-4.7678700711704494e-07,2.0609545277962664e-08,0.0118,-2.9505264059502654e-06,2.759195361097597e-09,-2.1807191910437727e-10,0.0068000000000000005,1.5401146355337067e-07,3.0496385727231926e-09,-2.067216158665446e-12,0
2013-12-31,0.028999999999999998,6.244875249782642e-06,-5.657349323000912e-08,-8.994416441527114e-11,0.007599999999999998,-4.4049511264622565e-06,2.993237987703379e-08,6.085992028816173e-11,-0.0344,8.451088475302583e-07,2.8978111990972484e-08,8.91111381661893e-12,4.62,4.7406187077728146e-05,-5.285418326430898e-06,-2.446057903969204e-09,5.38,-0.0003930889255684973,-2.2921803387275165e-06,3.639934124846958e-09,2.9,0.0006244875249782654,-5.657349323000912e-06,-8.994416441527133e-09,0.07,-5.6826915486024026e-05,1.1423153286507439e-07,1.8081372707137576e-09,0.047,1.4286179692570114e-05,1.683180020897253e-08,-2.724892012256949e-10,3.213260086082565,0.0002852040129219524,-2.3865068299633666e-07,-1.8953218891408497e-09,5.45125302281875,3.691595199035933e-05,-5.380361260832005e-08,-7.848827219801687e-11,-3.9424822129128545,-3.614997514777032,-0.00018673206644701513,3.490187617087608e-07,2.2928628227065015e-09,-0.0001528872393441613,2.9407993538221846e-07,2.2431312775404233e-09,3.8848573373553763,0.00028865967915758935,-8.938750252959884e-08,2.5792265094259784e-10,4.936845220125501,0.00023399556992437232,-4.6050830984532384e-07,-3.229960301651668e-09,-2.893175685228899,-0.00020402486980813337,-7.691846222186099e-08,-1.2781254711582891e-09,-0.33128570993391293,6.387594271630736e-05,-1.3535071399624547e-07,1.0838537076801006e-10,5.458389053990231,3.737209186667617e-05,-4.839812498300775e-08,-8.054838953702818e-11,9.738249517855506,0.00011464553000713334,3.94419473828574e-08,-8.370982604990977e-11,9.752330653538289,0.00011436934590722397,3.968049496546889e-08,-1.0971250541437752e-10,2.844327819394758,0.0001184480386768886,-2.533814945067173e-08,-1.8257090381196823e-10,3.614997514777032,0.00018673206644701513,-3.4901876170876206e-07,-2.2928628227065044e-09,4.65552703273765,-2.238394665723097,0.00036074621559746973,-4.778482116212226e-07,-1.9512303457139684e-09,0.0003786846664982829,-5.496464520353958e-07,-1.841952298748473e-09,-2.25247580140588,0.00036102239969737634,-4.780867592038428e-07,-1.9252276663494734e-09,2.8914822521801917,7.139951975205089e-05,5.0579456290679095e-08,-9.308235980215724e-11,2.0486018293136583,0.000438475793614243,-3.8460265163002964e-07,-1.9564518995658588e-09,2.0414657981421773,0.0004380196537379262,-3.9000813925536493e-07,-1.9543917822268608e-09,4.985187209084146,0.0003476152142699071,-5.105851317315197e-07,-1.87991009797048e-09,7.499854852132408,7.829515028478904,0.0004384731854178467,-3.8454324114338143e-07,-1.956419252437967e-09,0.0004753917456046003,-4.3840626423835424e-07,-2.0349401717638586e-09,5.759091030415082,1.9692962286120552e-05,1.9455695140525378e-09,-1.0974387604348633e-12,0.0301,1.6641082776995557e-05,3.1823884029454906e-08,-1.9224505586866822e-10,56823.3,2.926934775582379,0.002909464531147079,-4.987418006929148e-06,18.04,0.0037526431603773307,3.038780318827252e-06,2.401277801574958e-08,0.015,-5.129507354329857e-06,-3.176270358682348e-08,-1.5855093404403751e-10,0.0069,5.722329062173042e-07,2.329973544631442e-09,-7.772730784905518e-12,1
2014-03-31,0.027200000000000002,-1.1769106146261772e-06,-5.8718710945883755e-08,2.0777377660973687e-11,0.006799999999999997,-1.582986680834232e-06,3.596217845435445e-08,1.3573496902734259e-11,-0.0312,5.599376912560961e-06,2.0836298104267682e-08,-5.93805360702093e-11,4.38,-0.0006144788630111711,-4.605510130020044e-06,7.75773895723743e-09,5.06,-0.0007727775310945948,-1.009292284584599e-06,9.115088647510853e-09,2.72,-0.00011769106146261692,-5.871871094588379e-06,2.077737766097357e-09,0.05,-5.888099113240189e-05,3.069732347438926e-07,2.2180673295898978e-09,0.033,1.71368685617907e-05,-3.181616724868907e-08,-3.331498231246079e-10,3.217274543501227,0.00024986444962942433,-4.338951725287224e-07,-1.4216736202444628e-09,5.465059864211477,3.4142155886827257e-05,-6.44638867193956e-08,-2.6063359177051042e-11,-3.9424822129128545,-3.6246200137291185,-0.00013701753501832656,5.898058184030282e-07,1.5757110527007503e-09,-0.00010574640007702946,5.278851587594008e-07,1.576419020262663e-09,3.905602437625223,0.00028660723061718006,-5.7770033774835724e-08,7.027817343374735e-11,4.929497542636617,0.00015583651834947878,-8.49375928508728e-07,-2.4161273975092426e-09,-2.916921093129701,-0.00023312946384935335,-2.679684339062498e-07,-9.397536462942552e-10,-0.32203421720908654,5.337889982422392e-05,-1.330522471470829e-07,1.2411447891914258e-10,5.463950442055756,3.206468877273716e-05,-6.404015233068919e-08,-1.575336893472488e-11,9.752200543486929,0.00011613369319703055,2.9646469872420755e-08,-1.6307641071525015e-10,9.76581273060902,0.00011523763375195645,2.5590854430412765e-08,-1.8330956304394177e-10,2.8539311468651984,0.00011521088099809181,-4.429666993661959e-08,-1.4462351820477938e-10,3.6246200137291185,0.00013701753501832656,-5.898058184030324e-07,-1.5757110527007468e-09,4.6755693567535515,-2.2219780921325873,0.00030749107243847223,-6.772223220502891e-07,-1.342356468551709e-09,0.00031744870158054855,-7.085309008434603e-07,-1.07969233544235e-09,-2.23559027925468,0.00030838713188354567,-6.73166706608281e-07,-1.3221233162229836e-09,2.8875901149342877,7.64669328759654e-05,3.0445052860842684e-08,-1.7088365443814647e-10,2.065162587142865,0.00038948260974867833,-5.831119654584562e-07,-1.4793695200899445e-09,2.066272009298586,0.00039156007686276946,-5.835356998471821e-07,-1.48967951033226e-09,5.001939437472373,0.000290495404464941,-6.747492251991426e-07,-1.1562425864844525e-09,7.530222451354342,7.846061873413931,0.00038948788901075335,-5.830667701828358e-07,-1.4794472297697387e-09,0.0004236247656355024,-6.475758521778547e-07,-1.5054328792669727e-09,5.760666776856913,1.9795274287007226e-05,1.1866085750631386e-09,-3.565598390728955e-12,0.0165,2.1082996885695123e-05,-2.4806622905580153e-09,-2.820457830984558e-10,56536.55,3.22381470112133,0.0018469442164487765,-9.381324267773862e-06,18.48,0.004439350608310727,6.698043320944561e-06,1.7484822588569046e-08,0.0151,-9.98421430098263e-06,-5.007568375854535e-08,-2.4885145645883557e-11,0.0072,7.909413775986207e-07,8.904943044927942e-10,-1.1188145694513611e-11,1
2014-06-30,0.026000000000000002,-6.482192772082248e-06,-4.424186197660844e-08,9.985799334522244e-11,0.005499999999999998,2.0501236870587436e-06,3.435642328656643e-08,-4.1636142425627575e-11,-0.028800000000000003,6.667174332532292e-06,4.321373245676676e-09,-7.603456585728663e-11,4.25,-0.0009240297469098824,-2.4752604461145194e-06,1.2761099942342958e-08,4.8,-0.000719017378204008,9.603818825421223e-07,8.597485699780197e-09,2.6,-0.0006482192772082243,-4.424186197660849e-06,9.98579933452224e-09,0.04,-5.460695598880152e-05,5.127783793771456e-07,2.65875535279465e-09,0.0472,1.4686786276925795e-05,-6.807657317970341e-08,-2.9157338114145457e-10,3.241028629509334,0.0001896418805766978,-5.852440617799172e-07,-6.327774137385503e-10,5.47369822566266,2.4517480929788644e-05,-5.6868703804765526e-08,8.274051936524669e-11,-3.952844999948401,-3.64580125137332,-5.0306913390420206e-05,7.367074578519916e-07,4.110828278453866e-10,-2.7020716953066877e-05,6.8659419589848e-07,5.043864050577643e-10,3.928289977892018,0.00029041672899716016,-6.009674610210744e-08,-2.095459219672413e-10,4.94306997460049,5.493837306760133e-05,-1.0889551693311492e-06,-9.5431919642534e-10,-2.9374633654300153,-0.0002610177441424354,-3.5120284812263537e-07,-2.4899438545286906e-10,-0.31875346286515327,3.919266531038608e-05,-1.4225627631401668e-07,2.3319719218155525e-10,5.469034349983856,2.473995828091921e-05,-6.165554924495555e-08,8.335108917693219e-11,9.752533142525225,0.00011909700823113794,-2.7132648635353885e-09,-2.3089754054418597e-10,9.766246716998758,0.00011749850823653401,-9.247157116054352e-09,-2.3835177887559466e-10,2.864614165269134,0.00010992221265434602,-5.591248102752888e-08,-7.845258133616467e-11,3.64580125137332,5.0306913390420206e-05,-7.36707457851995e-07,-4.110828278453823e-10,4.7006414050833785,-2.1784419132598867,0.0002216266341564386,-7.940909390905642e-07,-3.8973120926839615e-10,0.00023675705877909957,-7.58719987970459e-07,-1.2892361655823292e-10,-2.1921554877334195,0.00022322513415104077,-7.875570468380374e-07,-3.8227697093695037e-10,2.900871992530031,8.224006701780945e-05,8.310861249330563e-09,-2.3020537585954938e-10,2.100393003602678,0.00031620616145779204,-7.399355001493238e-07,-7.033692691778828e-10,2.105056879281482,0.000315983684106657,-7.351486547091414e-07,-7.039798389895162e-10,5.026451163873913,0.00021357534148037233,-7.334657636494879e-07,-2.515645547363012e-10,7.574091229265338,7.881291754216241,0.00031622324053469516,-7.398959244835822e-07,-7.0356843404981e-10,0.00034072364238757756,-7.968042039540899e-07,-6.206287498126134e-10,5.762397234916117,2.003931567061967e-05,3.383742467293879e-10,-6.1447347529771035e-12,0.0269,2.167877646843123e-05,-3.371472510126746e-08,-2.9838086408268026e-10,57169.39,3.5559068267251974,0.0006414016623872431,-1.2746627573933275e-05,18.88,0.0050949985352630065,8.37670536198601e-06,4.432838154407135e-09,0.0207,-1.8517510473409243e-05,-4.2875062480062175e-08,1.5163481574093276e-10,0.0073,7.464969331541759e-07,-7.18081010855553e-10,-1.1258571110731606e-11,1
2014-09-30,0.0253,-9.969611942710632e-06,-2.4849256407080433e-08,1.4593149666696828e-10,0.006899999999999995,6.719727737157632e-06,2.7684500592679404e-08,-1.0290594870270903e-10,-0.028700000000000003,4.645618190966534e-06,-1.0150327548438188e-08,-4.5988500458194296e-11,4.11,-0.0010277044649108073,-3.19959612921987e-07,1.3316151604463573e-08,4.8,-0.00035573169119504366,2.448490446345955e-06,3.0255567341926656e-09,2.53,-0.0009969611942710634,-2.4849256407080462e-06,1.4593149666696837e-08,0.02,4.312943339457179e-06,7.629664853640611e-07,2.838259158314406e-09,0.050199999999999995,6.274988805737879e-07,-9.811750900615847e-08,-1.1539349690831151e-10,3.255014871484074,0.0001248804506484423,-6.407712863316951e-07,3.763348727934905e-10,5.472396716147956,1.3359518406889231e-05,-4.422223542761219e-08,2.085492652527577e-10,-3.947650183071297,-3.6384143046538986,3.964933274787502e-05,7.422524057086448e-07,-9.642004405304973e-10,5.268726685526207e-05,7.066361650483245e-07,-7.615948343303999e-10,3.959097412814075,0.0002909646302092027,-1.050008584299385e-07,-4.5787635334192057e-10,4.971547905388209,-7.607611646256243e-05,-1.0967845476288002e-06,9.582451729270777e-10,-2.933696882634538,-0.0003144665535604947,-2.9604195587168663e-07,6.690065759987261e-10,-0.316772345436849,2.4351149782077425e-05,-1.3312532011477979e-07,4.0706652368319784e-10,5.4700707766799335,1.5908146463940176e-05,-4.378943412661141e-08,1.9939410171181257e-10,9.771013201046728,0.0001220883286764521,-3.207277811193709e-08,-2.6336905403916625e-10,9.783966413502826,0.00011967950818989186,-3.790884146147136e-08,-2.526638221444388e-10,2.875441364045012,0.00010314919811201598,-6.09076196281042e-08,4.7837550421430385e-12,3.6384143046538986,-3.9649332747875714e-05,-7.422524057086438e-07,9.64200440530509e-10,4.724704926414111,-2.1735014835787543,0.00012922696878487245,-8.15180486026638e-07,7.696931412277829e-10,0.000151478167608924,-7.272161824103104e-07,8.40143981499788e-10,-2.1864546960348528,0.00013163578927143338,-8.09344422677096e-07,7.589879093330748e-10,2.9128939952449864,8.088155708588021e-05,-1.566647477016493e-08,-2.2006425924254952e-10,2.125115001320017,0.00023795577905444016,-8.030310287109638e-07,2.977748219358009e-10,2.12744094078804,0.00023540715099738227,-8.034638300119706e-07,3.0692998547681863e-10,5.050061119781078,0.00013010296897620274,-7.150097831696779e-07,6.83088750719941e-10,7.597511717467973,7.906020390111944,0.00023797309040981401,-8.03002055084408e-07,2.9755940217714337e-10,0.0002513152974613256,-8.472532641385754e-07,5.063240871885853e-10,5.764469839602284,2.0118883933401e-05,-3.542075782580252e-11,-7.241596917654076e-12,0.030600000000000002,1.3499623766434433e-05,-6.853283742707203e-08,-2.0983120098838093e-10,57742.86,3.4975818212361105,-0.0007201689932637249,-1.2282402815098679e-05,18.81,0.006261881427372903,7.347371901837131e-06,-1.3861785222107014e-08,0.0166,-2.6352784826195004e-05,-1.4636216562534387e-08,3.026047328510502e-10,0.0074,5.03605914332336e-07,-1.921686197741337e-09,-8.5459604033186e-12,1
2014-12-31,0.022099999999999998,-1.050484737479929e-05,-9.660088475711008e-09,1.495204735172675e-10,0.009500000000000001,9.517565291360199e-06,1.6177492294412517e-08,-1.4564219378319184e-10,-0.028200000000000006,1.3680013825605393e-06,-1.2250746616190507e-08,1.0331416752097362e-11,3.79,-0.0008306226674934227,7.151397588607075e-07,9.557125461147194e-09,4.74,0.0001211338616425972,2.332888988301963e-06,-5.0070939171719915e-09,2.21,-0.0010504847374799308,-9.660088475711015e-07,1.4952047351726768e-08,0.03,0.00011144971290582707,1.093056196499028e-06,2.7769392696367788e-09,0.04190000000000001,-1.2215018748234465e-05,-1.150972765770374e-07,1.0349131496979541e-10,3.2880286835565173,5.6946534722846635e-05,-5.442113761497247e-07,1.425475558352425e-09,5.458776676484857,1.00799988341789e-05,-2.4072266754409124e-08,2.7352797884541156e-10,-3.952844999948401,-3.6307603602311453,0.00011620472290100395,5.662372151213431e-07,-2.2040867791596177e-09,0.00012667171215011985,5.469538252075225e-07,-1.9486358436565532e-09,3.9969154724461085,0.0002812103867393202,-1.7425195247593966e-07,-5.666734412390308e-10,4.950106501021434,-0.00020578249535377417,-8.95655352770317e-07,2.863799161830605e-09,-2.99974029495153,-0.0003614150587582132,-1.8061221906651732e-07,1.5115695517920095e-09,-0.3106095770954856,8.89131772427343e-06,-8.041013829943323e-08,5.926335258450583e-10,5.4648990319464845,1.0533291622047413e-05,-1.8234630534158725e-08,2.754937339572454e-10,9.787191236164734,0.00011547990066382019,-5.5502101008950834e-08,-1.97961527848255e-10,9.801246056564226,0.00011231087381293192,-5.8866182390382375e-08,-1.6968510994978116e-10,2.8853592160726205,9.672017027425803e-05,-5.687696010937563e-08,8.673454419689215e-11,3.6307603602311453,-0.00011620472290100602,-5.662372151213412e-07,2.2040867791596376e-09,4.742316616604634,-2.1595154034874797,4.952576317449435e-05,-6.849870665883178e-07,1.835374865768873e-09,8.329262467518737e-05,-5.95972370716712e-07,1.61102924952834e-09,-2.1735702238869723,5.26947900253847e-05,-6.816229852068784e-07,1.8070984478703816e-09,2.917770732084279,7.597806578359679e-05,-4.52237741186851e-08,-1.542715927122046e-10,2.1688991561923974,0.00015492566500413912,-7.164169008428678e-07,1.3638853590751558e-09,2.1627768007307693,0.00015447237221626712,-7.222545370631182e-07,1.3619196039633696e-09,5.064441527419872,6.22131660675776e-05,-6.027995699680233e-07,1.436923810435469e-09,7.627675832677254,7.949800743492492,0.00015493906481832547,-7.164312965226808e-07,1.3637304840681339e-09,0.00016500566383831488,-7.404891675972757e-07,1.6374133379205945e-09,5.766475543994624,1.9894638171279178e-05,-4.934377800372656e-10,-6.5414982608173435e-12,0.0269,5.073514049957188e-06,-9.722087488909299e-08,-6.793907739167989e-11,57919.0,3.2481503866629167,-0.002403096985217192,-8.706424353333125e-06,20.08,0.0073604223422851275,5.0973062447038095e-06,-3.1722478597344924e-08,0.0076,-2.7094244969561087e-05,2.9602673079136514e-08,3.5542160979437074e-10,0.0074,1.7330443536363425e-07,-2.45179481826666e-09,-4.781997352287912e-12,0
2015-03-31,0.0204,-8.88482852455948e-06,3.9496108386481635e-09,1.2669603461724795e-10,0.009,1.001492051394707e-05,-3.317872891229833e-09,-1.5645425595158542e-10,-0.025800000000000003,-1.7523764577032573e-06,-3.3878895046809897e-09,5.908931656906637e-11,3.64,-0.00045482238082356974,1.1528495933556444e-06,4.022833905325178e-09,4.54,0.0005466696705711371,8.210623042326618e-07,-1.1622591689833366e-08,2.04,-0.0008884828524559494,3.9496108386481693e-07,1.2669603461724806e-08,0.03,0.00022658368798278146,1.4106088417533637e-06,2.7489307417041194e-09,0.050300000000000004,-2.29392595822401e-05,-8.84329357860446e-08,3.0934179007937817e-10,3.2857865301508276,-7.454543859054808e-06,-3.110117149619824e-07,2.319302792434347e-09,5.464340150372489,1.41458680489856e-05,1.547773431494742e-08,2.689921517337324e-10,-3.9322257127456655,-3.61476667425635,0.00016744264563614623,2.2592805693574173e-07,-3.050204837436217e-09,0.00018254231720970447,2.4062106954783773e-07,-2.8068682355476795e-09,4.02535169073515,0.00025557854300564534,-2.5155074809586027e-07,-4.720428681059259e-10,4.914197812459251,-0.0002910931804307751,-4.947002938234759e-07,4.211762064873975e-09,-3.0428238810878416,-0.0003656800975722664,-2.7798109609622945e-10,1.9136484124823054e-09,-0.3068775168119336,-3.350813499496076e-06,5.056284847656446e-09,6.935857503934374e-10,5.463730104939077,1.2383364006048058e-05,1.6717049995939307e-08,2.7964977063381047e-10,9.79323056871996,0.00010471864881366338,-8.212727236877874e-08,-6.697431808707624e-11,9.80559055981439,0.00010130831462146773,-8.163009458047388e-08,-2.8683921562891715e-11,2.894309300435404,9.108160435870073e-05,-4.271799040111801e-08,1.5995731643227033e-10,3.61476667425635,-0.0001674426456361469,-2.2592805693574139e-07,3.0502048374362237e-09,4.752055201278095,-2.15311220372846,-1.658275144416424e-05,-3.9535153266280895e-07,2.645136287417382e-09,3.133574345156806e-05,-3.7173369879708916e-07,2.129544567773362e-09,-2.1654721948228914,-1.3172417251966843e-05,-3.9584871045110573e-07,2.6068458908931566e-09,2.9269179575536315,7.082840679473735e-05,-6.183780397859847e-08,-6.405166926997789e-11,2.1757782146190103,7.399002932051493e-05,-4.929565393465458e-07,2.309169817596545e-09,2.1763882600524216,7.575253336345074e-05,-4.94195855027526e-07,2.298512198696491e-09,5.070989943028582,9.540955163139104e-06,-3.986205958019119e-07,1.957809067441869e-09,7.6401183649914985,7.956694013406675,7.400599599869385e-05,-4.930088694464868e-07,2.30905298435355e-09,8.813589736949845e-05,-4.774788050315934e-07,2.578161969330294e-09,5.7679771866981975,1.9714185305937103e-05,-1.3745948124717071e-09,-6.205137641886592e-12,0.0397,-5.322540714950032e-06,-9.432021296711243e-08,1.0316206171050621e-10,58353.14,2.9759299072610927,-0.0033357365053687344,-3.5914154827576643e-06,20.96,0.0076168628843992225,1.413235616379709e-06,-4.133352399945618e-08,-0.0007000000000000001,-2.0249991812407002e-05,8.042392589320071e-08,2.9905713311301936e-10,0.0073,-1.109830281825598e-07,-2.42418155965274e-09,-1.9641281593284843e-12,0
2015-06-30,0.0236,-8.71063089989856e-06,1.4140857973888519e-08,1.0673200816839085e-10,0.009399999999999995,9.338027200560529e-06,-2.444707787177407e-08,-1.379080585441011e-10,-0.0314,-1.156270259316226e-06,1.0759623269738002e-08,6.650688511203769e-11,4.19,-0.0004031083666362838,1.1378346140952805e-06,9.011938629800538e-10,5.13,0.0005306943534197708,-1.3068731730821268e-06,-1.2889611991430073e-08,2.36,-0.0008710630899898562,1.414085797388856e-06,1.0673200816839088e-08,0.02,0.000353354814219339,1.5964284750176178e-06,2.7666033248355563e-09,0.0435,-3.542437389771793e-05,-3.2849208521645325e-08,4.85081818892049e-10,3.2771447329921766,-4.16480086550236e-05,-2.165440178712376e-08,2.743981234543235e-09,5.474956140206493,1.6158803787074544e-05,5.5897441195568664e-08,2.375143272449035e-10,-3.9170355472516905,-3.611933056483859,0.00018648176937053896,-1.6303088245094713e-07,-3.287807852033641e-09,0.00020359859883135046,-1.1028097334987257e-07,-3.070180930017662e-09,4.03742141482248,0.0002246958432917924,-3.1361386652535446e-07,-2.2627471158594277e-10,4.858881738868719,-0.0003204776422381053,5.708734489683015e-08,4.731737046064785e-09,-3.0966581921439515,-0.00034307902409671105,2.670920349785735e-07,1.9153864244985834e-09,-0.3177656802241011,-7.802947815099305e-07,9.607573481628457e-08,5.948473815016078e-10,5.470828457707228,1.6830776618462217e-05,5.271145960405895e-08,2.345434826669312e-10,9.801650212090255,9.709206929784247e-05,-8.885038917688854e-08,6.652947258921027e-11,9.813905784009656,9.399398201552222e-05,-8.337454427548337e-08,1.0818804857085542e-10,2.8999548219102005,8.700857142162136e-05,-2.269233278778855e-08,2.1437426300699996e-10,3.611933056483859,-0.00018648176937053755,1.6303088245095126e-07,3.287807852033632e-09,4.728512512568606,-2.152295740783917,-5.8877995376586946e-05,-6.173259489750592e-08,2.995003667858482e-09,1.3668010696986365e-06,-1.2147249181764315e-07,2.327894264883052e-09,-2.164551312703317,-5.577990809426496e-05,-6.72084397989111e-08,2.9533450918767886e-09,2.932792473780117,6.26557878033361e-05,-5.8008209727234354e-08,5.1615110127980066e-11,2.1743983310998454,2.2055270134180986e-05,-2.064804252699732e-07,2.8240188132027856e-09,2.178526013599111,2.138329730279054e-05,-2.032944436784528e-07,2.8269896577807746e-09,5.047039385077114,-2.3753691366602132e-05,-1.6486050274001534e-07,2.1885362686357886e-09,7.649354471306339,7.9553163492231045,2.2067970341278774e-05,-2.0651943639420367e-07,2.823970063248639e-09,3.8214073921252756e-05,-1.505829840743942e-07,3.061533140447699e-09,5.769663843769714,1.9742149879491134e-05,-2.065061042676689e-09,-7.388966147539683e-12,0.032799999999999996,-1.9563242873328585e-05,-6.856322733086925e-08,2.817409140037232e-10,58615.65,2.512848151003561,-0.0031215282572917146,3.1807973327930064e-06,22.12,0.00730560861241793,-4.341358202111557e-06,-4.2926315906816984e-08,0.0012,-8.540684963399512e-06,1.138299222231353e-07,1.5863859818681927e-10,0.0073,-2.8549525864632114e-07,-2.1577962046312248e-09,-1.1276351667913796e-12,0
2015-09-30,0.0217,-7.871665034845735e-06,1.946232408262448e-08,8.456151459342582e-11,0.012699999999999996,5.974625384984801e-06,-3.7775718020815547e-08,-8.313173974327423e-11,-0.0315,2.284532416269063e-06,2.3288384678221944e-08,3.140556113051434e-11,4.07,-0.0004954447259291645,5.321009663632508e-07,-4.0434833482536425e-11,5.34,0.00010201781256931677,-3.245470835718303e-06,-8.353608807809966e-09,2.17,-0.0007871665034845738,1.9462324082624527e-06,8.456151459342579e-09,0.02,0.0005313311374130535,1.7570342165491415e-06,2.7200694389292156e-09,0.0336,-3.790119080062178e-05,2.588403750827574e-08,5.400103317574443e-10,3.1986731175506815,-1.4780403594121665e-05,2.983152506850611e-07,2.4617128184069985e-09,5.4720605675671194,2.014459613253264e-05,7.135398889510599e-08,1.6913431864719902e-10,-3.8212686421596818,-3.514169210041859,0.00014323718308123788,-5.150748516325946e-07,-2.7485071095693613e-09,0.00016266891143304068,-4.4761743912912155e-07,-2.579604095804134e-09,4.058544658090914,0.00019392983170306717,-3.204974437041937e-07,9.058541756115704e-11,4.815998211579652,-0.0002871677335782467,6.117492512037643e-07,4.316816211433956e-09,-3.0661547378505367,-0.0003176738451611316,4.916330575106684e-07,1.6450981349085158e-09,-0.32910231297844705,2.0166686860297652e-05,1.677754373043073e-07,2.792286694824749e-10,5.470159202386607,2.303461264788684e-05,7.256231079118192e-08,1.539560771017116e-10,9.813551028745769,8.774751565420319e-05,-6.43102915012698e-08,2.0753861899085828e-10,9.825080830907352,8.526623175493381e-05,-5.4612274799797454e-08,2.4634969345733346e-10,2.90550158776184,8.620807488199725e-05,1.3117427509842299e-09,2.340395298083071e-10,3.514169210041859,-0.00014323718308123788,5.150748516326002e-07,2.748507109569355e-09,4.703799954676602,-2.240837160612997,-3.705486703237115e-05,2.5888769942968227e-07,2.6315539081396376e-09,8.543905148768183e-06,1.2089967047870586e-07,2.089349500964819e-09,-2.252366962774579,-3.457358313309865e-05,2.491896827282008e-07,2.5927428336731037e-09,2.937043277205311,5.4740366723517867e-05,-4.424592591358732e-08,1.6130422314873976e-10,2.1006533005656527,3.054805248929905e-05,1.2322341903329726e-07,2.6699582084833067e-09,2.102554665746165,2.765803597394416e-05,1.2201509713722548e-07,2.6851364500287935e-09,5.0219685712581885,-2.2717600968986258e-05,6.45278071612274e-08,2.0102807612178864e-09,7.572713868132772,7.8815825754104685,3.05440529463602e-05,1.2320642913393515e-07,2.6700412047363162e-09,5.069264862182926e-05,1.9457740792841238e-07,2.839092527130508e-09,5.771690313263376,1.9642325832371076e-05,-2.353609555268281e-09,-8.552575118681261e-12,0.0245,-2.635276349763182e-05,-3.0661126256030465e-08,3.8464204446880264e-10,58731.2,2.071914291047108,-0.002349343299683017,9.685622559984341e-06,21.45,0.006914843628609471,-9.502799434327052e-06,-3.8620002665206583e-08,-0.0004,6.770680965357725e-06,1.1689672892784186e-07,-3.709085095543791e-11,0.0072,-4.163972069395742e-07,-2.0620759295889597e-09,-1.9558652180061313e-12,0
2015-12-31,0.022400000000000003,-5.050960918387854e-06,2.714492224294222e-08,5.452883773426026e-11,0.014899999999999998,-2.6051579686646854e-07,-4.266191103838128e-08,1.1211716859844568e-12,-0.0335,6.072479433135174e-06,2.4436625890374953e-08,-2.7340961637686667e-11,3.97,-0.0004181861735318614,3.5523726537203135e-07,-4.557181820733885e-10,5.46,-0.0004442377532185085,-3.910953838466098e-06,-3.4360101347493383e-10,2.24,-0.0005050960918387852,2.714492224294223e-06,5.4528837734260174e-09,0.23,0.0007084457951172135,2.028685303534848e-06,2.724871372564292e-09,0.0292,-2.736618287865615e-05,8.979725723719281e-08,4.4152836694302935e-10,3.256942025674657,4.727108038253061e-05,5.915946611181889e-07,1.6281244683480742e-09,5.466032770952629,3.166420229823441e-05,7.20224485252835e-08,5.519063957447355e-11,-3.8584822385001165,-3.5426159377139097,5.1004546833819526e-05,-7.866173427600713e-07,-1.6151815163385702e-09,8.107060760786586e-05,-7.185924383495627e-07,-1.545179235008032e-09,4.084967400409504,0.00015799826522587616,-2.7357760849465983e-07,4.282948468640719e-10,4.775334812511415,-0.0001844618823161566,1.0458910784237084e-06,3.041539332881337e-09,-3.167707538293801,-0.0002586770791411765,6.072551442870877e-07,1.040922136057589e-09,-0.32573014008931084,4.8667900682665325e-05,1.8867682138361365e-07,-1.3975071034008116e-10,5.471265967442488,3.2757084426064675e-05,7.672748074728634e-08,4.731399666013511e-11,9.820194309257934,7.858413593747893e-05,-3.0435343492003985e-08,3.2897260110318566e-10,9.831711490135445,7.751847424977282e-05,-1.7571824561141917e-08,3.5534719255140066e-10,2.914522218128448,8.792281703349226e-05,2.7897145642719556e-08,2.190647002382142e-10,3.5426159377139097,-5.100454683382022e-05,7.866173427600693e-07,1.615181516338565e-09,4.713061119994966,-2.192610971134521,2.840958245458082e-05,5.434750777574262e-07,1.7145037620994268e-09,4.082934537378222e-05,3.3587536790474584e-07,1.4654685681253616e-09,-2.2041281520120317,2.9475244142290052e-05,5.306115588265505e-07,1.6881291706511535e-09,2.9386326815134183,5.1888262981619746e-05,-2.1351897980271774e-08,2.187366605698148e-10,2.161550567170784,7.5329516093825e-05,4.4101728574013147e-07,1.9882857236281485e-09,2.1563173706809255,7.423663396599473e-05,4.3631225351813126e-07,1.996162366542473e-09,5.02791819701589,2.8844399387696617e-06,2.730229054118215e-07,1.4550301061213972e-09,7.627583338123413,7.942440415144338,7.531954231514981e-05,4.409970165247228e-07,1.988403722990182e-09,0.0001069937183920594,5.130397342654191e-07,2.0434763632026e-09,5.773650518623529,1.925869024421434e-05,-2.989603362942545e-09,-8.702774183048156e-12,0.0212,-2.4423473770230715e-05,2.2472123435451784e-08,3.7944751372071954e-10,58724.27,1.9343896454222886,-0.0009953008057867149,1.3208970543732395e-05,23.74,0.005743245113166715,-1.2500845963541096e-05,-2.6520170525101145e-08,0.0073,2.1748197870079553e-05,9.737866799432833e-08,-2.186177795488643e-10,0.0072,-5.468331858210694e-07,-2.3975232464071274e-09,-3.419838302976431e-12,0
2016-03-31,0.0189,-2.544351585691569e-06,3.55798835805291e-08,2.988443202515665e-11,0.0131,-5.937132361579968e-06,-3.897965499293742e-08,8.148369782687679e-11,-0.029599999999999998,9.957613068803378e-06,1.3723612209790167e-08,-9.05584167149996e-11,3.82,-0.0004154740365360461,8.41594385770752e-07,3.869636802694667e-10,5.13,-0.0010091872726940426,-3.0563711135229927e-06,8.535333462957152e-09,1.89,-0.00025443515856915614,3.557988358052909e-06,2.9884432025156546e-09,0.29,0.0008666964302032016,2.3497532732070023e-06,2.723365792963526e-09,0.0256,-1.3831897373237356e-05,1.4006334212648203e-07,2.6102900577116466e-10,3.2335673736111907,0.0001179056312610366,7.293794086920489e-07,4.849550564859241e-10,5.472816743035851,4.2772751549995105e-05,7.51429496765781e-08,-4.3679222745100115e-11,-3.830443018435723,-3.5223181607236866,-4.697934727695419e-05,-9.036904155426717e-07,-2.7191981594936846e-10,-5.485090226350214e-06,-8.291603585383327e-07,-2.992674299247336e-10,4.089499510558901,0.0001279256780369331,-2.0935017588588336e-07,6.83707235480886e-10,4.76754410497235,-4.2034717064702576e-05,1.2819010498083814e-06,1.304600164984149e-09,-3.1512171763943857,-0.00017318021428076104,6.63525253541518e-07,2.904737887463304e-10,-0.31792687173111145,7.33513661613853e-05,1.3970518626146094e-07,-5.074291604577253e-10,5.472606751644727,4.184584349313236e-05,7.454425780579608e-08,-4.349535347241033e-11,9.822013742156768,7.790626161569419e-05,5.3190373434496765e-09,3.647988956428235e-10,9.834553625740476,7.841653596024761e-05,2.1252197201636326e-08,3.7263049381041493e-10,2.9238870404040247,9.138188620098561e-05,5.018802853268529e-08,1.7435662565132058e-10,3.5223181607236866,4.697934727695558e-05,9.036904155426672e-07,2.719198159493541e-10,4.728097186348111,-2.210196070874181,9.699876369819657e-05,6.890212023133452e-07,5.90828155787397e-10,8.477057926457171e-05,4.651686497364348e-07,5.760399776771753e-10,-2.222735954457888,9.64884893536428e-05,6.730880424551431e-07,5.829965576197849e-10,2.9444389791664403,5.198441905690937e-05,8.268836525512813e-09,2.2286763497519506e-10,2.139000928246736,0.00013213227376389532,6.191972899802125e-07,9.993062741753342e-10,2.139210919637861,0.00013305918182075736,6.197959818509995e-07,9.991224049026392e-10,5.038736445070726,4.049827351128021e-05,4.0639981828486296e-07,6.293351568384524e-10,7.611817671282588,7.919901496499813,0.00013213657995689716,6.191887536891476e-07,9.9930973682035e-10,0.00017490502531389285,6.943402396567952e-07,9.556270514301914e-10,5.7751724707428735,1.886679461646501e-05,-4.257088515075907e-09,-8.85334141232976e-12,0.018000000000000002,-1.933508389923215e-05,6.963675855199475e-08,2.955382094877143e-10,58975.49,1.9600541269493192,0.0008141131505878648,1.3708536564346744e-05,23.39,0.003909913737960788,-1.4235307767999655e-05,-1.0200037067760797e-08,0.0085,2.8891348732047236e-05,6.068863859287849e-08,-3.147274562657733e-10,0.0072,-7.420049658110936e-07,-3.0178061618922346e-09,-4.200187468363945e-12,0
2016-06-30,0.016399999999999998,9.23992630478732e-07,3.5740878795138094e-08,1.304674935282673e-12,0.010300000000000002,-9.14415577295121e-06,-2.400091239668662e-08,1.3440293367623964e-10,-0.024,1.1077568475715307e-05,-5.005272247167501e-10,-1.274465173003727e-10,3.5,-0.0003924549782995966,9.583890828235587e-07,1.440604173492427e-09,4.53,-0.001306870555594717,-1.4417021568450982e-06,1.4880897541116397e-08,1.64,9.239926304787301e-05,3.5740878795138085e-06,1.3046749352826658e-10,0.27,0.0010770972371257474,2.6338626859139337e-06,2.22034301991502e-09,0.0236,2.555181248623878e-06,1.5042844345325842e-07,3.194008571061575e-11,3.2519236789144013,0.00020615415880437596,6.67573060014771e-07,-8.793437870329784e-10,5.484879917599246,4.6677656899882235e-05,6.99374565593409e-08,-8.709005467417931e-11,-3.8490482062667577,-3.551320461514983,-0.00014208777934000756,-8.159140244412571e-07,1.0785831073134803e-09,-9.641731440189414e-05,-7.415186540720238e-07,1.0041348032655962e-09,4.090671156855792,0.00011599057503324447,-1.3199707308427932e-07,7.697240458388894e-10,4.761062205945065,0.00010618729934216906,1.2749351113347473e-06,-4.1106587997691717e-10,-3.177254150177381,-0.00010463245161084281,6.585548609417104e-07,-2.0127613950164945e-10,-0.3011507513743895,8.627670261026877e-05,4.039867004297496e-08,-6.921010904014468e-10,5.481563495793126,4.745453393857485e-05,6.41205906087356e-08,-9.326074583888573e-11,9.826926813268514,8.345046750803525e-05,4.774614810844802e-08,3.215193720635756e-10,9.83844533122959,8.523663229270395e-05,6.4383748819235e-08,3.0932208291451064e-10,2.9316159694378636,9.771339203040394e-05,6.420918839717405e-08,9.828048400403871e-11,3.5513204615149836,0.00014208777934000827,8.159140244412572e-07,-1.0785831073134839e-09,4.739760104331763,-2.1849351948977396,0.000174627886865222,6.361708032485315e-07,-6.30378433538205e-10,0.00014157328595718193,4.764120716094239e-07,-4.851031281761851e-10,-2.196453712858815,0.00017284172208054913,6.195332025377215e-07,-6.181811443891158e-10,2.947591898226056,5.435095173148275e-05,3.2567214982469755e-08,1.8242581903462002e-10,2.1571117007715293,0.0002114006974733719,6.139794947976333e-07,-2.217690068004319e-10,2.160428122577649,0.0002106238204346786,6.197963607482436e-07,-2.1559831563571718e-10,5.0446522442152855,9.137115984080498e-05,4.292975391054156e-07,-3.8072970809726093e-10,7.641991618370775,7.9380316231966175,0.00021140956040705816,6.139979107281345e-07,-2.218429339439217e-10,0.0002580783543732548,6.839169513569763e-07,-3.0885906147464265e-10,5.776816060339609,1.8592277314490037e-05,-5.3972859569275115e-09,-9.213289417578309e-12,0.0149,-8.802573414547756e-06,9.101288876076029e-08,1.3885814163044274e-10,59066.29,2.1147991213751993,0.002324382707311779,1.1554137044006951e-05,23.97,0.002383132403353358,-1.4549190964510792e-05,1.4711198554405215e-09,0.01,3.080999819852279e-05,1.4492657912045074e-08,-3.2727968109317145e-10,0.0072,-1.0734537103033174e-06,-3.6415702265085544e-09,-3.052027313540436e-12,0
2016-09-30,0.0163,6.336246673028552e-06,3.216292521315736e-08,-4.3424077567867606e-11,0.008999999999999994,-1.0556522898861138e-05,-2.8809927178376962e-09,1.5568006212341105e-10,-0.0222,8.372704768522737e-06,-1.6843783590618765e-08,-1.1870271572280061e-10,3.41,-0.00013891607394787286,8.920551646461685e-07,6.521150390910399e-10,4.31,-0.0011945683638339873,6.039558928624053e-07,1.622012125143216e-08,1.63,0.000633624667302854,3.2162925213157344e-06,-4.342407756786749e-09,0.29,0.0013604884222213308,2.8639632703954966e-06,6.761016688580894e-10,0.026699999999999998,2.122397057540103e-05,1.324822459176521e-07,-2.2066518910649165e-10,3.2857865301508276,0.00028612825553917323,4.931654611450856e-07,-2.1538295378760473e-09,5.486579576004063,4.9541899115534974e-05,5.15908375141448e-08,-1.0878770812196924e-10,-3.868006120011372,-3.575142346565478,-0.00022386682530971881,-6.021665303505874e-07,2.2152104804995885e-09,-0.00017511273728766235,-5.455341338903636e-07,2.10985177024994e-09,4.101651137404539,0.00011388172143820055,-4.129078648060432e-08,7.298255773214703e-10,4.783985603452758,0.00023841915134229438,1.0745652444753174e-06,-1.7532606503186668e-09,-3.18689277901515,-4.9298195665825605e-05,5.614094246601425e-07,-3.838739901365182e-10,-0.28352546288811614,8.234681228886796e-05,-6.533408750365889e-08,-6.266695650068872e-10,5.485526957414767,5.1983003813042825e-05,4.863574083154755e-08,-1.1918868951683572e-10,9.836904382527967,9.028806757454127e-05,8.240039062651485e-08,2.3742267925369913e-10,9.84836847548169,9.376467345729306e-05,9.583730414250644e-08,2.0091035861645635e-10,2.9394687049306394,0.00010588982799478106,7.090367137703477e-08,5.689316510801095e-12,3.575142346565478,0.00022386682530971675,6.021665303505862e-07,-2.215210480499575e-09,4.751967291141679,-2.1601108985579494,0.0002474604791733847,4.784753532434672e-07,-1.7228075824318526e-09,0.00019838486301928526,3.7254660146574264e-07,-1.489443610665014e-09,-2.1715749915116733,0.00024398387329062804,4.6503843972745306e-07,-1.6862952617945678e-09,2.954910279033736,5.952616630636176e-05,4.756058435544019e-08,9.775950341661508e-11,2.1902139079659544,0.0002882066476323889,5.092849063558308e-07,-1.376597195056176e-09,2.19126652655525,0.00028576554293487967,5.122400030384316e-07,-1.366196213661306e-09,5.05091644555379,0.00014414733679361455,3.3959352144540513e-07,-1.3605289952865426e-09,7.676793483970017,7.971134094878581,0.0002882071703124267,5.092824128863196e-07,-1.376657261375954e-09,0.00033774854674792213,5.608757438699671e-07,-1.4853849031781615e-09,5.778735327892602,1.8126300863878508e-05,-5.979536529130637e-09,-8.014173994892568e-12,0.0181,4.442512059023629e-06,9.339547910700258e-08,-5.850242118402411e-11,59372.66,2.459711385200251,0.003292678286719436,6.567165092587335e-06,24.22,0.001120676218924216,-1.2660391121865309e-05,6.795418497494917e-09,0.0146,2.970458734942379e-05,-1.991717087953537e-08,-2.8132043640665366e-10,0.0070999999999999995,-1.5152228550688065e-06,-4.0604421767429584e-09,1.7729112788786227e-13,0
2016-12-31,0.024900000000000002,9.695612657483628e-06,2.8719953315430388e-08,-8.565891825943751e-11,0.007700000000000005,-9.789574000764704e-06,1.5198682627588873e-08,1.391438180621309e-10,-0.028000000000000004,5.249546387345826e-06,-3.1819149356321694e-08,-7.65802717154079e-11,4.06,1.5729779129911024e-05,1.1159698386423665e-06,-8.549457388855536e-10,4.83,-0.0009632276209465579,2.6358381014012576e-06,1.305943606732753e-08,2.49,0.0009695612657483619,2.8719953315430395e-06,-8.565891825943736e-09,0.51,0.0016783481106440983,2.9810938406258864e-06,-2.12451387163962e-09,0.0355,3.3645409198550275e-05,9.92829419347239e-08,-4.1186371131501125e-10,3.327550841493857,0.00032487879413687986,2.28214012587111e-07,-2.897791363767341e-09,5.486579576004063,5.555870645362962e-05,3.5436448287177446e-08,-1.3293570127121608e-10,-3.8971343929343956,-3.6007544359441797,-0.00027344975628784614,-3.2561552054823146e-07,2.809472739014758e-09,-0.0002174418334861962,-2.874695687156535e-07,2.663628893678258e-09,4.116432158686106,0.00011308923928152817,3.304836215348738e-08,6.335896458822364e-10,4.843478173822073,0.0003265746569919341,7.894816503703717e-07,-2.489430582301664e-09,-3.167707538293801,-4.623301044207745e-06,4.6324164564933826e-07,-4.4444507310069657e-10,-0.2744368457017603,6.466828264363296e-05,-1.3403509983325321e-07,-3.479144776652074e-10,5.491566499307847,5.613675926189263e-05,3.6907169847952744e-08,-1.31040639283893e-10,9.846527654284774,9.929848601754194e-05,9.827819859226577e-08,1.123561686867224e-10,9.858095966651502,0.00010483955654016636,1.0711622784501084e-07,5.181564998477441e-11,2.949164637737656,0.00011328458891367646,6.730701763777333e-08,-7.629754793260532e-11,3.6007544359441797,0.00027344975628784544,3.256155205482285e-07,-2.809472739014751e-09,4.768021956892629,-2.129341059654488,0.00028724050955183656,2.6038568410944833e-07,-2.288239261819271e-09,0.00023719715442970524,1.5357939835567024e-07,-2.1183735989480913e-09,-2.1409093720212167,0.00028169943902920763,2.515476548566975e-07,-2.227698743117258e-09,2.9601050959108397,6.54222821930485e-05,5.394762592582456e-08,-3.270939350375417e-12,2.2306070186262223,0.0003309802891157468,3.2322743441453647e-07,-2.0429473918613227e-09,2.2256200953224377,0.0003304022363074862,3.2175671285376657e-07,-2.0448424538486593e-09,5.062343030266866,0.00018126388934171372,1.35413307601182e-07,-1.9953957203371186e-09,7.717186594630285,8.011507668004523,0.00033098001743317175,3.2317591637485096e-07,-2.043013975638142e-09,0.0003865389955693771,3.5866388270170127e-07,-2.1758830931325574e-09,5.780465699427158,1.735533878169243e-05,-6.524647825308001e-09,-4.672763809274821e-12,0.0218,1.3360604895149253e-05,7.769363931206922e-08,-2.2087619995323596e-10,59598.36,2.8702067000540636,0.0037696943987397826,3.834298400544804e-07,23.76,8.240370502803906e-05,-1.0517527359123861e-05,9.390152978728833e-09,0.0207,2.4185537380623283e-05,-3.692054884594859e-08,-1.9141553802094017e-10,0.0068000000000000005,-1.951694675004633e-06,-3.993509924703966e-09,4.560243440481206e-12,1
2017-03-31,0.0248,1.01652368797807e-05,1.9155752584612313e-08,-1.1730142170664332e-10,0.006699999999999999,-6.477017704601853e-06,2.7380984653263593e-08,8.747386431575215e-11,-0.027199999999999995,2.570552655964354e-06,-3.709199270762828e-08,-1.2217194631805138e-11,4.01,-4.288245681660849e-05,1.082391062995361e-06,-2.2359313469101067e-09,4.68,-0.0006905842272767908,3.820489528321725e-06,6.511455084665088e-09,2.48,0.0010165236879780691,1.9155752584612354e-06,-1.1730142170664318e-08,0.74,0.0019706731650147693,2.839464565616916e-06,-5.9785918626895775e-09,0.0407,3.8782684372888874e-05,4.579165199549648e-08,-5.013256427363745e-10,3.3703944725071104,0.00031881422662300845,-1.3935479266243075e-07,-3.0560811285966814e-09,5.496348217047172,6.017008698624704e-05,2.7854031740577048e-08,-1.4393371927144373e-10,-3.9322257127456655,-3.647829331384639,-0.0002789506022214429,8.568451199181471e-09,2.8153102374255597e-09,-0.00021747442494407312,3.725647929709249e-08,2.649927476613405e-09,4.121473229610353,0.00011817030025727468,7.722006725990645e-08,4.878891935370506e-10,4.892602227184663,0.0003676217416785525,4.917830650989341e-07,-2.642565195517056e-09,-3.160606916744225,2.986799959257061e-05,4.4857452795810095e-07,-4.4857317775461883e-10,-0.26952910336405617,4.102958611420845e-05,-1.4308341728171889e-07,2.3982415307158362e-11,5.496725504355929,5.829304402230964e-05,2.7067892878107674e-08,-1.2816292303844727e-10,9.856887386070195,0.00011053613140771524,1.0107905225149366e-07,-3.64692766562846e-11,9.871204156457464,0.00011669525757460885,1.0363664113089353e-07,-1.0768741024107636e-10,2.9595912032616507,0.00011957437429471613,5.19764660723125e-08,-1.3345471906861802e-10,3.647829331384639,0.0002789506022214429,-8.568451199179057e-09,-2.8153102374255613e-09,4.788242291151053,-2.0875848250752034,0.00028658477107100543,-3.242743619077606e-08,-2.2909517672322484e-09,0.00024824814835156737,-1.3897586601885107e-07,-2.129644988633305e-09,-2.1019015954624716,0.00028042564490410175,-3.4985025070171005e-08,-2.2197336336473607e-09,2.9652730660692823,7.09916176166614e-05,4.730291441099296e-08,-8.695068702964483e-11,2.272954343947821,0.0003369508154924702,4.0797584320141203e-08,-2.183487324617062e-09,2.2725770566390633,0.0003388278584564093,4.1583723182618614e-08,-2.199258120850074e-09,5.078050254083744,0.0001919032993830762,-1.4465662380428373e-07,-2.0328995436441135e-09,7.769302560994992,8.05386165417856,0.0003369533573723646,4.0742223968691724e-08,-2.1835420520551876e-09,0.00039712090247871615,6.865161606071349e-08,-2.327421043888512e-09,5.781792348291228,1.6610312643687562e-05,-7.218024046230434e-09,-9.99403959416361e-13,0.0209,1.9152549942261806e-05,4.132920758051907e-08,-3.13847062473538e-10,59808.15,3.2621008216250518,0.00345270512825359,-4.871345400481045e-06,23.6,-0.000715185709596311,-1.0073714511696683e-05,1.0448536630530847e-08,0.023799999999999998,1.7651130471305466e-05,-4.7741309034448294e-08,-1.0246069952964241e-10,0.0067,-2.342157028047171e-06,-3.2674180744081606e-09,9.062589582765607e-12,1
2017-06-30,0.0219,1.1735614328419017e-05,4.132102441652611e-09,-1.5385872218218593e-10,0.0069,-2.44478327236742e-06,3.32857861652072e-08,2.3348737523425154e-11,-0.024300000000000002,-1.970510145968008e-06,-3.339582730204662e-08,6.942734389604833e-11,3.68,3.550582157166929e-05,7.119884835064932e-07,-4.8604302044852926e-09,4.37,-0.00020897250566507056,4.040567100027217e-06,-2.5255564521427996e-09,2.19,0.0011735614328419013,4.1321024416526663e-07,-1.538587221821859e-08,0.98,0.0022175702293031375,2.1645225851803277e-06,-1.0975604762801077e-08,0.0388,4.1213819904024414e-05,-1.6625724766559792e-08,-5.128753423845415e-10,3.392829131991639,0.00029821749720043976,-5.003811521616367e-07,-2.777794043998222e-09,5.501094931909374,6.129387432888337e-05,1.9567542034063215e-08,-1.3387594530869327e-10,-3.9424822129128545,-3.6626007235701192,-0.00026803830576849555,3.200200774774361e-07,2.40203690868357e-09,-0.00020633281991597058,3.3723102881411945e-07,2.2546788559788718e-09,4.134686441505479,0.00013002892596282873,1.0690182606310995e-07,3.0145073805965826e-10,4.92442359727719,0.0003879045652816354,2.3601808822275227e-07,-2.5263468938610227e-09,-3.1535563587475584,5.051317517871662e-05,4.677463996870871e-07,-5.47265970908123e-10,-0.27696699623594545,2.1594515387945426e-05,-1.0279676884668751e-07,3.4601933833104185e-10,5.497836035045509,6.072564787558479e-05,1.5314324364701038e-08,-1.2315734547358626e-10,9.866827925001518,0.00012100823715622821,9.092072297352134e-08,-1.6467573383588202e-10,9.880851120806264,0.00012660036098490756,8.388433466058969e-08,-2.318949531296292e-10,2.9727732805872087,0.00012446336310897657,3.175876070245474e-08,-1.5803083981045163e-10,3.6626007235701192,0.00026803830576849484,-3.2002007747743297e-07,-2.402036908683569e-09,4.829067875742765,-2.069540759925921,0.0002770589945750985,-3.040389743878538e-07,-1.9359104367880454e-09,0.0002182707893256121,-4.155366544124563e-07,-1.4184260369271716e-09,-2.083563955730667,0.0002714668707464115,-2.970025860749183e-07,-1.8686912174942285e-09,2.97092715463502,7.629354228884735e-05,2.921633409251848e-08,-1.4566211680824906e-10,2.296192233166224,0.0003367733574024402,-2.3268579344839983e-07,-1.9667102253152143e-09,2.299451130030089,0.0003373415838557398,-2.2843257577903614e-07,-1.9774288251503387e-09,5.113554824187717,0.0001622967614858438,-4.1380697161713364e-07,-1.3597449321414045e-09,7.797287165075598,8.077124216101048,0.0003367624177000733,-2.3271592349574103e-07,-1.966647013792965e-09,0.0003980672317313194,-2.1311825141433996e-07,-2.100586170623887e-09,5.783209608287523,1.6063480370788474e-05,-7.322507023907162e-09,1.964799567514427e-12,0.0233,2.2464436123713207e-05,-1.844923906137376e-09,-3.3694720334393165e-10,60058.0,3.6374038215719677,0.0023822360041174185,-8.699583878950623e-06,23.4,-0.0011839413500910833,-1.037468301771996e-05,1.2987231826512277e-08,0.0163,1.4882350941656375e-05,-5.1026038422446256e-08,-4.84692511366037e-11,0.0064,-2.652615168940096e-06,-2.0136877422577136e-09,1.2797111892233736e-11,1
2017-09-30,0.022000000000000002,1.3019397830794878e-05,-1.084362414577553e-08,-1.8873340415165894e-10,0.006699999999999999,1.127957926700952e-06,3.0923285656397336e-08,-3.211019606398336e-11,-0.0237,-6.094238836739697e-06,-2.3557809102594163e-08,1.4399493193027598e-10,3.63,0.00018867552373008216,3.095927812609187e-07,-8.40353882399188e-09,4.3,0.00030147131640017867,3.40192134690065e-06,-1.1614558430390234e-08,2.2,0.0013019397830794886,-1.084362414577547e-06,-1.8873340415165902e-08,1.03,0.002448319627234856,8.788460791019051e-07,-1.7238576506083952e-08,0.042300000000000004,3.843415897456766e-05,-6.806387632733925e-08,-4.663305528674273e-10,3.40684805317097,0.00023568636502838066,-7.423467388188573e-07,-1.990392640932656e-09,5.508659326025038,6.046339064600947e-05,3.5794467250426758e-09,-1.1915653039394188e-10,-3.947650183071297,-3.6740827741531543,-0.00021965369695787495,5.216296280960888e-07,1.5801157026452638e-09,-0.00015942100234115768,5.195961694618705e-07,1.4609883189372269e-09,4.1470951276076295,0.0001439733751115113,1.314634413385344e-07,1.1345417946683784e-10,4.945847853091816,0.0003989131789289786,4.9270836654248314e-08,-2.485571157167346e-09,-3.146555163288575,9.519430274910965e-05,4.4426768696728777e-07,-1.1261458100870136e-09,-0.2843563634098219,1.613786431008987e-05,-3.684118067728113e-08,5.310091404564906e-10,5.50709826702641,6.233031644108169e-05,3.5484704526835766e-09,-1.2137790964390215e-10,9.875018271051232,0.00012993939507075641,6.50850629184924e-08,-2.566304752733032e-10,9.888516239622792,0.0001347558374603111,4.94637833470649e-08,-3.0929708789259725e-10,2.9863937465571953,0.00012609178052582702,1.3493683720507184e-08,-1.4704918537345055e-10,3.6740827741531543,0.00021965369695787495,-5.216296280960903e-07,-1.580115702645269e-09,4.870309325745903,-2.0538403692904477,0.00023368767699863158,-4.55251249676056e-07,-1.2100310479051272e-09,0.00014876455520731815,-5.717972773921045e-07,-1.168695472621034e-10,-2.067338337862008,0.00022887123460907515,-4.396299701046119e-07,-1.1573644352858217e-09,2.9785861147190205,7.92862471524998e-05,9.055040235801605e-09,-1.9686581962807163e-10,2.3125185757357465,0.0003031636814233782,-3.937456334826024e-07,-1.3475049927844825e-09,2.314079634734374,0.0003012967556283087,-3.937146572102477e-07,-1.3452836135345532e-09,5.1491330890889255,9.363028622554891e-05,-5.671353079197895e-07,-9.801191984271006e-11,7.821177901760784,8.093431721024956,0.0003031403191536941,-3.937682552499375e-07,-1.347338214682763e-09,0.0003636270720693835,-3.9016618675756836e-07,-1.466661523178404e-09,5.784870789338307,1.544070107413198e-05,-6.5722421278085204e-09,6.705751448051459e-12,0.0241,2.043362764961865e-05,-3.824666717344663e-08,-3.0459956286844794e-10,60431.47,3.8784673478633978,0.001130670326802366,-1.2251149028503181e-05,23.28,-0.0021382621252669987,-9.749024118773847e-06,2.5832044427573894e-08,0.0223,1.1194976059085733e-05,-4.875901727001221e-08,-1.186587449172071e-11,0.0062,-2.808713150548525e-06,-5.052806384624471e-10,1.6230945734398563e-11,1
2017-12-31,0.024,1.1844847400859575e-05,-2.837374883713661e-08,-1.9896488002701477e-10,0.0070999999999999995,4.098302594194979e-06,2.1980033678031335e-08,-7.102741811884888e-11,-0.023799999999999995,-8.373159223808765e-06,-4.894775684922037e-09,1.8882639198276023e-10,3.51,0.0002801659782352285,-5.05766322543004e-07,-1.1196398173441554e-08,4.22,0.0006899962376547289,1.6922370452601243e-06,-1.829913998532646e-08,2.4,0.0011844847400859584,-2.8373748837136564e-06,-1.989648800270149e-08,1.32,0.0025829891649754772,-8.635848971755226e-07,-2.320541578763619e-08,0.0496,2.72262945627425e-05,-1.0624256670304003e-07,-3.907927857975951e-10,3.4685444551217657,0.00012929709941387826,-8.822892780425857e-07,-7.479250430449707e-10,5.507443126094042,6.113603088974545e-05,-1.408845306425523e-08,-1.1464383063237028e-10,-3.9954046143671973,-3.723841026273484,-0.0001386002267632011,6.271959411564542e-07,4.501670538167449e-10,-7.828408619387495e-05,6.086282709893321e-07,3.481388423654278e-10,4.163870624870711,0.0001564373710381102,1.416985101851056e-07,-6.52300010388433e-11,4.972864196409257,0.00039620082717308836,-1.1122167627454002e-07,-2.6898761085195804e-09,-3.1893170226266565,0.00016173103883082435,3.6228148512019236e-07,-2.278247937293673e-09,-0.2783920255446883,2.2500427348066996e-05,3.3246971316731844e-08,6.308358889240526e-10,5.512642146554028,6.187854698642761e-05,-8.034208654998282e-09,-1.1492110396736425e-10,9.887997955737482,0.00013602101901866588,3.1593920933095405e-08,-3.3456052362734567e-10,9.903540001160675,0.00013881330132824304,1.22670034926876e-08,-3.604655943916677e-10,2.997730276216664,0.00012492707306636306,8.476322720949849e-11,-1.243386519344259e-10,3.723841026273484,0.0001386002267632018,-6.271959411564564e-07,-4.5016705381675496e-10,4.8899813749275305,-2.0002863045932875,0.00015901657878264857,-5.170913519044554e-07,-1.8083653122823964e-10,6.336179791124053e-05,-5.177751416091972e-07,1.403662563303076e-09,-2.01582835001648,0.00015622429647306897,-4.977644344640223e-07,-1.5493146046392695e-10,2.989714201228428,7.77329549181846e-05,-8.157964651259835e-09,-2.588759813579052e-10,2.3802685250501523,0.00023390156691156482,-4.7140897790709516e-07,-4.0075322422319627e-10,2.3750695045901664,0.00023315905081488543,-4.774632223163542e-07,-4.004759508882303e-10,5.163433477162785,8.833184965038183e-06,-5.142484775562233e-07,1.3963448108868283e-09,7.887711651144195,8.16116375337945,0.00023388342959249214,-4.714215979656493e-07,-4.0059898150235815e-10,0.0002950375978013092,-4.854974309713555e-07,-5.15397054855561e-10,5.786283696167945,1.4683093561605742e-05,-5.681110976298599e-09,1.5837387822884205e-11,0.029900000000000003,1.2888306417507862e-05,-6.327942088434515e-08,-2.618043342187631e-10,61025.86,3.846101572332657,4.605658468458257e-05,-1.670893107527315e-05,24.25,-0.0035831849481455847,-7.841558045610657e-06,5.259953325839707e-08,0.021099999999999997,5.778214378884615e-06,-5.0368223857344984e-08,1.7551389507099346e-11,0.0058,-2.7608879093491777e-06,1.0778230580339992e-09,2.147796440488703e-11,0
2018-03-31,0.028399999999999998,8.08223249141644e-06,-5.093510485106619e-08,-1.7476297719034468e-10,0.007699999999999996,5.887732100303032e-06,1.1383982037997705e-08,-8.756524669970441e-11,-0.027899999999999994,-8.541209633840648e-06,1.9621432131557355e-08,1.9411828016803646e-10,3.87,0.00025784215095773084,-1.90936732219916e-06,-1.2192099388764198e-08,4.64,0.0008466153609880351,-7.709691183993923e-07,-2.0948624058734645e-08,2.84,0.0008082232491416451,-5.093510485106617e-06,-1.7476297719034492e-08,1.7,0.0024350530312588726,-3.3085256739739723e-06,-2.632329877185409e-08,0.054400000000000004,1.247088556214461e-05,-1.2947731886544922e-07,-3.040400731834671e-10,3.4597807057610526,2.4600313177590426e-05,-9.257649994140254e-07,5.793497409109104e-10,5.519659295915618,6.170908939994029e-05,-2.161089566836363e-08,-1.0436537728934876e-10,-3.989984546897858,-3.7287226854956086,-6.601775820203187e-05,6.326928378589325e-07,-6.771326450757619e-10,-5.995758735525408e-06,6.10918285159837e-07,-7.574625492190745e-10,4.173309766520395,0.00016812520296372106,1.256353701341871e-07,-2.7018167101274916e-10,5.009968405108552,0.00038436299170612614,-3.2390986522269394e-07,-3.088289440514851e-09,-3.1535563587475584,0.00021189450763782063,1.6389331686214913e-07,-3.5926469041167537e-09,-0.2710752511146489,3.136646214177119e-05,8.406894687941421e-08,7.616106474706598e-10,5.519767484813539,6.02488175376864e-05,-1.8826055231424807e-08,-9.710893369496656e-11,9.905340235259132,0.00013649279810315634,-1.5906572820094805e-09,-4.1443842018952586e-10,9.921523767703418,0.0001363148152063176,-2.13584778536153e-08,-4.095011892163276e-10,3.008371361060564,0.0001231106584249235,-5.963520927959283e-09,-1.2344012089371104e-10,3.7287226854956086,6.601775820203118e-05,-6.326928378589349e-07,6.771326450757652e-10,4.895602736978612,-2.0033077832431285,9.765016306259831e-05,-5.054668104427441e-07,8.213893942525636e-10,-8.579176982419917e-06,-2.487163439336792e-07,2.6406899237937534e-09,-2.0194913156874135,9.782814595943392e-05,-4.856989898711284e-07,8.164521632793352e-10,2.997730276216664,7.383138334381492e-05,-2.326287673591882e-08,-3.126175096567476e-10,2.382373156100386,0.00017243387176581055,-4.854465720563875e-07,5.113163513523991e-10,2.382264967202465,0.00017389414362806442,-4.882314124933316e-07,5.04059907758009e-10,5.163997373888552,-6.263610448175791e-05,-2.4997742547847594e-07,2.6269647068451653e-09,7.902032452016004,8.16326874709729,0.00017242435574733596,-4.854314424195638e-07,5.114226886036822e-10,0.00023414296116574808,-5.070574677247501e-07,4.069509740630684e-10,5.787326737033131,1.4118211227916178e-05,-4.985999361760375e-09,2.6845622851792486e-11,0.0333,3.1204763620798003e-06,-7.277543805787352e-08,-2.2591796690564935e-10,61458.32,3.6550784266140455,-0.0009254152044958511,-2.0799740138587407e-05,23.41,-0.004694577986088874,-3.505852670117039e-06,8.561600797527989e-08,0.0236,1.627890243528402e-06,-5.0512933762673964e-08,3.9921195091406095e-11,0.0055000000000000005,-2.5403740445017405e-06,2.546791941249832e-09,2.8229059855787237e-11,0
2018-06-30,0.0291,2.012624804417442e-06,-7.299976172717964e-08,-1.1471397196568324e-10,0.008700000000000001,6.055922364145475e-06,1.7759056845151003e-09,-7.957287702084247e-11,-0.0298,-5.193049098723595e-06,4.26397143157817e-08,1.4864635399354525e-10,3.96,4.327260051535664e-06,-3.5307949050343927e-06,-1.0177830726716762e-08,4.83,0.000609919496466084,-3.353204336582885e-06,-1.8135118428801e-08,2.91,0.00020126248044174573,-7.299976172717964e-06,-1.1471397196568347e-08,1.9,0.002022987946585092,-6.570278197311838e-06,-2.558022136431549e-08,0.0588,-2.013225495879471e-06,-1.5077407610985597e-07,-2.0029587705983567e-10,3.4541060373175574,-5.7890374227877876e-05,-7.99257771888916e-07,1.762304811958621e-09,5.529389404184368,5.7151981033942005e-05,-2.4136254359515988e-08,-6.274148861458257e-11,-3.989984546897858,-3.7378184848102785,-1.0167031912470397e-05,4.905196865317553e-07,-1.6630960009714359e-09,4.530236844305924e-05,4.6994946014708536e-07,-1.6993722309217312e-09,4.183118274275528,0.00018309470860668615,8.856140410045167e-08,-5.286410257658582e-10,5.059488948313644,0.0003544917782596753,-6.555971852379438e-07,-3.4288776521070978e-09,-3.1122660898099426,0.00021852592565418244,-2.7463617517068976e-07,-4.623018355782388e-09,-0.2701665870340535,4.096679905978744e-05,1.2450560211544114e-07,9.588600397239664e-10,5.525524649707929,5.745103335205934e-05,-2.7815924101078484e-08,-6.605809687373822e-11,9.919781728486731,0.00013278411154672292,-3.331031254981079e-08,-4.6550877476044405e-10,9.93514977211153,0.0001304532190593427,-5.0290508993098365e-08,-4.4094169812662167e-10,3.018524280763743,0.00012199357424303378,-9.027565381145047e-09,-1.5363208097288313e-10,3.737818484810279,1.016703191246901e-05,-4.905196865317591e-07,1.6630960009714526e-09,4.851548963079214,-1.9988449694009247,6.047762897243084e-05,-3.686479698815001e-07,1.5999637499660776e-09,-2.8478970721228237e-05,1.5109405050193612e-07,3.1105668061875812e-09,-2.0142130130257234,6.280852145981488e-05,-3.516677734382126e-07,1.5753966733321896e-09,3.0032042883926917,7.0896144553554e-05,-5.5221870011002456e-08,-3.425636086597224e-10,2.3915473549014385,0.0001361097594852135,-3.778220280717909e-07,1.1971964638201973e-09,2.395412109377877,0.00013581070716709652,-3.741423583302383e-07,1.20051307207935e-09,5.116236492350196,-8.242607710973876e-05,1.4566659199803108e-07,3.1061908302914097e-09,7.920936759085807,8.17246093456161,0.00013610041066394464,-3.7779267381575256e-07,1.197284320923326e-09,0.0001932617405191503,-4.019582824313082e-07,1.1344549752056541e-09,5.788521828109534,1.3858044966949535e-05,-2.6073552459146055e-09,3.559402298870934e-11,0.033,-5.476805583028241e-06,-8.629221361511249e-08,-1.9181109795486436e-10,61710.34,3.5117488959032017,-0.0030387096266266222,-2.339796052821255e-05,22.49,-0.004827024766361742,6.379396344845187e-06,1.1434000468811902e-07,0.0287,-4.200383897789225e-06,-4.471968879981038e-08,7.269587451895993e-11,0.0053,-2.216251307335526e-06,4.999338359667854e-09,3.356597687048652e-11,0
2018-09-30,0.03,-5.92706231072006e-06,-8.49847720326729e-08,-1.6369593137691743e-11,0.009,5.110897922123678e-06,-5.844310620817081e-09,-5.836676740145437e-11,-0.030799999999999994,1.2896587024564462e-06,5.887129986870353e-08,5.708361124367199e-11,3.98,-0.00047213934484648736,-4.8662385565812e-06,-4.6273954645790204e-09,4.88,3.8950447365880545e-05,-5.45066961866291e-06,-1.0464072204724447e-08,3.0,-0.0005927062310720051,-8.498477203267293e-06,-1.636959313769193e-09,2.13,0.0013840328983771015,-9.584792936143038e-06,-1.9911649927013964e-08,0.0562,-1.4759253722330474e-05,-1.775137363685575e-07,-5.6102947938198804e-11,3.4849255971928677,-0.00013012092068383842,-5.240701726915974e-07,2.818171043337375e-09,5.531173596716039,5.136802800236456e-05,-3.359419465837631e-08,-5.080114766111143e-12,-4.017383521085972,-3.7654586966986043,3.574897028416485e-05,2.508101420647893e-07,-2.5507328833123525e-09,8.645987354190046e-05,2.2344922540395708e-07,-2.5407123383394954e-09,4.207524426932059,0.0001945019740018157,3.6820314927259086e-08,-7.995878385977433e-10,5.120266676604728,0.0002994860633361594,-1.071809863954627e-06,-3.199949809694059e-09,-3.103317484233928,0.00019242436103774352,-8.879508340725988e-07,-4.955305266277866e-09,-0.26884853755553567,5.191124155678505e-05,2.0689586511471948e-07,1.1836288423637838e-09,5.53015104905668,5.4283775045915056e-05,-3.470556213764187e-08,-2.2125545207946927e-11,9.93211932327497,0.00012779445321781658,-8.03538726795754e-08,-4.616581753830201e-10,9.946756933760861,0.00012430170135274005,-9.161716135424229e-08,-4.3157221096983805e-10,3.029049643082808,0.00012217437352651724,-2.1170348271776317e-08,-1.9834722621635344e-10,3.7654586966986043,-3.5748970284166236e-05,-2.508101420647899e-07,2.550732883312371e-09,4.805501319900205,-1.9591361996443075,3.0958550499832206e-05,-1.3363595445795825e-07,2.2128032200976854e-09,2.295048305122338e-05,5.670801552222501e-07,2.6376418860556248e-09,-1.973773810130198,3.445130236491012e-05,-1.2237266578329026e-07,2.182717255684458e-09,3.0096351787229825,6.90891409979362e-05,-1.0507107811301674e-07,-3.515430118117593e-10,2.441809526914624,0.00010738497571528456,-1.8039563247914683e-07,1.7562251594807611e-09,2.442832074573983,0.00010446922867173477,-1.7928426499988768e-07,1.7732705899225965e-09,5.0661350266517164,-3.220959706914592e-05,5.62092710171724e-07,2.6511640932023524e-09,7.972983123630663,8.222722797021161,0.00010737398709414064,-1.8037087818999918e-07,1.7563102704530734e-09,0.0001587530037176446,-2.1398982713752634e-07,1.7511450447146868e-09,5.789990751469419,1.3625500460988371e-05,2.586459705075458e-09,4.170580453844033e-11,0.0313,-1.0512053011021288e-05,-1.14117994787816e-07,-1.4397927369941072e-10,62004.38,3.439352132456861,-0.006412188074281131,-2.4515500768730744e-05,22.25,-0.004225340793623239,2.119152425662913e-05,1.2696108817849022e-07,0.022799999999999997,-9.284376111303409e-06,-3.7932440545612335e-08,1.1704343593561385e-10,0.0051,-1.8004792447702848e-06,9.364233489804022e-09,3.469108567374219e-11,1
2018-12-31,0.028300000000000002,-1.587074449523267e-05,-8.089964694047845e-08,1.1323057213438725e-10,0.011100000000000004,3.9595937797026246e-06,-9.78617658541559e-09,-3.962421247564546e-11,-0.0304,8.644615609060773e-06,6.104971216832905e-08,-5.239263257886768e-11,4.02,-0.0010549702039361931,-5.223556079468148e-06,3.2555405708184365e-09,5.13,-0.0006590108259659298,-6.202173738009707e-06,-7.068806767461031e-10,2.83,-0.0015870744495232662,-8.089964694047847e-06,1.1323057213438715e-08,2.37,0.0002541051132983568,-1.140346915676585e-05,-7.607401863827095e-09,0.044000000000000004,-2.3682386823108966e-05,-1.855667579490255e-07,2.499586923546599e-10,3.342508385313476,-0.000181014324246348,-1.8579652411251202e-07,3.6519954849602307e-09,5.526368854214829,5.054773336860066e-05,-3.9004134946811595e-08,5.71705008775344e-11,-3.868006120011372,-3.611736224162615,5.410282220393234e-05,-2.949338185351715e-08,-3.2975676150884327e-09,0.00010539024270551506,-6.090701871557551e-08,-3.241820709850223e-09,4.238877712954399,0.000194239323341424,-4.539482372980173e-08,-1.0306920265562523e-09,5.140259061889761,0.00019038486656033985,-1.4678527877922842e-06,-1.7530016389784205e-09,-2.96423360649462,0.00010143187980190537,-1.4877451711702945e-06,-3.965781512539824e-09,-0.26006690541880767,6.254017069949784e-05,3.513654787575138e-07,1.3252120669913968e-09,5.5324681157771955,5.159120914355331e-05,-3.5077948628985836e-08,4.9110438479759113e-11,9.942647206133005,0.0001217816906589786,-1.4281853823784846e-07,-4.049707215343318e-10,9.955461879968022,0.0001176973589935279,-1.4971420409606824e-07,-3.81525131277726e-10,3.040705639196722,0.00012301839511329947,-4.691775592030464e-08,-2.079104219751006e-10,3.611736224162615,-5.4102822203933726e-05,2.9493381853521852e-08,3.2975676150884513e-09,4.809908297920292,-2.0920332690159906,1.8354810478512022e-05,1.2691709636157534e-07,2.6718463100665458e-09,0.00011945631313252866,8.526246960189763e-07,1.4704673770697624e-09,-2.104847942851007,2.243914214396063e-05,1.3381276221978747e-07,2.648400719809944e-09,3.0106208860477417,6.536545494401912e-05,-1.4310045270396189e-07,-2.3139717414667286e-10,2.324245082902185,8.958876776888822e-05,2.310269307053987e-08,2.209705087654681e-09,2.3181458213398187,8.854529199393383e-05,1.9176506752710037e-08,2.2177651500524693e-09,5.064438819537134,6.231659550452393e-05,8.517514465937283e-07,1.4854165420951061e-09,7.850613937117014,8.105144458733857,8.957888977200734e-05,2.3121088491513344e-08,2.2097940416459367e-09,0.0001401365011374861,-1.5901441876265437e-08,2.2668755885322416e-09,5.791274291771544,1.3322309111109265e-05,8.160177706981021e-09,4.0254358438592944e-11,0.0213,-1.2866275392663215e-05,-1.333666716060592e-07,4.330758656395494e-11,62012.66,3.239241670582601,-0.009135126845501993,-1.7140568406577992e-05,19.39,-0.002263778184491294,3.707085452041795e-05,1.065402794168592e-07,0.0191,-1.0815244187959328e-05,-2.5223806505304492e-08,1.765773036519976e-10,0.005,-1.3356298261139106e-06,1.3984944476045316e-08,2.406904636587098e-11,4
2019-03-31,0.025699999999999997,-2.5891341384682018e-05,-6.280597853940093e-08,2.410965987179453e-10,0.010699999999999998,2.839379116722457e-06,-9.838644862877018e-09,-2.79062371347663e-11,-0.0288,1.5901858722326698e-05,4.6063488607096456e-08,-1.5273390205486843e-10,3.77,-0.0017038874900238282,-4.266801402172079e-06,1.1678700203040734e-08,4.84,-0.0014199495783515821,-5.2506658884597774e-06,8.888076489564105e-09,2.57,-0.002589134138468201,-6.280597853940097e-06,2.4109659871794522e-08,2.4,-0.0012146397792526659,-1.193158626961176e-05,9.020607071785174e-09,0.0385,-4.7636458292148354e-05,-1.722209039444939e-07,7.86785023680102e-10,3.3870984572826535,-0.00018314273056244183,1.7401984697382117e-07,3.9661374650661996e-09,5.538121358755354,4.8931898786943454e-05,-2.9339012916125633e-08,1.560931940315499e-10,-3.9322257127456655,-3.689871393793999,3.522113575346319e-05,-3.417343821764477e-07,-3.707363251143287e-09,8.568457591116296e-05,-3.6467262350172534e-07,-3.565402873189043e-09,4.248923721667427,0.0001870403295140065,-1.631301829113222e-07,-1.1809730276544708e-09,5.14353315274717,7.547964377475208e-06,-1.7280382845849427e-06,1.0659102946956206e-09,-3.0386397745652673,-9.425793768958607e-05,-1.9330507399110507e-06,-1.3144802898028895e-09,-0.2512428214863415,8.924234493979058e-05,5.203433948943268e-07,1.1248441203126647e-09,5.538424223980678,4.7280618827847534e-05,-2.9672266867508994e-08,1.6269770233032938e-10,9.948358953133564,0.00011382526363489103,-1.8591017638884467e-07,-1.932043981116753e-10,9.96140540848246,0.00011007945803555991,-1.9140345771062536e-07,-1.8654334012421314e-10,3.052343088270256,0.00011993170413411649,-7.980367489168045e-08,-1.0395655282525585e-10,3.689871393793999,-3.522113575346458e-05,3.4173438217645395e-07,3.7073632511432994e-09,4.831153132123798,-2.0095638376721388,3.7993930125651555e-05,3.6451437565398986e-07,2.719594621600501e-09,0.0002331247319240219,8.98723980384078e-07,1.1875908831132607e-11,-2.022610293021035,4.1739735724980255e-05,3.700076569757606e-07,2.7129335636130585e-09,3.0170044088295307,4.187136514509429e-05,-1.69529497988993e-07,1.2570502805423942e-10,2.400673756706072,0.00010288729497359983,2.0794321218126627e-07,2.3702970294572655e-09,2.4003708914807476,0.00010453857493269402,2.0827646613264433e-07,2.3636925211585035e-09,5.079518854864381,0.0001755691582797911,9.039751347179465e-07,-2.3743067400547193e-11,7.938795115461425,8.181574990003115,0.0001028820525064339,2.079681848021528e-07,2.3703711228989905e-09,0.00015181919376053982,1.786041992651552e-07,2.526390223488838e-09,5.792190098661365,1.439427149897421e-05,1.2202399253072724e-08,2.0739634461008874e-11,0.019299999999999998,-3.1912293997484386e-05,-1.4402898397058857e-07,4.5257087180525693e-10,62342.23,1.7513965037632033,-0.011102822543755005,5.895706096975672e-06,20.86,0.0023374637904499005,4.9896148567769806e-05,4.195102299595944e-08,0.018600000000000002,-1.3002378507666706e-05,-7.572788061020634e-09,2.674745540690749e-10,0.0049,2.9804369922034044e-07,1.7305397782778635e-08,-6.457265933564514e-12,0
2019-06-30,0.0207,-3.1636774378867684e-05,-3.1748545183713564e-08,3.243861211197336e-10,0.0104,1.7729764056297987e-06,-1.0069368376938103e-08,-2.115161189826958e-11,-0.0252,2.092074681926183e-05,2.1158578185282815e-08,-2.215038130731867e-10,3.42,-0.0021954227663417126,-2.410807195769611e-06,1.8558255888147e-08,4.46,-0.0020181251257787316,-3.417744033463419e-06,1.6443094698320032e-08,2.07,-0.003163677437886768,-3.1748545183713586e-06,3.243861211197337e-08,2.17,-0.0024911131395820487,-1.0431789654008749e-05,2.4504217140978895e-08,0.0397,-7.380762212475195e-05,-1.1535968141506462e-07,1.354866685422077e-09,3.3769046890931107,-0.00014142743594703218,5.899897806424503e-07,3.568452519558972e-09,5.545724169997926,4.318002030826371e-05,-1.1568912425820798e-08,2.9966872649204137e-10,-3.9424822129128545,-3.7072361535603777,-1.0483248809502187e-05,-7.252578151075946e-07,-3.576465329292489e-09,3.4388462647145376e-05,-7.340577098508559e-07,-3.300360249936705e-09,4.261834449345476,0.00017132893411574422,-2.9713846229231933e-07,-1.1682097422348358e-09,5.14242350158936,-0.0002012234969847683,-1.6290553113482233e-06,4.683168333249764e-09,-3.061872076058536,-0.000338397294771952,-2.0664284127274293e-06,2.5579765960395817e-09,-0.24887926133217153,0.0001527073940734766,6.744508758639563e-07,3.773114229694734e-10,5.542098490612086,4.326352608927664e-05,-1.7484800284885354e-08,2.998322805981744e-10,9.957577931433,8.53794207125974e-05,-2.0538767364437512e-07,2.8491350861196294e-10,9.971329128202978,8.14745159239641e-05,-2.113630125474376e-07,2.7751469618948576e-10,3.0635099071102534,0.00010896323585880135,-1.0650707534317345e-07,1.4868788942804947e-10,3.7072361535603777,1.0483248809502882e-05,7.252578151076001e-07,3.5764653292924845e-09,4.890679297656113,-1.9885073285271468,9.643276221265145e-05,6.335070264596629e-07,2.1233420784456577e-09,0.000339608173345584,7.485492110732559e-07,-1.3143264441093514e-09,-2.0022585252971234,0.00010033766700128233,6.394823653627293e-07,2.130740890868168e-09,3.0252910757955354,1.4737254464058936e-05,-1.8318524632937549e-07,5.569209663785456e-10,2.423346432907928,0.00013863216261698585,4.3968826524111195e-07,2.1085868605655704e-09,2.4269721122937677,0.00013854865683597152,4.456041531001734e-07,2.108423306459453e-09,5.134627206372207,0.0002839610123197264,7.578788148995787e-07,-1.4581459394846879e-09,7.969070602905854,8.204245275441956,0.00013863197341751481,4.397423634114072e-07,2.108633964256269e-09,0.00018181218292524643,4.281193528153042e-07,2.4082555870576132e-09,5.793318439967056,1.6725086144796232e-05,1.5253579109241926e-08,-1.3555075872504727e-11,0.022400000000000003,-5.536547908751908e-05,-1.237452172426213e-07,9.074288881566684e-10,62793.54,-0.04262261395680298,-0.012179275628533713,3.4592318650071604e-05,21.37,0.008623557300171345,5.466630017242401e-05,-6.04468173109025e-08,0.0165,-1.4150230180821298e-05,1.3230534938198185e-08,3.725913298941439e-10,0.0048,2.8956981236744798e-06,1.800753090508452e-08,-4.9555723060497173e-11,0
2019-09-30,0.017,-3.2010071613034486e-05,1.0771636361899959e-08,3.478820540774199e-10,0.008800000000000004,1.2359375990257723e-06,-1.3159927656583583e-08,-1.7971931343087658e-11,-0.019900000000000004,2.1017163446113237e-05,-6.049936783789276e-09,-2.387792375209522e-10,3.03,-0.002302920775578852,-1.0545978428756843e-07,2.176298190880363e-08,3.91,-0.002179327015676273,-1.4214525499459257e-06,1.996578877449484e-08,1.7,-0.0032010071613034485,1.0771636361899955e-06,3.4788205407741996e-08,1.89,-0.003438269268477308,-6.4069092490521395e-06,3.6193182375295686e-08,0.044199999999999996,-8.439995636056446e-05,6.410336302234274e-08,1.7441128353467833e-09,3.3751955791231545,-6.274095178437842e-05,1.0191175749823572e-06,2.462111521364033e-09,5.548141796443577,4.0039875501025193e-05,1.7525998451728223e-08,4.4929484312371426e-10,-3.952844999948401,-3.720686133300903,-9.158872047123415e-05,-1.1621677720022936e-06,-2.7866836634951072e-09,-4.965704700256382e-05,-1.1452159403146601e-06,-2.366324269181039e-09,4.279717015849312,0.00013854667727263015,-4.2803346820504633e-07,-9.104507927203821e-10,5.1223555437066635,-0.0003966321512152204,-9.468479680228662e-07,8.15110761819969e-09,-3.1100214199561185,-0.0005851567668655703,-1.6630986376720576e-06,6.704153657659607e-09,-0.24604016403990903,0.00024035062320200187,7.413140025820164e-07,-7.901893112383616e-10,5.546855722882189,4.251220247560028e-05,1.571393487754441e-08,4.39430600929973e-10,9.971049841227302,5.3409012526337006e-05,-1.9940385607028704e-07,8.538156464713506e-10,9.984645883824001,4.8460757060508894e-05,-2.0866679030159876e-07,8.445732058241303e-10,3.0751000979052594,9.334973956108828e-05,-9.74085785298924e-08,5.001603352219652e-10,3.720686133300903,9.158872047123553e-05,1.1621677720022985e-06,2.78668366349509e-09,4.952392921159577,-1.9706466920770869,0.00017672638521753424,9.335381598675379e-07,1.0224172243033011e-09,0.0004004464597084444,5.045984579472662e-07,-2.1213509208396304e-09,-1.9842427346737868,0.00018167464068335817,9.428010940988585e-07,1.0316596649505631e-09,3.0368742168851663,2.9207839562089834e-07,-1.0600564161434328e-07,8.713565647843288e-10,2.452261352706637,0.0001900955222428443,7.166083053455271e-07,1.4269380276509468e-09,2.4535474262680257,0.00018762319526826715,7.184203689197102e-07,1.436802269844708e-09,5.191570293597799,0.00034725308583811386,5.019193735355448e-07,-2.4058825042391575e-09,8.000403149150214,8.233173736717024,0.00019009336509145242,7.166792491872427e-07,1.4269564860031998e-09,0.00023013539774387055,7.341343037972643e-07,1.8762328707746253e-09,5.794780339478191,1.865193370152035e-05,1.3915351583523253e-08,-4.6381209365164587e-11,0.027999999999999997,-6.798654401293183e-05,5.294623975545309e-09,1.2277255311435524e-09,63434.93,-1.070147383293738,-0.007397237406705302,5.639833266378601e-05,22.44,0.015605263516660172,4.537466263776803e-05,-1.7680414189097425e-07,0.0171,-1.1402223598032098e-05,5.274657379042701e-08,4.688289240752869e-10,0.0048,5.070619820335308e-06,1.1461463490626728e-08,-8.863354725864647e-11,0
2019-12-31,0.018600000000000002,-2.905673869964676e-05,5.153965833288313e-08,3.1705308207861655e-10,0.008700000000000001,9.55812897010328e-07,-1.6634146559676188e-08,-8.80091935685242e-12,-0.0205,1.698415483305006e-05,-3.16141058353196e-08,-2.103857617405313e-10,3.01,-0.0020467727449552118,2.3621504267496394e-06,2.110249573765692e-08,3.88,-0.0019511914552541767,6.987357707820186e-07,2.0222403801971648e-08,1.86,-0.0029056738699646764,5.153965833288313e-06,3.1705308207861664e-08,1.54,-0.0040313141123547395,-1.447679021643089e-06,4.291569385208319e-08,0.048499999999999995,-8.89291092608983e-05,3.3027855938717207e-07,1.8019158117638872e-09,3.41213732170049,3.391488067347251e-05,1.2812805539913593e-06,5.98082672232246e-10,5.5489593465640565,4.16872234833221e-05,6.746664640518641e-08,5.643072281786942e-10,-4.000854219134761,-3.7671451942724086,-0.00019530685447197578,-1.4851903900293576e-06,-1.1531668441104981e-09,-0.00015199805214642718,-1.4202032585463711e-06,-6.143501411614212e-10,4.296468746312235,8.957403946999732e-05,-5.245415227793805e-07,-3.9893430061850596e-10,5.169801944312609,-0.0005256637842378689,2.132407229298069e-07,1.013334332042523e-08,-3.1258409589010117,-0.0007672964249188993,-6.829656673125603e-07,9.922121832879397e-09,-0.23572233352106983,0.0003288105861959585,6.131568155067751e-07,-2.0595710110657307e-09,5.555398468889943,4.224281691635329e-05,7.102516927760805e-08,5.638404016270633e-10,9.985858516946,3.7002791072958396e-05,-8.959260668956836e-08,1.2906391552643035e-09,9.9986575861568,3.104410788694334e-05,-1.0249038977084128e-07,1.2877746281557286e-09,3.0878555624297968,7.77524705169487e-05,-2.6060587288287758e-08,8.521966162929972e-10,3.7671451942724086,0.00019530685447197716,1.4851903900293593e-06,1.1531668441104801e-09,4.975758378154847,-1.9222445763613554,0.0002478781028690209,1.0502414739395403e-06,-5.364066117723789e-10,0.0004129395236667437,2.267706967186209e-07,-2.4169657355742713e-09,-1.9350436455721551,0.00025383678605503596,1.0631392570208226e-06,-5.335420846637969e-10,3.0440461338325417,-1.435830639409108e-05,6.328522221355806e-08,1.0628899084870503e-09,2.5146545940205876,0.00024319367045865653,8.931822208447863e-07,1.8992531531323078e-10,2.5082154716947005,0.0002426380770256236,8.896236979723646e-07,1.9039214186488264e-10,5.207692953795966,0.00036183210328542825,1.8578004100048466e-07,-2.8424176375668904e-09,8.063613940584643,8.295548516225763,0.00024319807140210924,8.932325319971027e-07,1.898344088620738e-10,0.0002848808939419814,9.60648867249978e-07,7.542325434918659e-10,5.796118539191275,1.9948193669033775e-05,4.883390451614095e-09,-6.934036425633255e-11,0.0335,-7.892179239150018e-05,2.113632920697112e-07,1.2918355141753619e-09,63781.88,-2.070600217874312,0.003510860379103421,7.005213653803763e-05,22.78,0.020886589960289182,2.0023861068189483e-05,-2.691001025964692e-07,0.0229,-8.892023633292343e-06,1.0949507673951467e-07,5.260451975940151e-10,0.0048,6.693490401259467e-06,-3.242586521709682e-09,-1.1044341192725435e-10,0
2020-03-31,0.0087,-2.1430401624984666e-05,7.926307603680177e-08,2.3592248596028835e-10,0.0127,-1.0412094439179249e-06,-1.8495993820417356e-08,1.8214847303702154e-11,-0.0204,1.2002536427696799e-05,-5.073224382345132e-08,-1.6372583687388792e-10,3.02,-0.001659695863651673,4.509002352854617e-06,1.826695148682389e-08,4.29,-0.001763816808043464,2.659402970812875e-06,2.0088436217194085e-08,0.87,-0.002143040162498466,7.92630760368018e-06,2.359224859602884e-08,0.29,-0.0038338408799563468,2.959148348959699e-06,4.2772974308124474e-08,0.030299999999999997,-5.43525242873069e-05,5.497756451083434e-07,1.2205097314026193e-09,3.211649779776461,0.00019470047165459707,1.268354708950247e-06,-1.9847106992910223e-09,5.55338585064662,4.966143964200073e-05,1.3392307645445338e-07,5.936073730755044e-10,-3.7942399697717626,-3.5683985143367623,-0.0003777149862296235,-1.5622474187912238e-06,1.4361754527475887e-09,-0.00032707160828117224,-1.4335160277646367e-06,2.013170575445546e-09,4.314817884980432,2.716663221902782e-05,-5.503486724409684e-07,3.0740614966057754e-10,4.9839490288337505,-0.0004712779216056458,1.5529891171797582e-06,9.268089736552148e-09,-3.1258409589010117,-0.0008250006689806313,6.694750340617599e-07,1.0972477876849474e-08,-0.21181798753107745,0.00040296176654511077,2.851598761112711e-07,-3.0785980618813567e-09,5.553254115186731,4.777206795654673e-05,1.3388001348517976e-07,6.051340355710286e-10,9.995757524679865,2.4602416770891367e-05,1.2796382679276233e-07,1.5620069879982054e-09,10.007659397004193,1.7471072476672734e-05,1.1581806133344171e-07,1.5743859052725091e-09,3.0975720106485434,6.985265496640275e-05,9.551633208226215e-08,1.0594301462138618e-09,3.5683985143367623,0.0003777149862296242,1.5622474187912216e-06,-1.4361754527476033e-09,4.996837227308468,-2.1125411253626716,0.000380279201677762,8.839349195574769e-07,-2.6907762910852456e-09,0.00041033227875138386,-1.1559569087874845e-08,-2.5451222612312374e-09,-2.124442997686999,0.0003874105459719834,8.960806850168113e-07,-2.7031552083595734e-09,3.030616675407493,-1.782471377380357e-05,2.0147748207520398e-07,9.81924663563971e-10,2.3298305486705733,0.00035522017880665476,8.77975669895789e-07,-1.7223766761625587e-09,2.3299622841304624,0.00035710955049210664,8.780187328650657e-07,-1.7339033386580667e-09,5.2223332765800015,0.0003577344772966784,-1.0851411291515859e-07,-3.0518027411120616e-09,7.8832163993171935,8.110721576950448,0.000355244003073836,8.780109596411791e-07,-1.722628758861348e-09,0.0004048816184486576,1.0118987463502404e-06,-1.1287693030871102e-09,5.797090651789853,2.0914411031033865e-05,-6.725893560556954e-09,-7.56526251810335e-11,0.013600000000000001,-5.7134489411752416e-05,3.7511153596723247e-07,8.342263201344662e-10,62880.4,-2.3341069723695114,0.012813221098885701,6.574192162013304e-05,22.8,0.022558303373984057,-1.765619016447741e-05,-3.0038100973865185e-07,0.0154,9.727872507630174e-07,1.6828909353992233e-07,4.5739258289784667e-10,0.0049,6.6074920565298325e-06,-1.902326604980959e-08,-9.735925700540849e-11,2
2020-06-30,0.0073,-1.0334165493965923e-05,9.541302527045194e-08,1.289297833189693e-10,0.012000000000000002,-4.127980161123422e-06,-1.7650444719881104e-08,5.7590387183772664e-11,-0.017200000000000003,6.83798793271352e-06,-6.05229373237652e-08,-1.1731242081651718e-10,2.44,-0.0011824048937520068,5.9069172472439935e-06,1.4472129908775925e-08,3.64,-0.0015952029098643488,4.141872775255872e-06,2.0231168627153185e-08,0.73,-0.001033416549396592,9.541302527045196e-06,1.2892978331896928e-08,0.16,-0.002975420749362303,6.870286511854208e-06,3.768656578148694e-08,-0.0673,4.1166725062377256e-05,6.902570284626843e-07,-1.3075399063845934e-11,3.3617633124167483,0.00037245844406436426,9.732424096877466e-07,-4.655915629134972e-09,5.552184090505087,6.5709388223361e-05,2.082139821694049e-07,4.989868422366879e-10,-3.952844999948401,-3.722904742913034,-0.0005942413395899508,-1.359878732423253e-06,4.399835021389344e-09,-0.000527776772970194,-1.1589210542565643e-06,4.8916121551372214e-09,4.317754744653741,-3.715632824203771e-05,-4.907604322519744e-07,1.0502785346002304e-09,4.826151401137618,-0.00019848447789390795,2.715664780454278e-06,5.320598123130123e-09,-3.4420193761824103,-0.0006893191935385921,2.0480988809460715e-06,9.163763906864136e-09,-0.12497032716277262,0.00042734945286516756,-1.352069018145503e-07,-3.421247333080669e-09,5.549239495667466,6.541325284154797e-05,2.032211576695513e-07,5.026510955562569e-10,9.987425954437205,2.843277822256879e-05,3.2295237060643047e-07,1.489378127550761e-09,9.99976589987861,1.924971278550458e-05,3.1408310897224047e-07,1.5263476412233021e-09,3.090801094011876,8.370249179639813e-05,2.349749398181364e-07,9.669340170760036e-10,3.722904742913034,0.0005942413395899516,1.35987873242325e-06,-4.399835021389353e-09,5.047193689499105,-1.9467664668704294,0.0005286522331253436,5.46165929564829e-07,-4.8389346143398635e-09,0.00040154659922907036,-1.8116081341997818e-07,-2.6936780390822606e-09,-1.959106412311835,0.0005378352985624085,5.550351911990251e-07,-4.875904128012435e-09,2.9486406660201405,2.8216216856150057e-05,2.8520261030398496e-07,4.5460495331938966e-10,2.488475397061688,0.0004913756231245521,6.609043180018571e-07,-3.848543329025798e-09,2.4914199918993094,0.0004916717585063634,6.658971425017157e-07,-3.852207582345357e-09,5.273037242284686,0.00033714957338046027,-3.399142110297517e-07,-3.1487411888675163e-09,8.040659487566776,8.269398276660898,0.000491401178650741,6.609290646241895e-07,-3.848824623570414e-09,0.0005570850113479131,8.691183001712505e-07,-3.3495564867891467e-09,5.803688139631063,1.9529590161314338e-05,-1.5403792115890522e-08,-5.3103818949786257e-11,-0.07400000000000001,1.6732156020110414e-05,4.731037572262844e-07,-1.41222027608875e-10,57546.88,0.5643859367986124,0.01867916641215086,3.217472555137002e-05,31.29,0.01905361154407482,-5.7216876285971014e-05,-2.528265043827882e-07,0.006500000000000001,2.3334246081787065e-05,2.275469101302138e-07,2.129845254620737e-10,0.0104,2.8612904320673366e-06,-3.0888904636621515e-08,-4.002385696212544e-11,2
2020-09-30,0.0068000000000000005,-1.2763375119651867e-07,1.0048462923482073e-07,3.3729097335368804e-11,0.010499999999999999,-6.422656371642951e-06,-1.0318461093438648e-08,9.198929426084934e-11,-0.016099999999999996,1.0426260333377263e-06,-6.49159425950618e-08,-7.217884178654761e-11,2.31,-0.0005551423444668773,6.732222664013426e-06,9.716410914954378e-09,3.36,-0.0011974079816311732,5.7003765546695515e-06,1.8915340341039324e-08,0.68,-1.2763375119651671e-05,1.0048462923482073e-05,3.37290973353687e-09,0.11,-0.002073646205309925,1.006177701452818e-05,3.23263773937484e-08,-0.0006,0.00013854919384700165,6.714178616440411e-07,-1.367531579493326e-09,3.4288125486951286,0.0004732587962101721,3.429392404913641e-07,-6.467779886084868e-09,5.561757974626783,8.801991670564432e-05,2.666274718914284e-07,2.832019618117474e-10,-4.045554398052668,-3.8271865139146324,-0.0007374620665831846,-7.660476804550158e-07,6.695127513732844e-09,-0.000649237457145501,-5.062805683672808e-07,6.985449094588835e-09,4.294151248171873,-8.401053172881479e-05,-3.3563886533204133e-07,1.613445458285531e-09,4.806395273201279,0.00019582148019620034,3.1921307013627323e-06,-6.085311877382423e-10,-3.533586569707901,-0.0003703782850093762,3.0207402311079896e-06,4.76672879458086e-09,-0.03668145929582024,0.00037562612479133194,-5.49365206062122e-07,-2.8640912213269063e-09,5.56067009248742,9.003208963302909e-05,2.6534107351530683e-07,2.741557237464879e-10,9.901399924957262,8.911941458801253e-05,4.6351426262567576e-07,8.76125023704405e-10,9.910274518886904,7.886001077090504e-05,4.5815807451110404e-07,9.305539957459643e-10,3.0842165189564597,0.00012126892580267349,3.5710399161838033e-07,5.622433578593385e-10,3.827186513914633,0.0007374620665831846,7.660476804550138e-07,-6.695127513732844e-09,5.098460239070993,-1.7800621628707571,0.0005643321202663549,-3.31054475027107e-08,-5.9578070791516696e-09,0.0003786458398323103,-3.8544294151165853e-07,-2.836618117536969e-09,-1.788936756800399,0.0005745915240834652,-2.774925938814547e-08,-6.012236051193277e-09,3.0233474405869645,8.604901347319324e-05,3.35686271583984e-07,-2.302352173201684e-10,2.5595797874597217,0.0005654316181487242,1.6378134323153336e-07,-5.364884017259018e-09,2.560667669599084,0.0005634194452213383,1.6506774160766019e-07,-5.355837779193758e-09,5.3243510232001965,0.0002923679509348687,-6.009381478994936e-07,-3.1049813160797506e-09,8.121337762086505,8.340489425245813,0.000565446217174835,1.6375193898872262e-07,-5.3650725423166414e-09,0.0006534515348543671,4.3040881512294576e-07,-5.081682055447281e-09,5.80432138503481,1.605413038520548e-05,-2.0510373640872248e-08,-7.280842352577653e-12,-0.013600000000000001,8.846412196843595e-05,4.4173701810242457e-07,-1.1460947309382001e-09,61975.3,4.341092160338053,0.022192245557915755,-1.2860329653517405e-05,34.27,0.010295118137829056,-8.408333826800475e-05,-1.308751588649781e-07,0.0137,4.9553273004545936e-05,2.591810552349966e-07,-1.6601088485723544e-10,0.0096,-2.5973048291143293e-06,-3.479482071258714e-08,3.9302112740993595e-11,3
2020-12-31,0.009300000000000001,8.95981099697524e-06,9.463100922635714e-08,-4.03155140560664e-11,0.009000000000000003,-7.458996605417258e-06,3.895856053964069e-09,1.0787483468246424e-10,-0.0158,-5.553041544510893e-06,-6.997181968960668e-08,-2.6439670994491667e-11,2.26,0.00018613602553565548,7.477609664139082e-06,4.2005417845080985e-09,3.16,-0.0005597636350060727,7.867195269535484e-06,1.4988025252754558e-08,0.93,0.0008959810996975248,9.46310092263571e-06,-4.031551405606655e-09,0.09,-0.001160672436384624,1.2266434623036466e-05,2.7496902894965258e-08,0.006999999999999999,0.00020596624887560334,3.9164600925862586e-07,-2.4306996681666947e-09,3.5195728343974766,0.0004812273318491149,-5.533055881323904e-07,-6.777646946097478e-09,5.562487691413844,0.0001178794559623289,2.8216958554315736e-07,-5.0441549213201685e-11,-4.147745338949216,-3.931233165160825,-0.000792255204209967,1.979369469896482e-07,7.599258884852049e-09,-0.0006757539589595178,4.7400159868907613e-07,7.57220981388561e-09,4.283586561860629,-0.00010947287093024463,-1.0732818126238278e-07,1.8686986646103815e-09,4.763113664054046,0.0006275241799685839,2.6987284502703096e-06,-6.77030784897766e-09,-3.6690768268177565,6.134422965739864e-05,3.2799720181133337e-06,-1.0696952575056767e-09,-0.01308523954865548,0.00027726965483169664,-8.495616929330043e-07,-1.6469413633790596e-09,5.568516244737962,0.00011840906232772828,2.8661734702006835e-07,-5.406347546866646e-11,9.985271988673484,0.0001678734060055101,5.587627561319624e-07,8.122840106431101e-12,9.994806550888745,0.00015818282099296365,5.601578149446006e-07,6.333401625413004e-11,3.095125017432026,0.00016887548444446677,4.075341974443342e-07,-1.8807659740599776e-11,3.931233165160825,0.000792255204209967,-1.9793694698964965e-07,-7.599258884852042e-09,5.119694709589429,-1.7704522616520288,0.0005149089272742091,-8.640278843839932e-07,-5.738683060348033e-09,0.0003510304515060396,-6.943371924622207e-07,-2.8750835688327947e-09,-1.77998682386729,0.0005245995122867587,-8.654229431966351e-07,-5.793894236495774e-09,3.0344721018699214,0.00011340466431569927,2.735911901140284e-07,-7.151849972233475e-10,2.65233203560761,0.0005649028773173911,-5.874347137951899e-07,-5.680118671028403e-09,2.6463034822834923,0.0005643732709519924,-5.918824752720958e-07,-5.676496744772947e-09,5.338101611384427,0.00023952695434814944,-9.356181495841969e-07,-2.878167169317693e-09,8.214819727021455,8.433226628816453,0.0005649177926661614,-5.875118891867422e-07,-5.680215119329081e-09,0.0006827823332797176,-3.052651282520468e-07,-5.730560220241587e-09,5.804803588714929,1.3134671854500568e-05,-1.9440421333475454e-08,3.943887014390969e-11,-0.0092,0.00013098796282228392,2.0105672772603293e-07,-1.8250686112765767e-09,62647.04,6.277003192949996,0.01837544641606321,-4.616776978971851e-05,39.26,-0.002278581600304036,-9.038725071658725e-05,3.50500503102452e-08,0.013600000000000001,7.8990924922597e-05,2.2483346835209107e-07,-6.352990597250612e-10,0.0087,-6.853346957572709e-06,-2.464805083631148e-08,1.0953238604647817e-10,3
2021-03-31,0.0161,1.71366573153041e-05,8.557809015826539e-08,-1.0140603908784077e-10,0.007000000000000002,-6.505212328397061e-06,1.899336499509926e-08,9.403682461820408e-11,-0.022700000000000005,-1.1766025756782346e-05,-7.487964936279233e-08,2.3405195904666377e-11,3.04,0.0008650228431608915,8.004507892061937e-06,-1.7884197606494626e-09,3.74,0.00021450161032118207,9.903844391571863e-06,7.615262701170988e-09,1.61,0.00171366573153041,8.557809015826535e-06,-1.0140603908784088e-08,0.03,-4.296091293539547e-05,1.4321853867323934e-05,2.0577181028722663e-08,0.042699999999999995,0.00025187551186255693,-7.560990333356474e-09,-2.9495690196247735e-09,3.5564902660681907,0.00038055345211889386,-1.4046454227033045e-06,-5.274124634065542e-09,5.5792768932389905,0.00015399463110476742,2.5954001683836416e-07,-4.4917043033465677e-10,-4.219907785197447,-4.015668535525195,-0.0007385067800078561,1.1783786822083248e-06,6.652181025379062e-09,-0.0005862813319601319,1.4343825081512774e-06,6.23300942493286e-09,4.25575454373095,-0.00011116736141241062,1.1545622796375515e-07,1.7572471624817843e-09,5.055226177424131,0.0009354838641464726,1.439442408891933e-06,-1.1036011767704729e-08,-3.417326763592039,0.0004604485203945838,2.7604167710858004e-06,-6.563245961303526e-09,-0.006250371447275865,0.00016758073137242133,-9.266175222458288e-07,-1.9737563624000884e-10,5.579582645344362,0.00015199348650626055,2.606686677791598e-07,-4.4103152053672645e-10,10.002751723187458,0.00021927791364927812,5.150015159688646e-07,-7.335149394995345e-10,10.01133849450638,0.00020997248029435144,5.25128298294203e-07,-6.853906256573514e-10,3.1131670878810205,0.00021726435784002047,3.547733557797967e-07,-6.17644882851426e-10,4.015668535525195,0.0007385067800078561,-1.1783786822083256e-06,-6.652181025379057e-09,5.138884836771033,-1.7313286439313151,0.00040806150494616597,-1.5779239702134253e-06,-4.161418923397705e-09,0.0002974336826945506,-1.035861374269498e-06,-2.4178136008399195e-09,-1.739915415250235,0.0004173669383010909,-1.58805075253877e-06,-4.209543237239884e-09,3.0483247236731614,0.00013360535913205934,1.0207828185816755e-07,-9.831230415450746e-10,2.6921461860171525,0.00047334478749067597,-1.3224624710829245e-06,-4.445763432562565e-09,2.6918404339117816,0.0004753459320891832,-1.3235911220237175e-06,-4.453902342360506e-09,5.346319055051031,0.00015944931352675147,-1.2552061411644525e-06,-2.123602887905268e-09,8.271423079256143,8.473067830116166,0.0004733544559979277,-1.3225235990723472e-06,-4.4457156447569075e-09,0.0006273394185954392,-1.062922454244567e-06,-4.894933862897178e-09,5.8045323777563445,1.1322128693759536e-05,-1.042550091814986e-08,7.344646317773407e-11,0.018000000000000002,0.00015473352896913303,-1.1271444042847459e-07,-2.0035065396501044e-09,63539.13,7.68398674755174,0.0073282084685960674,-6.526610742080074e-05,30.5,-0.013597184202263728,-7.554157473298626e-05,1.880569790163491e-07,0.0262,0.00010865958365754225,1.3327583838248506e-07,-1.087307560979168e-09,0.0075,-9.668487981908316e-06,-3.8796819182051685e-09,1.5043992366760379e-10,3
2021-06-30,0.0152,2.4049913141603408e-05,7.607649834056982e-08,-1.5253229294902534e-10,0.006499999999999999,-3.067324129639299e-06,2.9716317279886316e-08,4.6359325648985384e-11,-0.0207,-1.8460133098715774e-05,-7.3179652570738e-08,8.837082770988378e-11,2.79,0.0015708995751245792,7.725600723598601e-06,-8.938627223961257e-09,3.44,0.0012641671621606467,1.069723245158724e-05,-4.302694659062686e-09,1.52,0.00240499131416034,7.607649834056977e-06,-1.5253229294902536e-08,0.04,0.001347763724745764,1.6676782658574425e-05,9.315806246189196e-09,0.17370000000000002,0.00021817996586266314,-3.5361550352569523e-07,-2.571544347804315e-09,3.6027767550605247,0.00016488790700329366,-1.9459778304231636e-06,-2.1054936495199365e-09,5.604698516432302,0.00018021590149486789,2.018117188963815e-07,-7.701461893404506e-10,-4.290359446148058,-4.1175660350505865,-0.0005370886516082307,1.878909015868017e-06,3.7288796941086836e-09,-0.00035879392034926863,2.0830436380410793e-06,2.986358889721897e-09,4.234396317669857,-7.903045617091709e-05,2.8146539329673106e-07,1.2600293450198057e-09,5.243597154347804,0.000983985383095716,-1.9651281870786655e-07,-1.1815011611716164e-08,-3.283414346005772,0.0007039341277503705,1.6049743447646041e-06,-1.0087978667269317e-08,-0.018536022433645376,6.321720553379573e-05,-7.964043385986534e-07,1.1176238277682301e-09,5.60084125236895,0.00017982564748317346,1.9637399065532798e-07,-7.696156074028286e-10,10.029269312930433,0.00026658039597808744,3.271647327764711e-07,-1.3008018746607131e-09,10.03721252642259,0.00025791073696225243,3.4150581946969043e-07,-1.2694992344526306e-09,3.1522539732307027,0.0002561332876979239,2.3189588509750194e-07,-1.06544063490895e-09,4.1175660350505865,0.0005370886516082307,-1.878909015868017e-06,-3.7288796941086794e-09,5.18069350709462,-1.6773069602099884,0.0001914777994592269,-1.9246083553477414e-06,-1.1680484744281515e-09,0.00017502057556079836,-1.333292204544166e-06,-1.0324055254522866e-09,-1.685250173702145,0.0002001474584750605,-1.9389494420409762e-06,-1.19935111463622e-09,3.0652583362026014,0.00014115188691574688,-4.206278867295813e-08,-9.8637398289965e-10,2.747263836288142,0.00027784229394244573,-1.7992553414676538e-06,-1.6987041597484013e-09,2.7511211003514946,0.0002782325479541409,-1.7938176132266003e-06,-1.6992347416860308e-09,5.365785291371583,1.2743459098308457e-05,-1.498702266326744e-06,-4.724056092842674e-10,8.351962352720443,8.52818852062284,0.0002778339006496475,-1.7992835832744087e-06,-1.6984669927337718e-09,0.00045805819543730806,-1.5974436225712737e-06,-2.468850349088794e-09,5.805134968916488,1.0761511047094329e-05,1.6168022045268674e-09,8.859376125217682e-11,0.12390000000000001,0.00011296606068862127,-3.42047298629198e-07,-1.4460362629905327e-09,64580.87,8.20416874043807,-0.0023919309261726147,-6.658814483489277e-05,26.7,-0.01969554062844624,-4.2299933731607166e-05,2.796813802594517e-07,0.053899999999999997,0.0001197318456950217,-4.343676579352136e-09,-1.3311614909918737e-09,0.0014000000000000002,-8.84619143787264e-06,1.6975366414625224e-08,1.4324426487828264e-10,1
2021-09-30,0.0137,3.0601280161430676e-05,6.189193316905759e-08,-1.9818552406341822e-10,0.007000000000000002,1.399940103178623e-06,3.241828685890911e-08,-2.0941559191923948e-11,-0.019000000000000003,-2.6609082283888835e-05,-6.199306727495651e-08,1.668295286074411e-10,2.53,0.0024176156215091333,6.511600457846528e-06,-1.6953157108216092e-08,3.23,0.002557609631826995,9.753429143737449e-06,-1.9047313027408473e-08,1.37,0.003060128016143066,6.189193316905753e-06,-1.9818552406341805e-08,0.04,0.0030390971443088255,1.8257860633559046e-05,-7.2782766981293505e-09,0.105,0.00012606393302849435,-6.17468590202918e-07,-1.4491237451086987e-09,3.627535823872884,-9.961192028928798e-05,-1.9924609881319333e-06,1.855298696561854e-09,5.614258853713599,0.00019221206702744464,9.525300705709072e-08,-9.263889725778732e-10,-4.319991243754429,-4.151161383334362,-0.00025675354402617396,2.126653812671142e-06,-3.6841222115774425e-10,-6.648922488901519e-05,2.2284386230925156e-06,-1.2757037466551672e-09,4.248495242049359,-2.9504602207673648e-05,3.822508300010128e-07,5.362367192539338e-10,5.333539712257798,0.000810579974110532,-1.6805630466488773e-06,-9.115300927952632e-09,-3.233989462678249,0.000774138710486761,1.6318470383972856e-07,-1.0928807738782005e-08,-0.03251662405039576,-7.642123264228659e-06,-5.64309148401103e-07,1.9324151109645432e-09,5.612799585277634,0.00019461391691199883,9.285173346123391e-08,-9.389713986728327e-10,10.061597953737355,0.0002976308821609236,1.3557284588212138e-07,-1.5743022766008155e-09,10.06702703359396,0.0002912789472292399,1.5042524788295926e-07,-1.5766038294994972e-09,3.192356092243449,0.00026910457098715604,8.533875248484723e-08,-1.201450912806261e-09,4.151161383334362,0.00025675354402617396,-2.126653812671142e-06,3.684122211577492e-10,5.222062845926505,-1.6619413283536342,-7.038194034242294e-05,-1.879975828552242e-06,2.478951217012489e-09,2.8133009281547383e-06,-1.4795514581004343e-06,1.1083044066010255e-09,-1.6673704082102387,-6.403000541073747e-05,-1.8948282305530835e-06,2.4812527699111745e-09,3.073618812211062,0.00011927609961573244,-1.1775280208366379e-07,-6.321948237838585e-10,2.785397771670122,3.503687479105809e-05,-1.8396559897272052e-06,1.8310379129895342e-09,2.786857040106086,3.26350249065039e-05,-1.8372547161313496e-06,1.8436203390844926e-09,5.3841660473652535,-0.00017199693169545408,-1.5744009085974558e-06,1.8110608485087145e-09,8.39965662538372,8.566309016838002,3.502425606663334e-05,-1.8396586558687189e-06,1.8313127183716963e-09,0.00022724894181849753,-1.7444029826701132e-06,9.046489404117117e-10,5.8065797079108625,1.1898753492442516e-05,1.1903868347535199e-08,7.941496342659456e-11,0.051500000000000004,3.0250483640159276e-05,-4.6966393743701524e-07,-3.709471252799424e-10,65020.52,6.820321530195633,-0.007848951605684357,-4.431636089750563e-05,25.35,-0.021157186366805872,-1.3048392528363452e-06,2.961696187083959e-07,0.053899999999999997,0.00010940091283307755,-1.7779541439774365e-07,-1.2745807323782573e-09,0.0023,-4.195939567875394e-06,3.2522612646175e-08,8.788021574916555e-11,1
2021-12-31,0.0147,3.7151460226691674e-05,4.1333747676983586e-08,-2.39516643528492e-10,0.006499999999999999,5.402502867628896e-06,2.5136778273275084e-08,-8.457669152683918e-11,-0.0201,-3.398886313200076e-05,-4.164374732138853e-08,2.3351139006739717e-10,2.65,0.003164653563844524,4.457551072615027e-06,-2.338100391592397e-08,3.3,0.003704903850607414,6.971228899942545e-06,-3.1838673068607905e-08,1.47,0.0037151460226691664,4.133374767698356e-06,-2.3951664352849187e-08,0.06,0.00500819193049855,1.7460414109202525e-05,-2.861297469964412e-08,0.1234,4.485646078451152e-05,-7.069102989663346e-07,-1.9424744590020866e-10,3.6457109587125576,-0.0003374018242588976,-1.4895818412836514e-06,5.424731260817307e-09,5.630494678886369,0.00019789826835244287,-3.140684977061488e-08,-9.333998430713717e-10,-4.350527967614511,-4.198586931619805,2.3776745265997877e-06,1.8038939686834636e-06,-4.297934150725048e-09,0.0001999400340904671,1.7791829335308536e-06,-5.231196367423657e-09,4.251348311031766,1.3947870416636254e-05,3.9377617246537886e-07,-1.5322146798138193e-10,5.438035829717119,0.0004948917352083978,-2.465222586310103e-06,-4.169851663633163e-09,-3.1629681929299047,0.0006810634195833227,-1.0803761241766462e-06,-9.245781572412883e-09,-0.028399474521698,-3.4324430990295636e-05,-3.020075357375296e-07,2.0928932144894903e-09,5.637802915722226,0.0001983696735269415,-2.7369936034546962e-08,-9.359236222510968e-10,10.08507463133381,0.0002905686847126873,-1.7139735065682162e-08,-1.393835922440374e-09,10.090460607651933,0.0002867761522547141,-2.49407479125381e-09,-1.430827778842141e-09,3.21124679770371,0.00025903301299244825,-5.5811117044989126e-08,-1.0314605159214291e-09,4.198586931619805,-2.3776745265997877e-06,-1.8038939686834636e-06,4.297934150725055e-09,5.238688444947861,-1.63513938868224,-0.00027899848882264667,-1.3929780611524028e-06,5.538548605184006e-09,-0.00017088805253915527,-1.2881716277521001e-06,3.4524695296077335e-09,-1.6405253650003613,-0.0002752059563646773,-1.4076237214268244e-06,5.5755404615858065e-09,3.09058780456667,8.767801115674017e-05,-1.532502685952782e-07,-1.4122860442009366e-10,2.819440563765202,-0.0001863280724624019,-1.3787109464474597e-06,5.0781125258149945e-09,2.8121323269293446,-0.00018679947763690087,-1.3827478601835276e-06,5.0806363049947225e-09,5.389097496086982,-0.0003467392408548979,-1.2993220371325016e-06,4.157204672797638e-09,8.44993524265157,8.600344293790691,-0.00018633083892550945,-1.3786710632225164e-06,5.0782448053243295e-09,1.1570195890038548e-05,-1.410117796218067e-06,4.14471268274365e-09,5.807962293565865,1.4191080470488115e-05,1.9003909697919117e-08,5.2372398127074036e-11,0.0576,-2.9276980703807197e-05,-4.3779510907801465e-07,6.236987026867508e-10,66043.34,4.743135604343763,-0.010505706712497514,-1.2247811455325781e-05,23.63,-0.018310718212571096,3.153281682578438e-05,2.4423191442926356e-07,0.0704,8.43053053751494e-05,-3.284938438289769e-07,-9.348062021549244e-10,0.0032,1.0238764160380426e-06,3.8664146456452015e-08,1.371250970626283e-11,1
2022-03-31,0.0213,4.109387692142484e-05,1.4737633959049885e-08,-2.6385591097973447e-10,0.008599999999999998,7.894648165903917e-06,1.0510597229815551e-08,-1.2496691468542949e-10,-0.0288,-3.740299010742496e-05,-1.2427395203499855e-08,2.6400082948017116e-10,3.43,0.0035256924418114134,1.5778709828447313e-06,-2.605257194707859e-08,4.29,0.004315157258401806,2.628930705826295e-06,-3.854926341562157e-08,2.13,0.004109387692142482,1.4737633959049917e-06,-2.638559109797343e-08,0.44,0.006976178505577071,1.3419956071210717e-05,-5.110893766579844e-08,0.1133,-2.6027627211123147e-05,-5.737352173341007e-07,8.609108613392526e-10,3.5342703358865175,-0.0004864939807542483,-6.271938981437375e-07,7.534841736358188e-09,5.661222860237405,0.00019154706853160287,-1.2437080499526128e-07,-7.786130723417533e-10,-4.261580481598014,-4.141023672378507,0.00018641117364565085,1.0177850697982792e-06,-6.9132490407524115e-09,0.00037923135385739895,8.989543371658606e-07,-7.713848978641532e-09,4.246350085702971,5.0172864045840146e-05,3.1113416521477333e-07,-6.561535916943515e-10,5.40748562354869,0.00013991656910278884,-2.4241751261976414e-06,1.2464643311455251e-09,-3.0988730324735045,0.0004679036486060148,-1.8360793723546392e-06,-5.7966622180742616e-09,-0.023958653866461448,-3.809292782019248e-05,-7.362271064606037e-08,1.78654058248182e-09,5.661827894558525,0.00018881940390479273,-1.2413329426022588e-07,-7.645338175619124e-10,10.119147168940593,0.00026503819639451116,-1.4782671946090112e-07,-9.513666933956779e-10,10.125792432263617,0.000262056887375911,-1.3802611519483535e-07,-1.0079156235444351e-09,3.2268863264796144,0.00024169951387239402,-1.5239395842646337e-07,-7.05814964467733e-10,4.141023672378507,-0.00018641117364565085,-1.0177850697982792e-06,6.9132490407524165e-09,5.229926933132137,-1.7317734108591145,-0.00040127650599431806,-5.588241851226011e-07,7.208462142453703e-09,-0.00031831575890966314,-7.345703049433497e-07,5.4240064409274416e-09,-1.73841867418214,-0.00039829519697572177,-5.686247893886707e-07,7.2650110726024954e-09,3.0878555624297968,7.203100772734741e-05,-1.3340896962671957e-07,2.022167273808653e-10,2.7261508978440734,-0.00032778537813140974,-5.822800995882443e-07,7.035708521399761e-09,2.725545863522953,-0.0003250577135045996,-5.825176103232772e-07,7.021629266619923e-09,5.36933829892304,-0.0004907386677873132,-6.690659951515845e-07,6.038508578214773e-09,8.387373758081479,8.5070458811639,-0.00032777859303031174,-5.822109697539255e-07,7.035671589892962e-09,-0.0001362383095998093,-7.06650904583492e-07,6.257095449058022e-09,5.808952972261741,1.6529704775045118e-05,2.1787644728776985e-08,2.1292287477083152e-11,0.0403,-6.590856164365614e-05,-2.3526387570613672e-07,1.2424497369590019e-09,65810.52,3.6056397413448167,-0.009433995690577839,1.1301596175526251e-05,22.19,-0.012084103997610488,4.957643186157771e-05,1.4477865716371503e-07,0.08539999999999999,3.96653123199746e-05,-4.0398491207443675e-07,-3.528822623726157e-10,0.0044,5.193917588930248e-06,3.241985521301137e-08,-5.170477637127311e-11,4
2022-06-30,0.031400000000000004,4.142796939899559e-05,-1.491087410152523e-08,-2.541708434543465e-10,0.010299999999999993,7.780219116692264e-06,-6.619128291416132e-09,-1.3059707500077793e-10,-0.0363,-3.655068878555842e-05,1.947925509430898e-08,2.4735009630393835e-10,4.24,0.0034727291249350527,-1.5370073260100267e-06,-2.4125508451241056e-08,5.27,0.004250751036604281,-2.1989201551516394e-06,-3.718521595131889e-08,3.14,0.004142796939899556,-1.491087410152517e-06,-2.5417084345434636e-08,1.49,0.008457975500852328,6.647673182813411e-06,-6.8083258913719e-08,0.10400000000000001,-8.149176693613241e-05,-3.6836470094721397e-07,1.5365421792246914e-09,3.3690184832979204,-0.0004722491218889825,3.5876714704607574e-07,7.571939168110686e-09,5.691406203588145,0.00016702858102186148,-1.8027258586891045e-07,-4.627239878535893e-10,-4.110473944151985,-4.019824476110291,0.00022631387404344478,2.827513284227098e-08,-7.538853848856804e-09,0.00039486299283788135,-1.496958262112761e-07,-8.033942854600494e-09,4.248638088989106,7.857371088691376e-05,1.8690099750533525e-07,-9.139379246337166e-10,5.348344860147685,-0.00011394830111193591,-1.775533885886938e-06,5.282357079735855e-09,-3.009831197933493,0.00020143235232656376,-2.1119410331879788e-06,-1.8198034949337778e-09,-0.034926152904136115,-3.136243986646451e-05,6.396057956263618e-08,1.2607822184229699e-09,5.686829583003539,0.00016629023995429134,-1.85920952444643e-07,-4.5770851440529216e-10,10.136595177183334,0.0002461306761257456,-2.1577421175488466e-07,-5.237341390091695e-10,10.141525115344292,0.00024374334069135055,-2.1615346737874394e-07,-5.894250923939472e-10,3.2495234094159495,0.00022188177084997776,-1.8273482835056112e-07,-3.4509327702126696e-10,4.019824476110291,-0.00022631387404344478,-2.8275132842269286e-08,7.538853848856811e-09,5.114407067288268,-1.868132612083938,-0.0003938708392822777,3.7440007641794996e-07,7.148650063232259e-09,-0.000383686345112972,3.4152311898667165e-09,6.303312408033281e-09,-1.873062550244895,-0.00039148350384788055,3.747793320418073e-07,7.214341016617029e-09,3.089677886396519,6.644104073836449e-05,-6.69810204862286e-08,3.557377174858306e-10,2.5770563615112514,-0.00031476874417838763,3.388984505319677e-07,7.087639912076634e-09,2.5816329820958583,-0.00031403040311081787,3.4454681710770336e-07,7.082624438628334e-09,5.233544870035931,-0.0005470813035010243,1.1836497816081401e-07,6.754700025137375e-09,8.268462565099398,8.357962965845681,-0.0003147534029927665,3.3894162429202255e-07,7.087459929761607e-09,-0.00014774016315652894,1.5862586466306733e-07,6.624915924223044e-09,5.810601925550271,1.8817085330985472e-05,2.0861550562108065e-08,-6.537354996806383e-12,0.0245,-7.89961233573048e-05,-1.7836445154451966e-08,1.3928553069559043e-09,65805.45,3.125664030775181,-0.005259773444776554,2.2699620541853512e-05,20.28,-0.004940166534107815,5.5276031594186276e-05,3.7039597809106875e-08,0.0906,-1.3961018836791326e-05,-4.029321799019761e-07,3.207402209639783e-10,0.0055000000000000005,8.076950980659292e-06,1.9471664112372942e-08,-9.512186738566901e-11,4
2022-09-30,0.0352,3.750875779681498e-05,-4.180249856844096e-08,-2.0216426158374937e-10,0.011000000000000005,5.622590293437692e-06,-2.1533182195577396e-08,-1.0153176795113273e-10,-0.039900000000000005,-3.1786071834729595e-05,4.5198138327287274e-08,1.8082128415607496e-10,4.59,0.003041986021186904,-4.036801907391705e-06,-1.7499233067426703e-08,5.69,0.003604245050530676,-6.190120126949451e-06,-2.7652409862540013e-08,3.52,0.0037508757796814963,-4.180249856844091e-06,-2.0216426158374932e-08,3.13,0.00876684712619765,-1.6611782908198607e-06,-7.243571361735489e-08,0.09820000000000001,-9.415616435311209e-05,-1.7986761684687727e-07,1.6182207404531602e-09,3.340385242265398,-0.0003436884078572053,1.225816307796751e-06,5.7347506165662005e-09,5.6930922034480105,0.00013875504242047074,-2.1136807089082104e-07,-1.1783057328411815e-10,-4.074541934925921,-3.9889269130562353,0.00014612787104456917,-8.738825028596226e-07,-6.14324508776537e-09,0.0002857445519539988,-1.0885998506240622e-06,-6.291275225425848e-09,4.267036570040212,9.094361493601904e-05,7.416769806730558e-08,-8.747484070924905e-10,5.319344733740112,-0.00021301326711427107,-8.190235072202743e-07,6.902734838850387e-09,-3.024131748075689,-1.7942158980713968e-05,-1.9781296007316615e-06,1.4980366416852848e-09,-0.04655622317932963,-1.4467652894891314e-05,1.2378548724246923e-07,6.745883296318409e-10,5.691537813839762,0.00014095201160500213,-2.117641813355814e-07,-1.2757530662942133e-10,10.160502612408063,0.00022513534574924028,-2.1450127100697143e-07,-1.5850452190837898e-10,10.166868838123811,0.00022299044600554012,-2.232813953078144e-07,-2.199316277496804e-10,3.2721746402944007,0.00020087049943927557,-1.7322248823462144e-07,-2.992885069935681e-11,3.9889269130562353,-0.00014612787104456917,8.738825028596251e-07,6.1432450877653795e-09,4.994997283343271,-1.9045391293116147,-0.0002803196018577907,1.1625514719338919e-06,5.427001202581263e-09,-0.00031897828090421686,7.639503922130655e-07,5.634439018652329e-09,-1.910905355027363,-0.0002781747021140896,1.1713315962347458e-06,5.488428308422559e-09,3.0969341540629585,6.782419721331895e-05,-3.683999543269327e-09,3.534749810898234e-10,2.562871279648437,-0.0001939392985290188,1.1594182718177406e-06,5.386327253956985e-09,2.564425669256686,-0.00019613626771354878,1.1598143822625025e-06,5.396071987302274e-09,5.093655602017517,-0.00046610113858522247,9.073879456081455e-07,5.869031487848589e-09,8.255963483096448,8.343789353307049,-0.0001939170238803453,1.1594059618077812e-06,5.386038874334149e-09,-5.5184256108548044e-05,9.480502009269252e-07,5.268496680672844e-09,5.812756453883862,2.0607045878598407e-05,1.828322646005687e-08,-2.7856636996656024e-11,0.0235,-5.382135493838552e-05,1.239063701041579e-07,1.0090010336849188e-09,66137.92,3.138610638981606,-0.001104941855170554,2.366108970281087e-05,20.58,0.0002716890093931834,5.0353406730543055e-05,-4.552170801638665e-08,0.08199999999999999,-5.669760502531122e-05,-3.2344784944155783e-07,8.531611836828067e-10,0.0062,8.733247085333973e-06,6.644208439779792e-09,-1.075683917769784e-10,4
2022-12-31,0.0362,3.05025301390907e-05,-6.106855078781798e-08,-1.2094620463781388e-10,0.011600000000000001,2.261645416404554e-06,-3.019090268128902e-08,-4.907870905880159e-11,-0.0388,-2.458071500398281e-05,6.038306552740087e-08,8.39715552430471e-11,4.43,0.0023830458814806076,-5.485729212644604e-06,-8.199450197747285e-09,5.59,0.0026092104231210654,-8.504819480773511e-06,-1.3107321103627466e-08,3.62,0.003050253013909071,-6.1068550787817934e-06,-1.2094620463781407e-08,4.25,0.007836535692489077,-1.0082357536777946e-05,-6.259319940484462e-08,0.0789,-8.483533715278046e-05,-1.1799423438418208e-08,1.2688015084599838e-09,3.343568268825519,-0.00016113363420486234,1.7035679104756843e-06,2.7795994218132983e-09,5.693058511293225,0.00012008663134712439,-2.025267771570093e-07,1.299910262581637e-10,-4.0686768154735224,-3.9804832776484025,-1.3358836240665723e-05,-1.4193249957646457e-06,-3.328877609428862e-09,0.00010700412055760014,-1.629762929474708e-06,-3.222096073991733e-09,4.291417885803126,8.44658844449786e-05,-6.811295189301424e-09,-5.786661055663873e-10,5.23968139106308,-0.00019934002547674842,6.856552396096426e-08,6.30992138870098e-09,-3.119030489898485,-0.00017648726791943473,-1.5471851085249162e-06,3.6758480287604773e-09,-0.04290750101127655,2.1925426543571897e-06,1.4530653299285175e-07,1.9554603018549653e-10,5.6998815425712515,0.0001202671781112441,-1.965553038474499e-07,1.2896862851208097e-10,10.178703646545047,0.00020486307569214933,-1.9018609135893425e-07,1.156490698238393e-10,10.185351381789744,0.00020096962088005517,-2.037654361388418e-07,8.215619572169405e-11,3.2872818575322613,0.00018543675226757316,-1.5380380782278492e-07,1.6115385248228645e-10,3.980483277648402,1.3358836240665723e-05,1.4193249957646482e-06,3.3288776094288654e-09,4.984619305919267,-1.9068024830935186,-0.00010703835500650052,1.6026997919342791e-06,2.634562434038628e-09,-0.00017007396041295448,1.3694267004255625e-06,3.748014170215201e-09,-1.9134502183382147,-0.00010314490019441084,1.6162791367141907e-06,2.6680553081407924e-09,3.1036894150590832,7.060993599116924e-05,2.7190927966534088e-08,2.2293828497817501e-10,2.578842652158303,-2.2261910661479713e-05,1.6150404777323449e-06,2.6202204776043306e-09,2.5720196208802775,-2.2442457425597694e-05,1.6090690044227853e-06,2.6212428753503962e-09,5.072480613935107,-0.00030010511292583795,1.526362474223015e-06,3.774331907551009e-09,8.27190116345153,8.359762471467368,-2.2242225001396775e-05,1.6149868425150612e-06,2.6199603152458116e-09,9.78247206856464e-05,1.4125137005753414e-06,2.750211503862464e-09,5.8148765221617875,2.1939274135913955e-05,1.4739865621209801e-08,-4.140332097247266e-11,0.0132,-1.73881650996094e-05,1.9137527046916052e-07,3.576824510739986e-10,66452.1,3.2641250069194596,0.0010978273650315777,1.6153627126738658e-05,22.65,0.004007238809953392,3.83406906853424e-05,-9.620371509207038e-08,0.0645,-8.243217700777427e-05,-1.7995816989554939e-07,1.124337877316133e-09,0.0069,7.792919266101831e-06,-4.05051144639661e-09,-9.43926749319234e-11,4
2023-03-31,0.0366,2.3491251325245967e-05,-6.762727694182602e-08,-3.454015885045395e-11,0.011100000000000004,-1.575490600346573e-06,-3.134886823823245e-08,9.176157029118493e-12,-0.0399,-1.809837339690849e-05,6.154341634675023e-08,-1.0112833116976992e-11,4.6,0.0017828893618301485,-5.545863598345258e-06,6.53012745577037e-10,5.71,0.0016253403017954901,-8.68075042216851e-06,1.570628448488898e-09,3.66,0.002349125132524597,-6.762727694182597e-06,-3.454015885045413e-09,4.69,0.00623996580953288,-1.63759093167788e-05,-4.2658986988602435e-08,0.0779,-7.86435176869054e-05,8.696122315135594e-08,8.275407600172908e-10,3.330059353828816,5.5852745482623535e-05,1.721008470272703e-06,-4.2057542620836064e-10,5.7098970756560545,0.00010529740352704792,-1.554466120843672e-07,2.7894852636278373e-10,-4.06284589516273,-3.992553414406278,-0.00021960741054613195,-1.5268505335736943e-06,-6.888958280704621e-11,-0.00011482251812881122,-1.6908500712308627e-06,1.9841304910782898e-10,4.2936051730729785,7.003890425504658e-05,-5.0123944653123006e-08,-1.983052117191259e-10,5.236761060848931,-0.00010825403965065914,6.167035831348862e-07,4.330519507480317e-09,-3.1212954965293367,-0.00029246767429130723,-1.0177469729370812e-06,4.731185348215551e-09,-0.03726696846183126,1.434388811551807e-05,1.3506376637469026e-07,-9.3462840914578e-11,5.709834126417968,0.00010300170997678687,-1.544696910189336e-07,2.876106973812747e-10,10.195056336927752,0.00018698721407377772,-1.6592814901310184e-07,2.336252695424992e-10,10.200365426205668,0.00018042407049328468,-1.8275834128453115e-07,2.3987859064243047e-10,3.301016852324601,0.00017600264493638842,-1.296598910353611e-07,2.1710972809063078e-10,3.992553414406278,0.00021960741054613333,1.5268505335736983e-06,6.888958280704307e-11,5.000453618196675,-1.9088977494484967,0.00010265910072740185,1.6426547379336819e-06,-3.630408984545596e-10,9.682272755608123e-06,1.6164226867623852e-06,1.2639757629720884e-09,-1.914206838726411,0.00010922224430789488,1.6594849302051053e-06,-3.692942195544951e-10,3.110845080654496,7.53365173495009e-05,2.6722778492252852e-08,3.8789429999782894e-11,2.5762615118232017,0.00018434891127413062,1.6321732010049345e-06,-4.0836415527483104e-10,2.576324461061288,0.00018664460482439236,1.6311962799394962e-06,-4.1702632629333005e-10,5.0797471742018905,-0.00010582300313655562,1.7644992546569493e-06,1.1343724947890745e-09,8.286158587479257,8.35718405093794,0.00018435341270859744,1.6320976871202475e-06,-4.0843011188340493e-10,0.0002896463148011785,1.4767265889205688e-06,-1.294156289120646e-10,5.816753953315362,2.315846014327716e-05,1.018065520689989e-08,-5.110393495897142e-11,0.0231,3.664866212153202e-06,1.6805334564405782e-07,-1.8235239462642152e-10,66809.2,3.5109825226040696,0.001285395845863862,5.091209370941227e-06,22.66,0.006846214030503806,2.5368214622731403e-05,-1.1911158014069101e-07,0.049800000000000004,-9.1146875234233e-05,-3.1263177770375295e-08,1.1206058497629152e-09,0.0078000000000000005,6.7166528145680946e-06,-1.1479712504369206e-08,-7.231824604656855e-11,0
2023-06-30,0.0375,1.65476701974168e-05,-6.089425574281625e-08,4.496244434935958e-11,0.010999999999999996,-4.8008162369337885e-06,-2.5765714353481217e-08,5.6845652058832304e-11,-0.0417,-1.1960204011055563e-05,4.952863951460467e-08,-8.573988249459718e-11,4.65,0.0012149761512583492,-4.401561535402006e-06,7.654361997911566e-09,5.75,0.0007348945275649693,-6.978132970750133e-06,1.3338927203794823e-08,3.75,0.0016547670197416791,-6.089425574281626e-06,4.496244434935948e-09,5.16,0.004229037239409724,-1.8862098190042682e-05,-1.6947048996881825e-08,0.0645,-6.523367248340374e-05,1.096415348656063e-07,4.131872585758249e-10,3.3991953789914824,0.0002402509028975583,1.4031782603843923e-06,-3.0274915984156658e-09,5.720672367324469,9.102809574679585e-05,-1.0813469514936422e-07,3.4383902384776933e-10,-4.147745338949216,-4.086680758416658,-0.00039019991435914963,-1.2654024772883164e-06,2.6511278115904517e-09,-0.00030080928364454305,-1.3804791296919033e-06,3.002043412092347e-09,4.290185431008302,6.161075723695592e-05,-4.359325088962247e-08,8.00190575543251e-11,5.258796608385754,-1.535827264433076e-06,8.093792347365717e-07,1.9260473792299737e-09,-3.177254150177381,-0.00036211566305524784,-5.230813952038106e-07,4.834995494644899e-09,-0.034821492426971516,2.6543214078128752e-05,1.0191743960032005e-07,-2.5525486516662983e-10,5.717073752977411,9.088278406770706e-05,-1.131302185552669e-07,3.3539310682436503e-10,10.211576665178045,0.0001732374620752153,-1.410787758830001e-07,2.154264933960168e-10,10.215610705946851,0.00016506793237743012,-1.558674308755827e-07,2.556989554195791e-10,3.3175514762775533,0.00016662741051629154,-1.0407649567358229e-07,1.9485779482956837e-10,4.086680758416658,0.0003901999143591503,1.2654024772883198e-06,-2.651127811590457e-09,5.042168042362926,-1.8347104757530854,0.0002785732095208902,1.362888002281693e-06,-2.7865352474321095e-09,0.00019943080121953352,1.5091580866822034e-06,-1.289080266623687e-09,-1.8387445165218923,0.00028674273921867714,1.3776766572742797e-06,-2.8268077094557003e-09,3.1170645587215158,8.125813160880305e-05,1.060705180904012e-08,-1.1790122851296896e-10,2.6561938221004904,0.00036078257584931,1.329943921548063e-06,-2.9149477778838662e-09,2.6597924364475487,0.00036092788752839917,1.3349394449539578e-06,-2.906501860860454e-09,5.113172918604118,9.764293274270585e-05,1.6290400842505847e-06,-1.516914890286021e-09,8.376866189424959,8.437108316186995,0.0003607713397704909,1.3298635039184103e-06,-2.9148086968783918e-09,0.00045181067159610623,1.2218092263986956e-06,-2.5711087540360978e-09,5.818746726456722,2.42115476946414e-05,5.179101320816119e-09,-6.096219096082e-11,0.0279,1.5633386050594644e-05,8.017976215303539e-08,-4.846559806340958e-10,67093.59,3.8479583706690503,0.00046160835226375307,-4.363865383674554e-06,24.01,0.008639727537666638,1.3931701585375105e-05,-1.1922447850102705e-07,0.0297,-8.007680690864081e-05,7.807514730048018e-08,8.664866046889291e-10,0.008199999999999999,5.500235352248993e-06,-1.565087676714796e-08,-5.009711991620877e-11,0
2023-09-30,0.0438,1.0234839067194352e-05,-5.010494814754413e-08,1.004988693316785e-10,0.010300000000000002,-7.0530857065945645e-06,-1.538361445885233e-08,8.571043447264814e-11,-0.045899999999999996,-6.854072461445749e-06,3.466853306829932e-08,-1.2951778193311837e-10,5.13,0.0007747000988083827,-3.0934574504370785e-06,1.1429700026309418e-08,6.16,6.939152814892657e-05,-4.63181889632231e-06,2.0000743473574254e-08,4.38,0.001023483906719435,-5.010494814754416e-06,1.0049886933167843e-08,5.32,0.0020262894557923753,-1.8238273099758296e-05,9.302079323467665e-09,0.066,-5.279772196049669e-05,1.0848153390790359e-07,9.32696318834187e-11,3.3945083935113587,0.0003540354229358021,8.823831949482303e-07,-4.511823296363389e-09,5.729417732248032,8.244092768774844e-05,-7.98360806720209e-08,3.0339984301819844e-10,-4.154094566627874,-4.101240434972447,-0.0004898612161174862,-7.419639004525226e-07,4.271172152639306e-09,-0.0004102148481076928,-8.283906189501705e-07,4.599794574738935e-09,4.290185431008302,6.14655033702699e-05,1.2621429871686086e-08,1.9416965269413212e-10,5.267806611343015,8.694418403254605e-05,7.622132933124083e-07,-7.326505014637839e-11,-3.1748589394514264,-0.00038196875403608487,-7.399198947323199e-08,4.301930074511901e-09,-0.03284138422332767,3.689167652272846e-05,6.778227383326255e-08,-3.3595583360152364e-10,5.727746366509548,8.46928457053378e-05,-8.053548166967135e-08,2.7430807585902925e-10,10.223033595955217,0.00016428360297911782,-1.1662743632843543e-07,1.3169543861771068e-10,10.226772069325195,0.0001547552938616581,-1.2296059667086667e-07,1.9950744532911274e-10,3.3339848969491483,0.00015622439392051768,-8.395573345628508e-08,1.3786866441832316e-10,4.101240434972447,0.0004898612161174876,7.419639004525229e-07,-4.27117215263932e-09,5.0860994738759535,-1.8316077299744682,0.0003870431165086417,8.71212766652643e-07,-4.208697938562877e-09,0.00034713386903998945,1.1919530914644898e-06,-3.244086287130846e-09,-1.8353462033444459,0.00039657142562610074,8.775459269950822e-07,-4.276509945274295e-09,3.1285133847878095,8.194415738727381e-05,-6.014520977611612e-09,-1.9739504592049518e-10,2.6620081337327166,0.00046888579180000766,8.344214109962373e-07,-4.380402342963363e-09,2.663679499471201,0.00046663387378241794,8.351208119938837e-07,-4.3513105758041566e-09,5.14900978241454,0.0002564818420872098,1.2771969063807574e-06,-3.5027428827799624e-09,8.391425865980748,8.442919974841178,0.0004688709342179062,8.343760951680293e-07,-4.380174041553933e-09,0.000551326719487756,7.54585330324214e-07,-4.077002499945143e-09,5.82129880808404,2.4586770067350217e-05,-2.9941887843558713e-10,-6.850002691959663e-11,0.0323,1.472285889658923e-05,-3.387260640658008e-09,-5.346820690144908e-10,67695.17,3.8803757439238327,-0.0003137461385005695,-8.99094119028841e-06,23.93,0.009351475692893064,3.1475810168233917e-06,-1.0629953365363614e-07,0.037000000000000005,-5.900422634910374e-05,1.4021681629366083e-07,4.774038234559401e-10,0.0086,4.074679265823344e-06,-1.874254124156667e-08,-2.8925896718919447e-11,0
2023-12-31,0.04019999999999999,6.95545651782287e-06,-3.8283479234879004e-08,1.1470732537074614e-10,0.008999999999999994,-8.128301729157041e-06,-4.416391842159905e-09,9.232966276454155e-11,-0.0414,-5.287724629848639e-06,2.098288718980863e-08,-1.2764573740009944e-10,4.74,0.0006774252713311876,-1.909746109086697e-06,1.0828858777733109e-08,5.64,-0.00013540490158451683,-2.351385293302679e-06,2.0061825054187283e-08,4.02,0.0006955456517822867,-3.828347923487902e-06,1.1470732537074615e-08,5.24,0.00025242011492902295,-1.5670187941008714e-05,2.8527893048545217e-08,0.061799999999999994,-4.33491197564612e-05,9.991060253846528e-08,-6.074155624666896e-11,3.4483989831464497,0.00039863450630723136,3.235713408353334e-07,-4.762272223091614e-09,5.7260330835910205,8.129943466213819e-05,-5.884427662172105e-08,1.982956953859189e-10,-4.199705077879927,-4.14442476529296,-0.0005283096019816129,-1.692915553246833e-07,4.636819547967768e-09,-0.0004496418466175378,-2.3335122872234138e-07,4.868783899434891e-09,4.307707101681205,6.293527406801558e-05,6.79368037396547e-08,1.6822603778661193e-10,5.314633531032973,0.00014617048160147223,5.989656541040488e-07,-1.2347813229008178e-09,-3.191747157479948,-0.00036408000278388556,3.0049204742930544e-07,3.4268159547576553e-09,-0.028399474521698,4.07639666639114e-05,3.538255133100114e-08,-3.33920190056493e-10,5.732502737719752,8.150057955942647e-05,-5.5689515474089104e-08,1.710472925099783e-10,10.242629294284386,0.0001554544168562752,-1.0034423335516477e-07,4.570028685096047e-11,10.246104620948584,0.00014513900056319223,-9.72693164772549e-08,1.2839714930811198e-10,3.3470931226689546,0.00014779835410438854,-7.397863512531089e-08,6.791461051537924e-11,4.14442476529296,0.000528309601981615,1.692915553246836e-07,-4.636819547967786e-09,5.10503874430521,-1.790497427310222,0.00043579045919335676,3.375725924195153e-07,-4.514293797032111e-09,0.0004245714908133323,7.303942738181739e-07,-4.1562824982634336e-09,-1.7939727539744188,0.0004461058754864376,3.3449767554160215e-07,-4.596990659489285e-09,3.136797713832594,7.652075519669135e-05,-2.833384937940809e-08,-1.9667595629845747e-10,2.7260987833831436,0.0005099454413874934,2.960726356860666e-07,-4.666889205567098e-09,2.7196291292544124,0.0005097442964902023,2.929178745384345e-07,-4.639640802691091e-09,5.159928513425786,0.0003399933689508854,7.854230380984468e-07,-4.37833265437753e-09,8.452131866974165,8.507021636094741,0.0005099296698857156,2.960893220653858e-07,-4.666654542275963e-09,0.0005912448760496305,2.372283590643465e-07,-4.468593510181134e-09,5.823814830545896,2.412240676468169e-05,-7.2510857068265974e-09,-6.920973446535031e-11,0.0339,5.910732887924613e-06,-5.46661041726208e-08,-3.6749185368520224e-10,68095.07,3.545495425553338,-0.0013405349547879683,-8.69016528058142e-06,24.35,0.009150334187076881,-6.2455392265126205e-06,-8.727475838256746e-08,0.0335,-4.029235886470385e-05,1.54761788316791e-07,1.2070502690800758e-10,0.009000000000000001,2.248722648223717e-06,-2.1261774065623047e-08,-1.0037705812745986e-11,0
2024-03-31,0.0421,5.509733198614175e-06,-2.330301225643015e-08,1.0359085380171121e-10,0.007400000000000002,-7.452198193823282e-06,4.808146956234777e-09,7.650625644107222e-11,-0.043800000000000006,-5.918714215221696e-06,6.165362919911059e-09,-9.750663017658017e-11,5.01,0.0007362714382315235,-6.158366834235271e-07,7.988615740534763e-09,5.75,-8.94838115080357e-06,-1.3502198780004198e-07,1.563924138464199e-08,4.21,0.0005509733198614155,-2.330301225643013e-06,1.035908538017114e-08,5.24,-0.0008735437406499423,-1.1370294088606298e-05,3.763543144489981e-08,0.0548,-3.5355772167960346e-05,8.405656077040413e-08,-1.019223961939961e-10,3.5192766697277564,0.00037340741693799723,-1.661455763017012e-07,-4.00547489602606e-09,5.744060321154771,7.905673877708838e-05,-4.2545456203107405e-08,1.089087615011361e-10,-4.290359446148058,-4.253724952528982,-0.0004898469693531193,3.080979398130264e-07,3.8779357096245105e-09,-0.0004133472544903545,2.6588955981732337e-07,4.026337718341593e-09,4.297013260346925,7.320436762605423e-05,7.515060923757744e-08,3.1433554306759344e-14,5.2911416827989415,0.00017860213861052576,3.966472744462764e-07,-1.640913353670283e-09,-3.2968373663379125,-0.0003056629622287553,5.836398577579351e-07,2.338464807714013e-09,-0.023871302602862077,3.9986044712663286e-05,6.756511110086475e-10,-2.808402785607253e-10,5.744108346127766,7.676289047499618e-05,-4.721420349056216e-08,8.383595451245943e-11,10.25501453844778,0.00014598554353530274,-1.0757382458410663e-07,-2.5194393590348546e-11,10.256131638471187,0.0001368062665218814,-9.590005173631443e-08,4.8885867214746734e-11,3.3592256338614237,0.00014334361859546092,-7.541819955922464e-08,-8.05640688917818e-12,4.253724952528982,0.0004898469693531201,-3.0809793981302754e-07,-3.877935709624522e-09,5.128910921452522,-1.7042763255718727,0.0004170657934438708,-1.2537350599133038e-07,-3.8527098824798365e-09,0.0004618700468314585,2.151395147828805e-07,-4.17516005886445e-09,-1.7053934255952794,0.0004262450704572939,-1.3704727883913135e-07,-3.9267901432849845e-09,3.138966441639899,7.134246000448235e-05,-5.566854921054098e-08,-1.6704631440066808e-10,2.806677891721136,0.000483994598202089,-1.9040187437233803e-07,-3.986813037571387e-09,2.806629866748141,0.0004862884465041798,-1.857331270848759e-07,-3.9617402305826375e-09,5.176178162179755,0.0003786535269221382,2.5212928754624586e-07,-4.3116329923492085e-09,8.550738212875908,8.587582687169327,0.0004839795566017269,-1.903555157567756e-07,-3.986646650960628e-09,0.000563051336979177,-2.3294733057543735e-07,-3.877904276070193e-09,5.82600010738045,2.312151997779094e-05,-1.539421469618438e-08,-6.308202098456212e-11,0.0286,-4.390916638600173e-06,-7.228412056596608e-08,-1.2338317700391384e-10,68088.7,3.26377448912458,-0.0026389829956930118,-6.994507271047558e-06,27.02,0.007798513259133355,-1.3817908281802583e-05,-6.249579790777904e-08,0.0348,-2.7001356329581575e-05,1.2989130136205467e-07,-1.1829568238072934e-10,0.009300000000000001,-1.9347604165851534e-08,-2.182573408306142e-08,8.285722778893179e-12,0
2024-06-30,0.0431,2.7527230589953284e-06,-1.3297033122282559e-08,8.903043638724774e-11,0.006900000000000004,-5.890877389024218e-06,1.2197352858732143e-08,4.866751320860163e-11,-0.0449,-5.1353092144254e-06,-2.814044819065332e-09,-6.563801153070375e-11,5.13,0.000609691303390518,4.69119057989688e-08,5.4298887354415e-09,5.82,2.0603564488098218e-05,1.266647191672188e-06,1.0296640056301649e-08,4.31,0.0002752723058995314,-1.3297033122282537e-06,8.9030436387248e-09,5.24,-0.0017220355387069577,-6.4549997876292915e-06,3.957551849994155e-08,0.0587,-2.895710465190152e-05,7.415542690349243e-08,-1.086549905966019e-10,3.5499047018233476,0.000325105487612843,-5.419766782317169e-07,-2.8027676649559986e-09,5.749934240677345,7.367072045931858e-05,-3.8868448517365075e-08,5.494239977482727e-11,-4.319991243754429,-4.289650924731891,-0.00041883197797068646,6.614487534178809e-07,2.5726593960822616e-09,-0.0003488521912329734,6.28759031397851e-07,2.6766536605133483e-09,4.307303088477945,9.300614354812373e-05,4.8320112171914986e-08,-2.562870751255632e-10,5.3087131427301575,0.00020973559100402882,2.08203865764818e-07,-1.6579706488020646e-09,-3.3186961601504117,-0.000229064868440456,7.781820762785758e-07,1.2182058213862874e-09,-0.019788482572677766,3.842035856132126e-05,-2.7472516669150796e-08,-2.1773007382232614e-10,5.746343755740274,7.32774817207911e-05,-5.3377795266744275e-08,1.2483731412619504e-11,10.264936716727075,0.00013960046432914957,-1.2795589668600468e-07,-9.080353748133742e-11,10.26465818570311,0.00013253998998054018,-1.0783797228813442e-07,-4.0178161140707205e-11,3.3714490159620274,0.00014136626263252307,-8.216176034246299e-08,-8.233514278894195e-11,4.289650924731891,0.0004188319779706871,-6.614487534178868e-07,-2.5726593960822765e-09,5.204743104477042,-1.667982703517239,0.0003722376571896651,-4.851727445599565e-07,-2.738142933726506e-09,0.00046533303133887703,-2.0386263903704882e-07,-3.6135919160962133e-09,-1.6677041724932749,0.0003792981315382752,-5.052906689578355e-07,-2.7887683100671863e-09,3.1480240838962494,6.895191969966755e-05,-7.094804258268553e-08,-1.405214205446627e-10,2.8470197725324904,0.0004381674010594954,-5.742601927286072e-07,-2.8838888709827123e-09,2.8506102574695613,0.0004385606397980229,-5.597508459792076e-07,-2.8414302026204377e-09,5.245254984373735,0.00038080298350208415,-1.727331655815159e-07,-3.6450957955888895e-09,8.596954013209835,8.627914910108224,0.0004381655178379504,-5.742251074749529e-07,-2.883902541983041e-09,0.0005118381215188136,-6.131286412459546e-07,-2.8289464712078202e-09,5.8284160656576125,2.168649918657256e-05,-2.223737388600177e-08,-5.1449489577748496e-11,0.0313,-1.2973217429596615e-05,-5.8027849280319886e-08,7.059382118163056e-11,68525.04,3.2150518719349974,-0.0032045543367049192,-6.043767163283514e-06,27.64,0.005893190224679895,-1.9496162768051707e-05,-3.534625078347067e-08,0.0297,-1.782692303340913e-05,9.306612136459481e-08,-2.360547622013823e-10,0.0097,-2.584761417405749e-06,-2.0052481346513546e-08,2.7695755375800622e-11,0
2024-09-30,0.037200000000000004,2.240430695808087e-06,-1.0352490728040819e-08,6.395214619886331e-11,0.007400000000000002,-4.567735974919087e-06,1.521539125028825e-08,2.2300090273606783e-11,-0.0412,-5.69114240816553e-06,-2.85128607613973e-09,-3.1591217041671655e-11,4.68,0.000639675315021828,-9.163715310839211e-08,2.6316966856961787e-09,5.42,0.00018290171752992286,1.4299019719204342e-06,4.861705713056838e-09,3.72,0.00022404306958080864,-1.0352490728040765e-06,6.395214619886355e-09,4.72,-0.002162159393618934,-2.711834939381823e-06,3.553195747583893e-08,0.0512,-2.3470020572286042e-05,6.680556247918776e-08,-9.286244579909322e-11,3.5751506887855933,0.00026821557377643205,-6.927974029667662e-07,-1.594467161709624e-09,5.7535245665510155,6.88841721487289e-05,-4.336672670515053e-08,1.5450564974130106e-11,-4.3428059215206005,-4.311837680038543,-0.0003472811149912297,7.917087886502059e-07,1.2985238824905073e-09,-0.0002816092585899474,7.573284229769119e-07,1.363037642770853e-09,4.323337638325202,0.00010050574953258048,1.3581939018479237e-08,-4.237228324626934e-10,5.327050585370909,0.00022892444094051932,8.763668615098712e-08,-1.4434768222255978e-09,-3.3354096411241523,-0.00015121423189389527,8.170667445564626e-07,2.887233480901866e-10,-0.01612661909608406,3.49403847703515e-05,-4.09138426896084e-08,-1.4754402030696363e-10,5.751721483044508,6.972827720807054e-05,-5.731246176788459e-08,-3.261224890203411e-11,10.28010878011864,0.00012881448348662784,-1.3648172031426292e-07,-1.127311739178094e-10,10.279695857129875,0.0001239082617131626,-1.1252120481505448e-07,-8.618512530072384e-11,3.3837206269482465,0.00013338868139585875,-8.916439690589138e-08,-1.1801560193088578e-10,4.311837680038543,0.0003472811149912311,-7.917087886502103e-07,-1.298523882490528e-09,5.281885816175669,-1.644933461754894,0.00031897238103719035,-6.416451293174547e-07,-1.6095155410354478e-09,0.0004124294946611012,-4.7259473950889264e-07,-2.6446794932720263e-09,-1.6445205387661292,0.00032387860281065317,-6.656056448166782e-07,-1.636061589652561e-09,3.1561489949598958,6.162001092357011e-05,-7.144136770259643e-08,-9.24240960662938e-11,2.8816507518127303,0.00037890269237508475,-7.347601229265889e-07,-1.737697279927394e-09,2.8834538353192376,0.0003780585873157438,-7.208143878638285e-07,-1.689634466051173e-09,5.315653454877648,0.0003301714739169896,-4.3927130784987725e-07,-2.5985158025681813e-09,8.635175318363746,8.662558535805282,0.0003789131127894238,-7.347351994101655e-07,-1.737883579869995e-09,0.00044778686452381504,-7.781268496317188e-07,-1.722246714953204e-09,5.830385756582678,1.904720378340108e-05,-2.5667740449153026e-08,-3.3745841839660406e-11,0.0279,-1.7779022445294406e-05,-3.087648224174008e-08,1.7665389127964478e-10,68955.4,2.9108048846403904,-0.0029871845491002275,-4.064705213309505e-06,28.09,0.0038987091642386784,-2.106223134174813e-05,-1.1662822656246498e-08,0.024399999999999998,-1.1564956956272706e-05,6.49511170697556e-08,-2.430907721024626e-10,0.0091,-4.635134100377874e-06,-1.6287260881988163e-08,4.167123853355958e-11,0
2024-12-31,0.043899999999999995,3.198173653729241e-06,-5.949630114192313e-09,3.545942378899275e-11,0.005999999999999997,-2.9228508647809483e-06,1.3640537675375188e-08,-6.521502085386993e-13,-0.045599999999999995,-7.449670053008225e-06,-2.0781531954818697e-09,7.73802324081251e-13,5.2,0.0007849263339007866,-1.0195717111776702e-07,2.1281631034276298e-11,5.8,0.000492641247422694,1.2620965964197502e-06,-4.393338981960386e-11,4.39,0.0003198173653729243,-5.949630114192215e-07,3.5459423788992978e-09,4.27,-0.002000980226702062,1.710709161244121e-08,2.6506548470740005e-08,0.0493,-1.7543539335933093e-05,5.8170235971284795e-08,-7.522434490075025e-11,3.6301904577652566,0.00017517189451832644,-6.867510402163551e-07,-4.621939444237125e-10,5.754507274147812,6.562044702021624e-05,-4.486724623159884e-08,-9.858317508047332e-12,-4.390058806371146,-4.359606092476392,-0.00025215993706168005,7.496193683952091e-07,1.8797903200301664e-10,-0.00018741645123789978,7.182764432653304e-07,2.1455192931571596e-10,4.341725337900356,9.09310589062011e-05,-4.387288836497341e-08,-4.3160126107264725e-10,5.374352052824034,0.00022007970365934548,-1.6488397688328956e-08,-1.082960839328147e-09,-3.3524072174927233,-5.911161077217716e-05,7.263686443442878e-07,-4.759216728727344e-10,-0.012946346453722328,2.918270386175252e-05,-4.628132290362199e-08,-7.307272335385365e-11,5.760805323752109,6.259960289284883e-05,-5.917346911377991e-08,-3.1888421338855034e-11,10.292540854012458,0.00011006750040085111,-1.4360155274010468e-07,-6.524230604390556e-11,10.290771446147648,0.00010793370590854167,-1.209263618121577e-07,-6.348565078640906e-11,3.395514598526657,0.00012016564110372135,-1.0603841584501383e-07,-1.0999771966126793e-10,4.359606092476392,0.00025215993706167935,-7.496193683952129e-07,-1.879790320030293e-10,5.305816831850091,-1.5912094236357108,0.00023302349556703628,-6.498907040200717e-07,-5.543379870318114e-10,0.00033107654884576216,-6.457375478406717e-07,-1.5698623634820074e-09,-1.5894400157709,0.00023515729005934086,-6.725658949480404e-07,-5.560946422893254e-10,3.1608228934195837,5.050567393852373e-05,-7.660137095498934e-08,-3.436182155696937e-11,2.946824156228936,0.0002774705489476649,-7.486250105285997e-07,-6.097219755676604e-10,2.9405261066246386,0.00028049139307503824,-7.343187876463922e-07,-5.876918717368273e-10,5.332236070831109,0.0002549695491309602,-5.989860950538034e-07,-1.4904128919327334e-09,8.701331430376747,8.727750669357766,0.00027747636507445826,-7.486228145557304e-07,-6.099454271123914e-10,0.00034309099596788737,-7.934922567601741e-07,-6.195802930756713e-10,5.831882477283517,1.563847024952242e-05,-2.7132607665843977e-08,-1.2645420321748214e-11,0.024,-1.792118162451702e-05,-5.882926653379507e-09,1.925637734392498e-10,69167.75,2.3952604160239503,-0.0032530576911488822,-1.6040244457873763e-06,28.6,0.0014576002810414046,-1.9050080444686633e-05,9.092554605778963e-09,0.028900000000000002,-8.49746683176191e-06,4.6131453846549424e-08,-1.810778549333929e-10,0.008100000000000001,-5.757875617987536e-06,-1.0509742130516412e-08,4.678836692830027e-11,0
2025-03-31,0.042800000000000005,1.907425022460294e-06,-1.2462681702729165e-09,2.1176188639780326e-11,0.006399999999999997,-1.1387637829390535e-06,1.1023323924961422e-08,-1.868441137597236e-11,-0.045899999999999996,-7.30391879784858e-06,-2.069696213021864e-09,1.7395575154322105e-11,5.29,0.0007157631853363542,4.124512678175867e-08,-9.806436376482016e-10,5.93,0.0006018868070424507,1.1435775192779018e-06,-2.8490847752454333e-09,4.28,0.00019074250224602974,-1.246268170272801e-07,2.11761886397806e-09,4.2,-0.0016274317865463514,2.221204732309892e-06,1.7167653194204224e-08,0.04650000000000001,-1.0853212615848695e-05,5.102480315582814e-08,-7.167156811281387e-11,3.5493299891638506,8.289913070613313e-05,-6.665239330233519e-07,3.9794027237584386e-10,5.767695800399854,6.260342867996785e-05,-4.377828196290354e-08,-1.579520685513987e-11,-4.312500572025272,-4.299525782524434,-0.00016227007086454725,6.885462100385805e-07,-6.200158464323446e-10,-9.854021492356308e-05,6.64129362178405e-07,-6.11352350055258e-10,4.345881188037528,7.749064747303689e-05,-1.0914857952533942e-07,-3.692312796648412e-10,5.391671088281245,0.0002037131684344188,-1.3562797160619867e-07,-7.763874130782042e-10,-3.2675409968494815,2.4030820069725386e-05,6.128045725935421e-07,-1.0422875022384855e-09,-0.010313958828436949,2.3395176031798156e-05,-4.934386715330552e-08,-1.7060569595951697e-11,5.767648894984615,5.485628716923126e-05,-6.533027592806105e-08,-1.0206426018519908e-11,10.3031083492107,9.265641648996867e-05,-1.5577844681353725e-07,-1.6499679015479363e-12,10.304418798205338,9.331013628247458e-05,-1.354678684584046e-07,-2.1974289276543666e-11,3.408260529697501,0.00010859726593397694,-1.2689077737151496e-07,-9.045403104979077e-11,4.299525782524434,0.00016227007086454587,-6.885462100385902e-07,6.200158464323391e-10,5.32062373587694,-1.6577013786487382,0.00014710430184762053,-6.41916342750393e-07,2.5243453466900183e-10,0.000253780197271454,-7.336764936982895e-07,-7.173148128013313e-10,-1.6590118276433765,0.0001464505820551082,-6.62226921105546e-07,2.727588560439897e-10,3.159125820462427,4.2955944508377954e-05,-8.573064602148023e-08,-2.4217736684287546e-12,2.877711170162108,0.0001771572896576136,-7.539165076010386e-07,2.6657977362262496e-10,2.8777580755773466,0.00018490443116835973,-7.323645136358521e-07,2.6099099278599524e-10,5.338545527281612,0.00018322239075250666,-6.690840819966857e-07,-6.30090647726254e-10,8.645406970561963,8.65862504306429,0.0001771530877182187,-7.539588913956249e-07,2.6639249862389656e-10,0.0002397607183375902,-7.976947895639108e-07,2.507845667675005e-10,5.833084101085435,1.2722454363961346e-05,-2.7403048315316782e-08,4.902083887222769e-12,0.0202,-1.4501863000636748e-05,1.239949778608116e-08,1.502009198027933e-10,68972.63,2.09248061156258,-0.0038960568251492356,-6.956573860699385e-07,26.23,-0.0007670761710406006,-1.6330753512186625e-05,2.5196693207018216e-08,0.0239,-5.718923208599615e-06,3.35146943237351e-08,-1.120810819212329e-10,0.0070999999999999995,-6.25109135924319e-06,-4.1889053098942455e-09,4.646908756753932e-11,0
2025-06-30,0.0438,1.2158030172058003e-06,-2.163066999164396e-09,1.6487351277863657e-11,0.006900000000000004,-5.810634243259926e-07,9.746510172175595e-09,-2.531636315562176e-11,-0.04870000000000001,-6.575550671223765e-06,5.57391742666725e-10,2.0744616193468582e-11,5.46,0.0006229648512356618,-1.8653466558566656e-07,-1.023536779510339e-09,6.15,0.0005648585088030623,7.881163516318939e-07,-3.5551730950725012e-09,4.38,0.00012158030172058161,-2.1630669991642747e-07,1.64873512778639e-09,4.23,-0.0014772245157916356,3.1555068501633217e-06,1.2665943015524664e-08,0.045899999999999996,-6.990428813289133e-06,4.82734423741759e-08,-6.787045072225697e-11,3.5868467285487844,5.783558054613577e-05,-6.294407952268577e-07,6.941296366445849e-10,5.776289165442949,5.817505729098847e-05,-4.378498093310993e-08,-1.1593468196324621e-11,-4.358310108056566,-4.351510048591739,-0.00013411853605507687,6.342261852262061e-07,-8.948168392596267e-10,-7.40594653789507e-05,6.108196646862214e-07,-8.858173558672782e-10,4.352983949221151,7.128048998516747e-05,-1.3361631592580114e-07,-3.36276870590714e-10,5.409679834401498,0.00020149588748573165,-1.8358946539812424e-07,-6.651958649168489e-10,-3.2995437279356556,5.137010143695912e-05,5.350909634752445e-07,-1.232460693104781e-09,-0.008146502932673431,2.0056384343158098e-05,-4.912867266504394e-08,4.229731258417974e-12,5.772795345943155,5.122439236364252e-05,-6.715485737211127e-08,-4.883475665764513e-12,10.310355442951632,8.434770554991447e-05,-1.5459674883173344e-07,1.9195224979179223e-11,10.310424610128258,8.603790162650814e-05,-1.3590238438822517e-07,-9.684723655430554e-12,3.425272736243868,0.0001011774222514415,-1.2980827941982614e-07,-8.06264307924683e-11,4.351510048591739,0.00013411853605507687,-6.342261852262164e-07,8.94816839259617e-10,5.340261059474656,-1.6058614451387416,0.00012105132049033661,-6.132457523202891e-07,5.393447436896697e-10,0.00020121026572141824,-7.346819180833038e-07,-2.9626999860543744e-10,-1.605930612315369,0.00011936112441373491,-6.319401167638152e-07,5.682246923242873e-10,3.1684242813721024,3.9622662602311284e-05,-8.21004736122527e-08,4.653935594224656e-12,2.9282048323699406,0.00014722396874925379,-7.240575202189199e-07,5.701334368652275e-10,2.9316986518697346,0.00015417463367660994,-7.006876437798904e-07,5.63423444334647e-10,5.345896081822118,0.0001343717565117776,-6.653857623176995e-07,-2.0846530765742688e-10,8.70449399781289,8.70911188138287,0.0001472205441088923,-7.241209610332648e-07,5.699440296396226e-10,0.00020539902604025105,-7.678425011519995e-07,5.58539968668913e-10,5.8344305478407765,1.1093363878902769e-05,-2.6036379773153944e-08,1.2778737712074939e-11,0.0208,-1.2284937446448115e-05,2.2222149671352004e-08,1.169020700973226e-10,69532.35,1.984837177496706,-0.0037562239446008827,-8.0367043578856e-07,27.1,-0.0014914539094529155,-1.4386825118985331e-05,3.088977639550501e-08,0.026699999999999998,-2.3388714020538696e-06,2.9217476326343844e-08,-7.633142370854469e-11,0.006,-6.400820720793118e-06,-9.248351691860312e-10,4.512068117681934e-11,0
2025-09-30,0.0412,1.7233339657840634e-06,-2.1835225275486393e-09,5.288945749776815e-12,0.006200000000000001,-3.3347431289686417e-07,6.708057153345857e-09,-2.6033554384032564e-11,-0.0464,-6.449887490495078e-06,3.621043589228377e-09,2.625844327714239e-11,5.21,0.0006394127800057438,-3.7946981164598777e-07,-1.6143290785310054e-09,5.83,0.0006060653487160594,2.9133590368860234e-07,-4.217684516934243e-09,4.12,0.00017233339657840964,-2.1835225275484846e-07,5.288945749777022e-10,3.92,-0.0011134507054532412,3.219201828445762e-06,7.871999492307565e-09,0.0538,-4.296611814048761e-06,4.12205507572639e-08,-6.164444303268616e-11,3.6529931755495273,1.4300747249535293e-05,-4.997960415235977e-07,8.768037672735809e-10,5.783209608287523,5.355830442381928e-05,-4.688393469745323e-08,-1.4808257847706444e-11,-4.431216878864653,-4.431853177022607,-9.05384013897407e-05,5.06915600421168e-07,-1.0033367884055251e-09,-3.2749327649369795e-05,4.792679752318269e-07,-1.0097466334889374e-09,4.360547602996758,5.5047370998236455e-05,-1.3583707980441999e-07,-2.2321884673652588e-10,5.453267726545859,0.0001720574678696695,-1.982974989347519e-07,-4.773149717844909e-10,-3.338222582500767,7.677473982693433e-05,3.9277617356418164e-07,-1.2681634879288534e-09,-0.00647341558273284,1.6121364630951874e-05,-4.435351686505126e-08,2.0990184993092868e-11,5.781499402877198,4.485587365533688e-05,-6.22704095715684e-08,8.349826233101919e-12,10.325013951456029,7.013755401084978e-05,-1.3994321664396655e-07,6.114774535606945e-11,10.324410930228655,7.288816445537728e-05,-1.2520350758663307e-07,2.937107804038578e-11,3.4372078191851885,8.661333744501012e-05,-1.2772782847918435e-07,-3.822912424591557e-11,4.431853177022607,9.053840138973839e-05,-5.069156004211766e-07,1.0033367884055218e-09,5.3551929608341755,-1.5326131714366646,7.54482183771306e-05,-5.028094635816365e-07,7.189701963128806e-10,0.00013621121279241746,-6.891025358492308e-07,7.983043939066914e-11,-1.5320101502092909,7.269760793259356e-05,-5.175491726389865e-07,7.507468636285839e-10,3.1793030497483774,3.0562265926117156e-05,-7.54192722176328e-08,3.254220188092862e-11,3.0091911717318407,9.20274679641528e-05,-5.958687455281537e-07,7.949261995167097e-10,3.0109013771421655,0.00010072989873264765,-5.80482270654017e-07,7.717681154358693e-10,5.352893850574211,7.804174104315198e-05,-6.181175731820029e-07,1.3944267879851122e-10,8.792400780019364,8.7901016697594,9.201634266733554e-05,-5.9592632799816e-07,7.947978395079818e-10,0.00014558577238798497,-6.427526802255799e-07,7.801179416689973e-10,5.836008849448588,8.927165635166272e-06,-2.314842052255362e-08,2.0169219364966185e-11,0.023399999999999997,-1.0626806581284576e-05,2.3482582858678623e-08,7.686041954091448e-11,70170.52,1.5130017580651984,-0.003517739573151418,6.08624940522504e-07,28.13,-0.0022007479812684067,-1.0643688060931617e-05,3.249009580546326e-08,0.0301,-3.6573910215632053e-07,2.825865965564345e-08,-4.4435172881882185e-11,0.005600000000000001,-5.816708953483746e-06,1.7018867787686893e-09,3.7975522926556664e-11,1
