,book,dividend,div_growth,div_yield,earn,earn_yld,earn_growth,real_earn_growth,sp500_pe,sp500,sp500_adj,price_book,price_sales,cape_shiller,sales,sales_growth,real_sales,real_sales_growth,1mo_ustreas,6mo_ustreas,1yr_ustreas,2yr_ustreas,3yr_ustreas,5yr_ustreas,10yr_ustreas,20yr_ustreas,30yr_ustreas,5yr_real_int,10yr_real_int,20yr_real_int,30yr_real_int,cpi,fed_debt,gdp,gdp_growth,real_gdp,real_gdp_growth,real_gdp_per_cap,us_home_prices,us_avg_income,us_med_income,us_med_income_growth,us_med_real_income,us_infl,us_pop,us_pop_growth,fred_gdp,fred_gnp,fred_baa,fred_aaa,fred_cpi,fred_gs10,fred_tb3ms,market_code,div_yield2,price_div,price_gdp,price_gdp2,price_gnp2,div_minus_baa,credit_spread,real_price2,real_price3,real_price_gdp2
1950-03-31,,16.07,,0.0674,32.54,0.1366,,,7.32,17.35,238.23,,,10.91,,,,,,,,,,,0.0236,,,,,,,23.6,,,0.021099999999999997,2.35,0.0377,15512.08,,,,,,-0.0084,,,270.627,271.76,3.24,2.58,23.64,,1.12,1,0.9262247838616714,1.0796515245799627,,0.06411038070850285,0.06384309685016192,0.034999999999999996,0.006600000000000002,0.7351694915254238,0.7339255499153977,
1950-06-30,,16.34,,0.064,34.58,0.1355,,,7.38,18.74,255.16,,,11.55,,,,,,,,,,,0.0242,,,,,,,23.8,,,0.0701,2.42,0.073,15904.29,,,,,,-0.0042,,,280.828,282.056,3.28,2.62,23.88,,1.15,1,0.871931696905016,1.1468788249694002,,0.06673123762587777,0.06644070680999517,0.031200000000000006,0.006599999999999997,0.7873949579831931,0.7847571189279732,
1950-09-30,,17.66,,0.0697,36.12,0.1426,,,7.01,19.08,253.4,,,11.34,,,,,,,,,,,0.024900000000000002,,,,,,,24.4,,,0.1292,2.51,0.10310000000000001,16444.21,,,,,,0.0209,152.27,0.0207,290.383,291.699,3.21,2.64,24.34,,1.3,1,0.9255765199161426,1.0804077010192525,,0.06570632578353416,0.06540989170343402,0.0376,0.0056999999999999985,0.781967213114754,0.7838948233360722,
1950-12-31,,19.05,,0.07440000000000001,36.81,0.1438,,,6.95,19.75,256.0,,,11.31,,,,,,,,,,,0.0255,,,,,,,25.0,0.7859999999999999,0.32,0.1822,2.56,0.13369999999999999,16687.9,154.98,,,,,0.0593,,,308.153,309.76,3.2,2.67,24.98,,1.34,1,0.9645569620253165,1.0367454068241468,61.71875,0.06409153894331711,0.06375903925619834,0.04240000000000001,0.005300000000000003,0.79,0.7906325060048038,800.0
1951-03-31,,19.09,,0.0703,35.55,0.1308,,,7.64,21.63,271.68,,,11.84,,,,,,,,,,,0.0259,,,,,,,25.8,,,0.19649999999999998,2.59,0.1056,16842.95,,,,,,0.0932,,,319.945,321.554,3.23,2.78,25.88,,1.4,1,0.8825705039297272,1.1330539549502356,,0.06760536967291253,0.06726708422224573,0.038,0.004500000000000001,0.8383720930232558,0.8357805255023184,
1951-06-30,,19.52,,0.0724,34.03,0.12619999999999998,,,7.92,21.55,269.63,,,11.62,,,,,,,,,,,0.0262,,,,,,,25.9,,,0.185,2.64,0.0915,17062.5,,,,,,0.0882,,,336.0,337.537,3.49,2.94,25.93,,1.45,1,0.9058004640371229,1.1039959016393444,,0.06413690476190477,0.06384485256431148,0.037500000000000006,0.005500000000000002,0.8320463320463322,0.8310836868492094,
1951-09-30,,18.87,,0.0647,31.16,0.1069,,,9.35,23.48,291.52,,,12.44,,,,,,,,,,,0.0264,,,,,,,26.1,,,0.14029999999999998,2.69,0.0725,17339.65,,,,,,0.0697,154.88,0.0171,344.09,345.973,3.46,2.84,26.03,,1.63,1,0.8036626916524702,1.2443031266560678,,0.06823796099857596,0.06786656762232891,0.030099999999999995,0.006200000000000001,0.8996168582375479,0.9020361121782559,
1951-12-31,,17.24,,0.0602,29.84,0.1042,,,9.59,23.41,286.27,,,12.15,,,,,,,,,,,0.026699999999999998,,,,,,,26.5,0.655,0.36,0.11320000000000001,2.7,0.0547,17303.12,155.05,,,,,0.06,,,351.385,353.381,3.61,3.01,26.47,,1.73,0,0.736437419906023,1.3578886310904874,65.02777777777779,0.06662208119299344,0.06624578005042717,0.024099999999999996,0.006000000000000001,0.8833962264150943,0.8843974310540235,795.1944444444445
1952-03-31,,17.5,,0.0596,29.57,0.1008,,,9.92,23.81,293.37,,,12.36,,,,,,,,,,,0.027000000000000003,,,,,,,26.3,,,0.0709,2.73,0.051699999999999996,17413.09,,,,,,0.0194,,,356.178,358.33,3.51,2.96,26.39,,1.59,0,0.7349853002939941,1.3605714285714285,,0.0668485981728237,0.06644712974074177,0.0245,0.005499999999999998,0.9053231939163497,0.9022356953391435,
1952-06-30,,17.73,,0.059500000000000004,28.61,0.096,,,10.42,24.38,298.13,,,12.45,,,,,,,,,,,0.0274,,,,,,,26.5,,,0.0492,2.73,0.036000000000000004,17376.23,,,,,,0.0232,,,359.82,361.821,3.5,2.94,26.53,,1.7,0,0.7272354388843315,1.3750705019740552,,0.0677561002723584,0.06738138471785772,0.0245,0.005600000000000001,0.9199999999999999,0.9189596683000376,
1952-09-30,,17.6,,0.058499999999999996,28.64,0.09519999999999999,,,10.5,24.78,300.75,,,12.43,,,,,,,,,,,0.0278,,,,,,,26.7,,,0.0464,2.75,0.022400000000000003,17428.28,,,,,,0.023,157.55,0.0173,361.03,363.049,3.52,2.95,26.63,,1.71,0,0.7102502017756255,1.4079545454545455,,0.06863695537766945,0.06825524929141798,0.023299999999999994,0.0056999999999999985,0.9280898876404495,0.9305294780322945,
1952-12-31,,17.11,,0.0541,29.13,0.0922,,,10.85,26.04,316.04,,,12.93,,,,,,,,,,,0.0282,,,,,,,26.7,0.601,0.38,0.0692,2.84,0.0536,17925.97,160.67,,,,,0.0075,,,367.701,369.683,3.51,2.97,26.71,,2.09,0,0.6570660522273426,1.521917007597896,68.52631578947368,0.07081840952295479,0.07043872723387334,0.019000000000000003,0.005399999999999996,0.9752808988764045,0.9749157618869336,831.6842105263158
1953-03-31,,17.18,,0.054299999999999994,29.6,0.0935,,,10.7,25.99,316.62,,,12.83,,,,,,,,,,,0.0277,,,,,,,26.6,,,0.0783,2.9,0.061900000000000004,18183.82,178.61,,,,,0.011399999999999999,,,380.812,382.751,3.57,3.12,26.63,,2.01,1,0.6610234705656022,1.5128055878928988,,0.06824889971954665,0.06790315374747552,0.0186,0.004499999999999997,0.9770676691729322,0.9759669545625235,
1953-06-30,,17.17,,0.0593,30.35,0.1048,,,9.54,23.95,289.59,,,11.62,,,,,,,,,,,0.0311,,,,,,,26.8,,,0.0851,2.92,0.0678,18249.04,177.82,,,,,0.0113,,,387.98,389.888,3.86,3.4,26.77,3.11,2.11,1,0.716910229645094,1.3948747815958065,,0.06172998608175679,0.061427897242284965,0.020700000000000003,0.0046,0.8936567164179104,0.8946581994770265,
1953-09-30,,17.11,,0.061,30.72,0.1096,,,9.13,23.27,280.32,,,11.14,,,,,,,,,,,0.0287,,,,,,,26.9,,,0.0638,2.9,0.0542,18068.12,177.85,,,,,0.0075,160.18,0.0167,391.749,393.801,3.88,3.29,26.89,2.87,1.79,2,0.7352814782982381,1.3600233781414377,,0.05940027926044482,0.05909075903819442,0.022199999999999998,0.005899999999999999,0.8650557620817844,0.8653774637411676,
1953-12-31,,17.47,,0.0584,30.24,0.1011,,,9.89,24.83,299.12,,,11.75,,,,,,,,,,,0.0259,,,,,,,26.9,0.5720000000000001,0.39,0.013500000000000002,2.86,0.0052,17716.28,177.91,,,,,0.0075,,,391.171,392.98,3.74,3.13,26.87,2.59,1.6,2,0.7035843737414418,1.4212936462507155,63.66666666666666,0.06347607568045688,0.06318387704208865,0.020999999999999998,0.006100000000000003,0.9230483271375465,0.9240788983997021,766.974358974359
1954-03-31,,17.71,,0.0553,30.72,0.096,,,10.42,26.57,320.08,,,12.42,,,,,,,,,,,0.023700000000000002,,,,,,,26.9,,,-0.0068000000000000005,2.85,-0.0178,17554.39,177.98,,,,,0.0113,,,385.97,387.798,3.51,2.86,26.93,2.37,1.03,2,0.6665412118931126,1.5002823263692828,,0.06883954711506075,0.06851505165060161,0.020200000000000003,0.006499999999999999,0.987732342007435,0.9866320089119941,
1954-06-30,,17.47,,0.0501,31.56,0.09050000000000001,,,11.05,28.96,348.87,,,13.36,,,,,,,,,,,0.023799999999999998,,,,,,,26.9,,,-0.0144,2.85,-0.024300000000000002,17496.91,177.91,,,,,0.0037,,,385.345,387.345,3.49,2.9,26.94,2.38,0.64,2,0.6032458563535911,1.6576989124212937,,0.07515343393582374,0.07476539002697853,0.015199999999999998,0.005900000000000003,1.0765799256505577,1.074981440237565,
1954-09-30,,17.77,,0.0467,31.8,0.0836,,,11.96,31.45,380.28,,,14.36,,,,,,,,,,,0.023799999999999998,,,,,,,26.8,,,-0.0004,2.88,-0.0077,17616.54,179.74,,,,,-0.0037,163.03,0.0177,386.121,388.119,3.47,2.89,26.81,2.38,1.01,3,0.5650238473767886,1.7698368036015757,,0.08145115132303087,0.08103184847946118,0.011999999999999997,0.0058000000000000005,1.1735074626865671,1.1730697500932488,
1954-12-31,,18.69,,0.044000000000000004,33.62,0.07919999999999999,,,12.62,34.97,424.43,,,15.79,,,,,,,,,,,0.025099999999999997,,,,,,,26.7,0.58,0.4,0.035699999999999996,2.94,0.0273,17881.86,180.69,,,,,-0.0074,,,390.996,393.034,3.45,2.9,26.77,2.51,1.15,3,0.5344581069488133,1.8710540395933652,87.425,0.08943825512281456,0.08897449075652487,0.009500000000000001,0.005500000000000002,1.3097378277153557,1.306313036981696,1061.075
1955-03-31,,18.93,,0.042699999999999995,35.93,0.08109999999999999,,,12.33,36.5,443.0,,,16.22,,,,,,,,,,,0.0268,,,,,,,26.7,,,0.07200000000000001,3.02,0.0617,18311.69,180.49,,,,,-0.0074,,,399.734,402.077,3.48,3.02,26.79,2.68,1.28,1,0.5186301369863013,1.9281563655573164,,0.09131072162988388,0.09077863195358103,0.007899999999999997,0.0046,1.3670411985018727,1.3624486748786862,
1955-06-30,,19.05,,0.0395,39.08,0.0809,,,12.35,39.78,482.8,,,17.37,,,,,,,,,,,0.0278,,,,,,,26.7,,,0.0917,3.07,0.07780000000000001,18528.14,179.25,,,,,-0.0074,,,413.073,415.496,3.51,3.05,26.71,2.78,1.41,1,0.47888386123680243,2.088188976377953,,0.09630259058326253,0.09574099389645148,0.004400000000000001,0.0046,1.4898876404494383,1.489329839011606,
1955-09-30,,19.52,,0.0365,41.44,0.0776,,,12.89,44.34,534.15,,,18.84,,,,,,,,,,,0.0297,,,,,,,26.9,,,0.1003,3.11,0.0802,18695.21,179.9,,,,,0.0037,165.93,0.0178,421.532,423.93,3.59,3.13,26.85,2.97,2.07,1,0.4402345511953089,2.271516393442623,,0.10518774375373638,0.10459273936734839,0.0005999999999999964,0.0046,1.6483271375464685,1.6513966480446929,
1955-12-31,,19.83,,0.0361,43.77,0.07980000000000001,,,12.53,45.37,548.59,,,18.94,,,,,,,,,,,0.0296,,,,,,,26.8,0.5579999999999999,0.44,0.0935,3.13,0.0658,18723.92,180.57,,,,,0.0037,,,430.221,432.668,3.62,3.15,26.87,2.96,2.54,1,0.4370729556975975,2.287947554210792,103.11363636363636,0.10545742769413859,0.10486100196917729,-0.00010000000000000286,0.004700000000000002,1.6929104477611938,1.6885001860811313,1246.7954545454545
1956-03-31,,20.92,,0.0364,44.62,0.07769999999999999,,,12.87,47.49,574.23,,,19.37,,,,,,,,,,,0.0296,,,,,,,26.8,,,0.0646,3.12,0.0322,18568.74,179.13,,,,,0.0037,,,437.092,439.619,3.6,3.1,26.89,2.96,2.25,0,0.4405137923773426,2.270076481835564,,0.10864989521656769,0.1080253583216376,0.0003999999999999976,0.005,1.7720149253731343,1.766084046113797,
1956-06-30,,21.44,,0.038900000000000004,42.89,0.07780000000000001,,,12.85,46.27,551.25,,,18.16,,,,,,,,,,,0.03,,,,,,,27.2,,,0.0581,3.14,0.024,18639.75,175.82,,,,,0.0187,,,439.746,442.597,3.76,3.26,27.15,3.0,2.49,0,0.4633671925653771,2.158115671641791,,0.10521983144815418,0.10454205518790233,0.0013000000000000095,0.005,1.7011029411764707,1.7042357274401476,
1956-09-30,,21.76,,0.0393,40.92,0.0739,,,13.54,46.84,553.97,,,17.84,,,,,,,,,,,0.0338,,,,,,,27.4,,,0.0487,3.14,0.0095,18539.36,177.96,,,,,0.018600000000000002,168.9,0.0179,446.01,448.848,4.07,3.56,27.35,3.38,2.84,0,0.4645602049530316,2.1525735294117645,,0.10502006681464542,0.1043560403521905,-0.0013999999999999985,0.005100000000000002,1.7094890510948908,1.7126142595978062,
1956-12-31,,20.43,,0.0375,40.04,0.07339999999999999,,,13.62,46.44,545.26,,,17.2,,,,,,,,,,,0.0359,,,,,,,27.6,0.507,0.46,0.0535,3.19,0.02,18759.21,176.53,,,,,0.029900000000000003,,,451.191,454.125,4.37,3.75,27.63,3.59,3.21,0,0.43992248062015504,2.2731277533039647,100.95652173913042,0.10292758499172192,0.10226259289843104,-0.006200000000000004,0.006200000000000001,1.6826086956521737,1.6807817589576548,1185.3478260869565
1957-03-31,,20.17,,0.0393,39.63,0.07719999999999999,,,12.95,44.03,513.24,,,15.9,,,,,,,,,,,0.0341,,,,,,,27.8,,,0.0683,3.21,0.0305,18794.25,176.92,,,,,0.0373,,,460.463,463.023,4.43,3.66,27.86,3.41,3.08,0,0.4580967522143993,2.1829449677739214,,0.09562114654163309,0.09509246840869676,-0.0049999999999999975,0.007699999999999996,1.5838129496402877,1.5804020100502514,
1957-06-30,,19.95,,0.0364,39.44,0.0719,,,13.9,47.55,548.35,,,16.73,,,,,,,,,,,0.038,,,,,,,28.1,,,0.0583,3.21,0.019799999999999998,18668.95,176.93,,,,,0.0331,,,469.779,472.864,4.63,3.91,28.11,3.8,3.29,0,0.4195583596214511,2.3834586466165413,,0.10121780667079626,0.10055745415172226,-0.009899999999999999,0.007199999999999997,1.692170818505338,1.6915688367129136,
1957-09-30,,20.15,,0.04,39.73,0.0789,,,12.67,43.98,503.6,,,15.16,,,,,,,,,,,0.0392,,,,,,,28.3,,,0.06269999999999999,3.24,0.030699999999999998,18771.04,175.68,,,,,0.032799999999999996,171.98,0.0182,472.025,475.392,4.93,4.12,28.32,3.92,3.53,2,0.45816280127330605,2.1826302729528537,,0.093173031089455,0.09251312600969305,-0.009299999999999996,0.008099999999999996,1.5540636042402824,1.5529661016949152,
1957-12-31,,20.42,,0.0444,38.45,0.0836,,,11.97,40.33,460.18,,,13.67,,,,,,,,,,,0.0321,,,,,,,28.4,0.473,0.47,0.0313,3.2,0.0034999999999999996,18499.14,176.35,,,,,0.028999999999999998,,,479.49,482.723,5.03,3.81,28.47,3.21,3.04,2,0.506322836598066,1.9750244857982369,85.80851063829788,0.08411020042128094,0.08354687885184671,-0.0059000000000000025,0.012200000000000003,1.4200704225352112,1.4165788549350193,979.1063829787234
1958-03-31,,19.92,,0.042,35.33,0.0746,,,13.41,42.11,473.82,,,13.93,,,,,,,,,,,0.0298,,,,,,,28.8,,,-0.0048,3.12,-0.0287,17943.86,174.48,,,,,0.036000000000000004,,,474.864,477.398,4.68,3.63,28.87,2.98,1.3,2,0.47304678223699836,2.1139558232931726,,0.08867802149668116,0.08820732386813518,-0.004799999999999992,0.010499999999999999,1.4621527777777776,1.4586075510910979,
1958-06-30,,19.4,,0.0387,32.85,0.0655,,,15.27,44.75,501.78,,,14.64,,,,,,,,,,,0.0297,,,,,,,28.9,,,-0.0001,3.14,-0.0202,17986.81,175.21,,,,,0.0285,,,467.54,470.17,4.55,3.57,28.91,2.97,0.83,2,0.4335195530726257,2.3067010309278353,,0.09571373572314668,0.09517833974945232,-0.0068000000000000005,0.0098,1.5484429065743945,1.5479072985126254,
1958-09-30,,19.4,,0.0353,32.29,0.0588,,,17.0,48.96,548.99,,,15.93,,,,,,,,,,,0.037599999999999995,,,,,,,28.9,,,0.0132,3.21,-0.0073,18325.97,174.38,,,,,0.0212,174.88,0.0168,471.978,474.672,4.87,4.09,28.91,3.76,2.44,3,0.39624183006535946,2.523711340206186,,0.10373364860226536,0.10314490848417433,-0.013400000000000002,0.007800000000000002,1.6941176470588237,1.6935316499481148,
1958-12-31,,19.62,,0.0327,32.41,0.054000000000000006,,,18.51,53.49,599.78,,,17.36,,,,,,,,,,,0.038599999999999995,,,,,,,28.9,0.478,0.5,0.052000000000000005,3.29,0.026600000000000002,18676.0,174.07,,,,,0.0176,,,485.841,488.446,4.85,4.08,28.97,3.86,2.77,3,0.3667975322490185,2.7262996941896023,106.98,0.11009774802867606,0.10951057025751056,-0.015799999999999995,0.007699999999999996,1.8508650519031145,1.8463928201587851,1199.56
1959-03-31,,19.85,,0.0315,34.87,0.0554,,,18.06,56.16,629.72,,,18.2,,,,,,,,,,,0.039900000000000005,,,,,,,28.9,,,0.0915,3.35,0.0742,18954.96,173.81,,,,,0.0034999999999999996,,,499.555,502.14,4.85,4.13,28.97,3.99,2.8,3,0.353454415954416,2.8292191435768257,,0.11242005384792464,0.11184131915402079,-0.016999999999999994,0.007199999999999997,1.9432525951557094,1.9385571280635139,
1959-06-30,,19.93,,0.031200000000000002,37.86,0.0592,,,16.9,57.46,639.87,,,18.45,,,,,,,,,,,0.0434,,,,,,,29.1,,,0.1074,3.43,0.09119999999999999,19301.67,173.06,,,,,0.0069,,,510.33,512.913,5.04,4.46,29.11,4.34,3.21,1,0.34684998259658895,2.8830908178625188,,0.1125938118472361,0.11202679596734728,-0.0192,0.0058000000000000005,1.974570446735395,1.97389213328753,
1959-09-30,,20.02,,0.0317,37.94,0.0601,,,16.63,57.05,630.97,,,18.12,,,,,,,,,,,0.046799999999999994,,,,,,,29.3,,,0.08070000000000001,3.43,0.0673,19237.21,171.56,,,,,0.0138,177.83,0.0169,522.653,525.253,5.18,4.52,29.25,4.68,4.04,1,0.35092024539877303,2.8496503496503496,,0.10915463988535413,0.10861432490628324,-0.0201,0.006600000000000002,1.9470989761092148,1.9504273504273504,
1959-12-31,,20.17,,0.031,37.37,0.0574,,,17.42,59.06,650.97,,,18.62,,,,,,,,,,,0.046900000000000004,,,,,,,29.4,0.465,0.53,0.0581,3.44,0.0458,19215.48,171.98,,,,,0.0173,,,525.034,527.864,5.28,4.58,29.41,4.69,4.49,0,0.3415171012529631,2.9281110560237975,111.43396226415094,0.11248795316112861,0.11188487943864328,-0.0218,0.007000000000000002,2.008843537414966,2.0081604896293777,1228.245283018868
1960-03-31,,21.38,,0.0353,37.37,0.0616,,,16.23,55.02,606.44,,,17.29,,,,,,,,,,,0.0425,,,,,,,29.4,,,0.0633,3.52,0.0492,19569.9,172.11,,,,,0.0173,,,528.6,531.63,5.25,4.49,29.41,4.25,3.31,0,0.38858596873864043,2.573433115060805,,0.10408626560726447,0.10349303086733255,-0.0172,0.007599999999999998,1.8714285714285717,1.8707922475348522,
1960-06-30,,21.35,,0.0341,35.69,0.056900000000000006,,,17.56,57.26,626.87,,,17.82,,,,,,,,,,,0.0415,,,,,,,29.6,,,0.0353,3.5,0.0206,19387.91,170.57,,,,,0.0172,,,542.648,545.575,5.26,4.45,29.61,4.15,2.46,2,0.37286063569682154,2.6819672131147536,,0.10551960018280726,0.10495348943774915,-0.018500000000000003,0.008099999999999996,1.9344594594594593,1.933806146572104,
1960-09-30,,21.35,,0.0356,35.8,0.059699999999999996,,,16.76,54.81,600.05,,,17.05,,,,,,,,,,,0.038,,,,,,,29.6,,,0.0392,3.52,0.024900000000000002,19403.3,170.94,,,,,0.0102,180.67,0.016,541.08,544.084,5.01,4.25,29.61,3.8,2.48,2,0.38952745849297576,2.5672131147540984,,0.10129740518962076,0.10073812131950215,-0.014499999999999999,0.007599999999999998,1.8516891891891891,1.8510638297872342,
1960-12-31,,21.2,,0.034300000000000004,35.56,0.0576,,,17.37,56.8,617.66,,,17.56,,,,,,,,,,,0.0384,,,,,,,29.8,0.44299999999999995,0.54,0.0219,3.47,0.0089,19074.84,170.72,,,,,0.013600000000000001,,,545.604,548.768,5.1,4.35,29.81,3.84,2.25,2,0.3732394366197183,2.6792452830188678,105.18518518518518,0.10410480861577259,0.10350457752638637,-0.016699999999999993,0.0075,1.9060402684563758,1.90540087219054,1143.8148148148148
1961-03-31,,21.1,,0.030299999999999997,33.6,0.0482,,,20.75,64.12,697.26,,,19.84,,,,,,,,,,,0.0374,,,,,,,29.8,,,0.0044,3.49,-0.0067,19124.22,170.41,,,,,0.013600000000000001,,,540.197,543.553,5.02,4.22,29.84,3.74,2.39,2,0.32907049282595136,3.0388625592417062,,0.11869743815682057,0.11796457751130066,-0.019899999999999998,0.007999999999999998,2.1516778523489934,2.148793565683646,
1961-06-30,,21.1,,0.0296,32.95,0.0462,,,21.66,65.62,713.57,,,20.33,,,,,,,,,,,0.0388,,,,,,,29.8,,,0.026699999999999998,3.55,0.015700000000000002,19368.87,170.11,,,,,0.0068000000000000005,,,545.018,548.594,5.03,4.33,29.84,3.88,2.33,3,0.321548308442548,3.109952606635071,,0.12039969322114132,0.11961487001316091,-0.020700000000000003,0.007000000000000002,2.202013422818792,2.1990616621983916,
1961-09-30,,21.17,,0.0291,32.95,0.0453,,,22.05,67.26,726.53,,,20.71,,,,,,,,,,,0.0398,,,,,,,30.0,,,0.0404,3.62,0.0301,19662.99,169.71,,,,,0.013500000000000002,183.69,0.0167,555.545,558.945,5.12,4.45,29.98,3.98,2.28,3,0.31474873624739813,3.1771374586679264,,0.1210703003357064,0.12033384322249953,-0.0221,0.006699999999999999,2.242,2.2434956637758505,
1961-12-31,,21.82,,0.0282,34.46,0.044500000000000005,,,22.49,71.74,774.92,,,22.04,,,,,,,,,,,0.0406,,,,,,,30.0,0.436,0.58,0.0748,3.69,0.064,19971.55,170.5,,,,,0.0067,,,567.664,571.166,5.1,4.42,30.01,4.06,2.6,1,0.30415388904376917,3.287809349220898,123.6896551724138,0.12637757546717776,0.12560271444728852,-0.022799999999999997,0.006799999999999997,2.3913333333333333,2.3905364878373874,1336.0689655172414
1962-03-31,,21.96,,0.028999999999999998,36.28,0.0479,,,20.86,70.29,756.74,,,21.44,,,,,,,,,,,0.0393,,,,,,,30.1,,,0.08990000000000001,3.76,0.0757,20249.84,170.43,,,,,0.0101,,,580.612,584.209,5.04,4.39,30.17,3.93,2.72,1,0.31241997439180536,3.2008196721311477,,0.12106191398042068,0.12031653055670148,-0.021400000000000002,0.006500000000000003,2.335215946843854,2.3297978123964205,
1962-06-30,,22.1,,0.037000000000000005,37.23,0.062400000000000004,,,16.03,55.63,596.92,,,16.83,,,,,,,,,,,0.0391,,,,,,,30.2,,,0.08070000000000001,3.79,0.0673,20355.01,170.41,,,,,0.0134,,,594.013,597.614,5.02,4.28,30.21,3.91,2.73,1,0.3972676613338127,2.5171945701357465,,0.09365114904892653,0.09308684200838668,-0.01319999999999999,0.007399999999999993,1.8420529801324506,1.8414432307183053,
1962-09-30,,22.17,,0.0359,37.63,0.060899999999999996,,,16.43,58.0,618.26,,,17.32,,,,,,,,,,,0.0398,,,,,,,30.4,,,0.0729,3.84,0.0601,20529.49,169.65,,,,,0.013300000000000001,186.54,0.0155,600.366,604.358,5.03,4.32,30.42,3.98,2.78,0,0.38224137931034485,2.616147947677041,,0.09660773594773855,0.09596960741811973,-0.014400000000000003,0.0070999999999999995,1.9078947368421053,1.9066403681788295,
1962-12-31,,22.71,,0.034,39.12,0.058600000000000006,,,17.07,62.64,667.72,,,18.59,,,,,,,,,,,0.038599999999999995,,,,,,,30.4,0.423,0.61,0.0545,3.85,0.0431,20522.91,169.29,,,,,0.013300000000000001,,,609.027,613.078,4.92,4.24,30.38,3.86,2.87,0,0.3625478927203065,2.7582562747688244,102.68852459016394,0.10285258289041371,0.10217296983418098,-0.015199999999999998,0.006799999999999997,2.060526315789474,2.0618828176431863,1094.6229508196723
1963-03-31,,22.84,,0.0327,39.42,0.0565,,,17.7,65.67,697.73,,,19.29,,,,,,,,,,,0.0393,,,,,,,30.5,,,0.0466,3.89,0.036000000000000004,20672.58,169.28,,,,,0.013300000000000001,,,612.28,617.01,4.88,4.19,30.51,3.93,2.89,0,0.3477996040810111,2.8752189141856395,,0.10725485072189195,0.10643263480332572,-0.016099999999999996,0.006899999999999995,2.1531147540983606,2.152409046214356,
1963-06-30,,23.3,,0.031400000000000004,40.67,0.0548,,,18.26,70.11,742.46,,,20.38,,,,,,,,,,,0.039900000000000005,,,,,,,30.6,,,0.0489,3.94,0.0382,20829.84,169.81,,,,,0.0132,,,621.672,626.179,4.84,4.23,30.61,3.99,2.99,0,0.3323349022963914,3.0090128755364804,,0.1127765123730842,0.11196478962085922,-0.016999999999999994,0.006099999999999994,2.291176470588235,2.290427964717413,
1963-09-30,,23.33,,0.030299999999999997,41.8,0.054400000000000004,,,18.4,72.85,768.97,,,20.96,,,,,,,,,,,0.0408,,,,,,,30.7,,,0.0582,4.02,0.0482,21213.05,169.49,,,,,0.009899999999999999,189.24,0.014499999999999999,629.752,634.089,4.84,4.31,30.72,4.08,3.38,0,0.3202470830473576,3.1225889412773253,,0.11568045833915573,0.11488923479196136,-0.0181,0.005300000000000003,2.3729641693811074,2.371419270833333,
1963-12-31,,23.91,,0.030699999999999998,42.16,0.0542,,,18.45,74.17,777.83,,,21.04,,,,,,,,,,,0.041299999999999996,,,,,,,30.9,0.41100000000000003,0.65,0.068,4.05,0.0516,21277.96,169.35,,,,,0.016399999999999998,,,644.444,648.882,4.85,4.35,30.88,4.13,3.52,0,0.3223675340434138,3.1020493517356753,114.1076923076923,0.11509145868376462,0.11430429569628994,-0.017799999999999996,0.005,2.4003236245954693,2.4018782383419692,1196.6615384615384
1964-03-31,,24.44,,0.0296,43.84,0.053,,,18.85,78.8,826.39,,,22.17,,,,,,,,,,,0.042199999999999994,,,,,,,30.9,,,0.0775,4.14,0.0622,21651.38,170.54,,,,,0.0131,,,653.938,658.563,4.83,4.38,30.94,4.22,3.54,1,0.3101522842639594,3.2242225859247133,,0.12050072025176699,0.11965445978592784,-0.0187,0.004500000000000001,2.5501618122977345,2.546864899806076,
1964-06-30,,24.88,,0.0297,45.26,0.054000000000000006,,,18.53,80.24,838.78,,,22.3,,,,,,,,,,,0.0417,,,,,,,31.0,,,0.07769999999999999,4.18,0.061799999999999994,21811.61,169.34,,,,,0.0131,,,669.822,674.88,4.85,4.41,31.01,4.17,3.48,1,0.3100697906281157,3.22508038585209,,0.11979301963805308,0.11889521100047415,-0.018799999999999994,0.004399999999999995,2.5883870967741935,2.587552402450822,
1964-09-30,,25.42,,0.029300000000000003,46.58,0.0536,,,18.66,83.41,869.11,,,22.89,,,,,,,,,,,0.042,,,,,,,31.1,,,0.0738,4.25,0.0552,22080.67,169.8,,,,,0.013000000000000001,191.89,0.013999999999999999,678.674,683.549,4.82,4.42,31.08,4.2,3.53,1,0.3047596211485434,3.2812745869394173,,0.1229014224797178,0.12202490238446695,-0.018899999999999997,0.0040000000000000036,2.6819935691318326,2.6837194337194337,
1964-12-31,,25.97,,0.0298,47.26,0.0542,,,18.45,83.96,872.04,,,22.75,,,,,,,,,,,0.0418,,,,,,,31.2,0.38799999999999996,0.7,0.0663,4.26,0.0516,22079.64,170.49,,,,,0.0097,,,692.031,697.079,4.81,4.44,31.25,4.18,3.84,1,0.30931395902810865,3.2329611089718906,119.94285714285714,0.12132404473210015,0.12044545883608601,-0.018299999999999997,0.0036999999999999924,2.691025641025641,2.6867199999999998,1245.7714285714285
1965-03-31,,26.4,,0.0294,48.45,0.053899999999999997,,,18.55,86.83,898.97,,,23.25,,,,,,,,,,,0.0421,,,,,,,31.3,,,0.0716,4.36,0.0548,22543.41,171.0,,,,,0.0129,,,697.319,702.017,4.78,4.42,31.31,4.21,3.93,0,0.30404238166532305,3.2890151515151516,,0.12451976785373696,0.12368646343322169,-0.018400000000000003,0.0036000000000000034,2.774121405750799,2.7732353880549345,
1965-06-30,,26.77,,0.030699999999999998,49.63,0.056900000000000006,,,17.57,85.04,872.07,,,22.39,,,,,,,,,,,0.0421,,,,,,,31.6,,,0.0759,4.42,0.056600000000000004,22757.26,168.56,,,,,0.0194,,,717.79,723.225,4.85,4.46,31.61,4.21,3.8,0,0.3147930385700846,3.1766903249906613,,0.11847476281363631,0.11758443084793806,-0.017799999999999996,0.003899999999999997,2.6911392405063292,2.6902878835811452,
1965-09-30,,27.28,,0.0298,51.07,0.0557,,,17.95,89.38,916.58,,,23.37,,,,,,,,,,,0.0429,,,,,,,31.6,,,0.0828,4.52,0.0635,23194.19,168.86,,,,,0.0161,194.3,0.0126,730.191,735.832,4.91,4.52,31.62,4.29,3.92,1,0.30521369433877826,3.2763929618768324,,0.12240632930288102,0.12146794376977353,-0.019300000000000005,0.003900000000000006,2.8284810126582274,2.8266919671094244,
1965-12-31,,27.72,,0.0297,52.89,0.056600000000000004,,,17.67,91.73,934.76,,,23.69,,,,,,,,,,,0.0462,,,,,,,31.8,0.368,0.77,0.1069,4.62,0.08460000000000001,23659.98,169.59,,,,,0.0192,,,749.323,754.576,5.02,4.68,31.85,4.62,4.38,1,0.30219121334350807,3.3091630591630596,119.12987012987013,0.12241716856415726,0.12156495833421684,-0.020499999999999994,0.0033999999999999985,2.8845911949685537,2.8800627943485084,1213.9740259740258
1966-03-31,,28.06,,0.0313,53.91,0.0601,,,16.64,88.88,897.26,,,22.61,,,,,,,,,,,0.0487,,,,,,,32.1,,,0.10859999999999999,4.73,0.0848,24165.97,168.92,,,,,0.0256,,,771.857,776.644,5.32,4.92,32.18,4.87,4.59,1,0.3157065706570657,3.1674982181040625,,0.11515086343713926,0.1144411081525126,-0.021900000000000003,0.0040000000000000036,2.7688473520249217,2.7619639527656927,
1966-06-30,,28.3,,0.0329,54.61,0.0634,,,15.76,86.06,860.74,,,21.56,,,,,,,,,,,0.0481,,,,,,,32.4,,,0.1024,4.75,0.07490000000000001,24178.81,167.75,,,,,0.0253,,,795.734,800.732,5.58,5.07,32.38,4.81,4.5,1,0.32884034394608413,3.040989399293286,,0.10815171904179034,0.10747665885714572,-0.022900000000000004,0.005099999999999998,2.6561728395061732,2.6578134651019147,
1966-09-30,,28.64,,0.0371,54.6,0.0708,,,14.12,77.81,771.09,,,19.16,,,,,,,,,,,0.0518,,,,,,,32.7,,,0.09380000000000001,4.79,0.0604,24315.86,166.38,,,,,0.0348,196.56,0.0116,804.981,810.033,6.09,5.49,32.75,5.18,5.37,4,0.36807608276571135,2.7168296089385473,,0.09666066652504843,0.09605781492852761,-0.023799999999999995,0.005999999999999997,2.379510703363914,2.37587786259542,
1966-12-31,,28.27,,0.0353,54.67,0.0682,,,14.65,81.33,801.07,,,19.74,,,,,,,,,,,0.0484,,,,,,,32.9,0.33799999999999997,0.83,0.0796,4.83,0.045,24448.56,166.1,,,,,0.0346,,,819.638,824.605,6.18,5.39,32.92,4.84,4.96,4,0.3475962129595475,2.8769013088079234,97.98795180722892,0.09922673180111219,0.09862904057094002,-0.026499999999999996,0.0079,2.472036474164134,2.470534629404617,965.1445783132531
1967-03-31,,28.48,,0.032400000000000005,53.52,0.060899999999999996,,,16.41,89.42,878.09,,,21.44,,,,,,,,,,,0.0454,,,,,,,33.0,,,0.060899999999999996,4.87,0.029300000000000003,24598.11,165.65,,,,,0.027999999999999997,,,833.302,838.565,5.85,5.13,33.0,4.54,4.26,0,0.31849698054126596,3.139747191011236,,0.1073080347821078,0.10663454830573658,-0.02609999999999999,0.007199999999999997,2.70969696969697,2.70969696969697,
1967-06-30,,28.22,,0.0317,51.87,0.0583,,,17.15,91.43,889.74,,,21.55,,,,,,,,,,,0.050199999999999995,,,,,,,33.3,,,0.0547,4.87,0.0264,24546.52,164.82,,,,,0.0278,,,844.17,849.391,6.15,5.44,33.3,5.02,3.54,0,0.30865142732144807,3.2399007795889445,,0.1083075683807764,0.10764182808624062,-0.029800000000000007,0.0070999999999999995,2.745645645645646,2.745645645645646,
1967-09-30,,28.16,,0.0305,51.12,0.0553,,,18.08,95.81,924.04,,,22.22,,,,,,,,,,,0.053,,,,,,,33.6,,,0.0556,4.92,0.0274,24715.05,164.55,,,,,0.0275,198.71,0.0109,848.983,854.063,6.4,5.65,33.6,5.3,4.42,0,0.2939150401836969,3.40234375,,0.11285267196162939,0.11218141987183616,-0.0335,0.0075,2.851488095238095,2.851488095238095,
1967-12-31,,27.91,,0.030600000000000002,50.95,0.0559,,,17.88,95.3,910.98,,,21.75,,,,,,,,,,,0.057,,,,,,,33.9,0.319,0.88,0.057800000000000004,4.96,0.026699999999999998,24839.16,164.67,,,,,0.0304,,,865.233,870.922,6.93,6.19,34.0,5.7,4.97,0,0.29286463798530954,3.414546757434611,108.29545454545455,0.11014374162797767,0.10942426531882303,-0.0387,0.007399999999999993,2.8112094395280236,2.802941176470588,1035.2045454545455
1968-03-31,,27.87,,0.0331,51.4,0.0611,,,16.38,89.09,841.69,,,19.93,,,,,,,,,,,0.0574,,,,,,,34.3,,,0.07730000000000001,5.06,0.0384,25282.53,163.71,,,,,0.0394,,,881.439,887.023,6.85,6.11,34.3,5.74,5.17,0,0.312829722752273,3.196627197703624,,0.10107335845135058,0.10043707998552462,-0.035399999999999994,0.007399999999999993,2.597376093294461,2.597376093294461,
1968-06-30,,27.92,,0.0298,52.02,0.0554,,,18.04,100.5,938.54,,,22.0,,,,,,,,,,,0.0572,,,,,,,34.7,,,0.1005,5.14,0.055099999999999996,25640.95,161.99,,,,,0.042,,,909.387,915.204,7.07,6.28,34.7,5.72,5.52,0,0.27781094527363187,3.5995702005730656,,0.11051400558837987,0.10981158299133309,-0.0409,0.0079,2.8962536023054755,2.8962536023054755,
1968-09-30,,27.97,,0.029900000000000003,52.25,0.0559,,,17.9,101.3,935.23,,,21.68,,,,,,,,,,,0.0546,,,,,,,35.1,,,0.0989,5.18,0.053399999999999996,25775.96,161.77,,,,,0.0446,200.71,0.01,934.344,940.344,6.79,5.97,35.1,5.46,5.19,1,0.27611056268509376,3.621737575974258,,0.1084183127413458,0.10772653411942863,-0.038,0.008200000000000002,2.8860398860398857,2.8860398860398857,
1968-12-31,,28.02,,0.0288,52.58,0.0541,,,18.49,106.5,972.16,,,22.28,,,,,,,,,,,0.0603,,,,,,,35.5,0.32299999999999995,0.97,0.09820000000000001,5.2,0.0496,25813.94,162.9,,,,,0.0472,,,950.825,957.077,7.23,6.45,35.6,6.03,5.96,1,0.26309859154929577,3.800856531049251,109.79381443298969,0.11200799305865958,0.11127631319110165,-0.043500000000000004,0.007800000000000002,3.0,2.991573033707865,1002.2268041237113
1969-03-31,,27.83,,0.031200000000000002,52.24,0.058600000000000006,,,17.06,99.3,891.37,,,20.2,,,,,,,,,,,0.063,,,,,,,36.1,,,0.09230000000000001,5.28,0.0447,26153.83,163.45,,,,,0.0525,,,968.03,974.301,7.51,6.85,36.1,6.3,6.02,1,0.28026183282980865,3.568091987064319,,0.10257946551243247,0.1019192220884511,-0.043899999999999995,0.006600000000000002,2.750692520775623,2.750692520775623,
1969-06-30,,27.71,,0.0316,51.71,0.058899999999999994,,,16.98,99.14,877.78,,,19.71,,,,,,,,,,,0.06570000000000001,,,,,,,36.6,,,0.0799,5.3,0.030600000000000002,26169.35,163.18,,,,,0.0548,,,993.337,999.671,7.7,6.98,36.6,6.57,6.44,4,0.2795037320960258,3.5777697582100325,,0.099805000719796,0.0991726277945444,-0.045399999999999996,0.007199999999999997,2.708743169398907,2.708743169398907,
1969-09-30,,27.51,,0.0333,51.45,0.0623,,,16.05,94.51,825.51,,,18.4,,,,,,,,,,,0.0716,,,,,,,37.1,,,0.0832,5.33,0.029500000000000002,26269.39,164.1,,,,,0.057,202.68,0.0098,1009.02,1015.181,8.05,7.14,37.1,7.16,7.09,4,0.2910803089620146,3.435478007997092,,0.09366514043329172,0.09309669901229436,-0.0472,0.00910000000000001,2.5474393530997306,2.5474393530997306,
1969-12-31,,27.16,,0.0347,49.68,0.0634,,,15.76,91.11,783.14,,,17.33,,,,,,,,,,,0.0765,,,,,,,37.7,0.284,1.04,0.0724,5.31,0.0204,26064.93,164.76,,,,,0.062,,,1029.956,1035.904,8.65,7.72,37.7,7.65,7.82,2,0.29810119635605314,3.3545655375552283,87.60576923076923,0.08846008955722381,0.08795216545162486,-0.051800000000000006,0.009300000000000006,2.4167108753315647,2.4167108753315647,753.0192307692307
1970-03-31,,26.89,,0.0358,47.76,0.0635,,,15.75,88.65,752.03,,,16.53,,,,,,,,,,,0.0707,,,,,,,38.2,,,0.0583,5.3,0.0032,25950.46,166.16,,,,,0.0582,,,1038.147,1044.164,8.63,7.84,38.3,7.07,6.63,2,0.3033276931754089,3.2967645965042767,,0.08539253111553567,0.08490045625016761,-0.0505,0.00790000000000001,2.3206806282722514,2.3146214099216715,
1970-06-30,,26.56,,0.0421,46.1,0.073,,,13.69,75.59,631.32,,,13.8,,,,,,,,,,,0.0784,,,,,,,38.8,,,0.057800000000000004,5.31,0.0016,25911.91,166.49,,,,,0.0601,,,1051.2,1057.487,9.25,8.48,38.8,7.84,6.68,2,0.3513692287339595,2.8460090361445785,,0.07190829528158295,0.07148078416094004,-0.0504,0.007699999999999996,1.94819587628866,1.94819587628866,
1970-09-30,,26.37,,0.038599999999999995,44.31,0.0649,,,15.41,82.58,682.66,,,14.84,,,,,,,,,,,0.0739,,,,,,,39.2,,,0.0545,5.36,0.0042,26070.16,167.98,,,,,0.056600000000000004,205.05,0.011699999999999999,1067.375,1074.012,9.39,8.09,39.2,7.39,6.12,2,0.3193267134899492,3.1315889268107697,,0.0773673732287153,0.07688927125581464,-0.055300000000000016,0.013000000000000006,2.1066326530612245,2.1066326530612245,
1970-12-31,,25.57,,0.0349,41.77,0.057,,,17.55,90.05,733.19,,,15.87,,,,,,,,,,,0.0639,,,,,,,39.8,0.271,1.09,0.048600000000000004,5.3,-0.0017000000000000001,25709.21,168.87,,,,,0.0557,,,1086.059,1092.643,9.12,7.64,39.8,6.39,4.87,2,0.283953359244864,3.5217051231912397,82.61467889908256,0.08291446413132252,0.08241484181017954,-0.05629999999999999,0.014799999999999995,2.262562814070352,2.262562814070352,672.651376146789
1971-03-31,,25.2,,0.031200000000000002,42.29,0.0524,,,19.08,99.6,806.89,,,17.4,,,,,,,,,,,0.057,,,,,,,40.0,,,0.0799,5.44,0.027000000000000003,26324.23,169.12,,,,,0.0471,,,1088.608,1094.672,8.46,7.21,40.0,5.7,3.38,3,0.25301204819277107,3.952380952380952,,0.09149298921191099,0.09098615841092125,-0.0534,0.01250000000000001,2.4899999999999998,2.4899999999999998,
1971-06-30,,24.74,,0.0311,42.46,0.0533,,,18.74,99.72,795.93,,,17.08,,,,,,,,,,,0.0652,,,,,,,40.6,,,0.0833,5.47,0.0311,26383.4,168.44,,,,,0.0464,,,1135.156,1142.57,8.75,7.64,40.5,6.52,4.75,3,0.24809466506217406,4.03071948261924,,0.08784695671784319,0.08727692832824248,-0.05639999999999999,0.011100000000000004,2.45615763546798,2.462222222222222,
1971-09-30,,24.54,,0.0311,43.13,0.0546,,,18.31,99.4,789.48,,,16.86,,,,,,,,,,,0.061399999999999996,,,,,,,40.8,,,0.08439999999999999,5.52,0.0301,26524.96,169.96,,,,,0.0408,207.66,0.0127,1156.271,1164.246,8.59,7.44,40.8,6.14,4.69,3,0.24688128772635812,4.050529747351264,,0.08596600623902183,0.0853771453799283,-0.0548,0.011499999999999995,2.436274509803922,2.436274509803922,
1971-12-31,,24.21,,0.031,44.94,0.0575,,,17.4,99.17,781.91,,,16.6,,,,,,,,,,,0.0593,,,,,,,41.1,0.271,1.19,0.0934,5.53,0.0437,26516.02,170.73,,,,,0.0327,,,1177.675,1184.935,8.38,7.25,41.1,5.93,4.01,0,0.2441262478572149,4.096241222635275,83.33613445378151,0.08420829176130937,0.08369235443294358,-0.052800000000000014,0.011300000000000008,2.4128953771289536,2.4128953771289536,657.0672268907563
1972-03-31,,24.03,,0.0285,45.48,0.053899999999999997,,,18.54,107.7,843.01,,,17.81,,,,,,,,,,,0.060700000000000004,,,,,,,41.4,,,0.08410000000000001,5.63,0.0347,26931.03,170.96,,,,,0.035,,,1190.297,1198.025,8.24,7.24,41.4,6.07,3.73,0,0.22311977715877437,4.4818976279650435,,0.09048161929333604,0.08989795705431856,-0.0539,0.01,2.601449275362319,2.601449275362319,
1972-06-30,,23.86,,0.028399999999999998,46.39,0.0553,,,18.09,108.0,839.28,,,17.64,,,,,,,,,,,0.0611,,,,,,,41.7,,,0.09519999999999999,5.76,0.0525,27468.78,170.74,,,,,0.0271,,,1230.609,1238.784,8.2,7.23,41.7,6.11,3.91,0,0.22092592592592591,4.526404023470243,,0.08776142544057455,0.08718226906385616,-0.053599999999999995,0.009699999999999988,2.5899280575539567,2.5899280575539567,
1972-09-30,,23.71,,0.0282,47.26,0.056100000000000004,,,17.82,109.4,842.08,,,17.61,,,,,,,,,,,0.0655,,,,,,,42.1,,,0.0959,5.81,0.0538,27659.29,172.09,,,,,0.0319,209.9,0.0108,1266.369,1274.485,8.09,7.22,42.1,6.55,4.66,1,0.21672760511883,4.614086883171658,,0.08638872240239616,0.08583859362801446,-0.0527,0.008700000000000001,2.598574821852732,2.598574821852732,
1972-12-31,,24.02,,0.0268,48.95,0.0546,,,18.3,117.5,895.91,,,18.65,,,,,,,,,,,0.0636,,,,,,,42.5,0.265,1.33,0.1164,5.91,0.0689,28055.28,170.6,,,,,0.0341,,,1290.566,1299.485,7.93,7.08,42.5,6.36,5.07,1,0.20442553191489363,4.8917568692756035,88.34586466165413,0.09104532429957088,0.09042043578802372,-0.05249999999999999,0.008499999999999997,2.764705882352941,2.764705882352941,673.6165413533834
1973-03-31,,23.72,,0.0282,50.89,0.0605,,,16.53,112.4,841.19,,,17.41,,,,,,,,,,,0.06709999999999999,,,,,,,43.3,,,0.11939999999999999,6.06,0.0756,28681.15,167.24,,,,,0.045899999999999996,,,1328.904,1337.927,8.03,7.29,43.4,6.71,6.09,1,0.21103202846975086,4.738617200674537,,0.08458097800894572,0.08401056260917077,-0.052099999999999994,0.007399999999999993,2.5958429561200926,2.589861751152074,
1973-06-30,,23.61,,0.030699999999999998,53.01,0.069,,,14.5,104.8,768.35,,,15.81,,,,,,,,,,,0.069,,,,,,,44.2,,,0.1165,6.12,0.0632,28924.51,164.29,,,,,0.06,,,1377.49,1388.16,8.13,7.37,44.2,6.9,7.19,1,0.22528625954198472,4.438797119864464,,0.07608040711729304,0.07549562010142923,-0.05060000000000001,0.007600000000000007,2.3710407239819,2.3710407239819,
1973-09-30,,23.44,,0.031,55.13,0.0728,,,13.73,105.6,757.08,,,15.48,,,,,,,,,,,0.0709,,,,,,,45.2,,,0.111,6.09,0.04769999999999999,28705.72,162.08,,,,,0.0736,211.91,0.0096,1413.887,1425.513,8.63,7.63,45.2,7.09,8.29,4,0.22196969696969698,4.505119453924914,,0.07468772256905962,0.07407859486374378,-0.0553,0.010000000000000009,2.3362831858407076,2.3362831858407076,
1973-12-31,,23.71,,0.035699999999999996,57.24,0.0861,,,11.62,94.78,664.8,,,13.49,,,,,,,,,,,0.0674,,,,,,,46.2,0.252,1.48,0.1109,6.15,0.04019999999999999,28911.96,161.48,,,,,0.08710000000000001,,,1433.838,1447.715,8.48,7.68,46.3,6.74,7.45,2,0.2501582612365478,3.9974694221847322,64.04054054054055,0.06610230723415059,0.06546868686170966,-0.049100000000000005,0.008000000000000007,2.0515151515151513,2.047084233261339,449.18918918918916
1974-03-31,,23.32,,0.0353,56.68,0.0858,,,11.66,97.44,660.58,,,13.31,,,,,,,,,,,0.0721,,,,,,,47.8,,,0.08259999999999999,6.1,0.0064,28598.03,159.69,,,,,0.1039,,,1476.289,1490.591,8.62,8.01,47.8,7.21,7.96,2,0.23932676518883417,4.178387650085763,,0.06600333674504111,0.0653700444991282,-0.0509,0.006099999999999994,2.0384937238493723,2.0384937238493723,
1974-06-30,,23.15,,0.039,57.8,0.0973,,,10.27,89.79,593.81,,,11.89,,,,,,,,,,,0.0754,,,,,,,49.0,,,0.08220000000000001,6.11,-0.0021,28600.77,158.71,,,,,0.10859999999999999,,,1491.209,1508.276,9.27,8.47,49.0,7.54,7.9,2,0.25782381111482344,3.878617710583154,,0.06021288766363401,0.05953154462445866,-0.05369999999999999,0.00799999999999999,1.8324489795918368,1.8324489795918368,
1974-09-30,,22.99,,0.0527,58.34,0.13369999999999999,,,7.48,68.12,436.26,,,8.68,,,,,,,,,,,0.08039999999999999,,,,,,,50.6,,,0.08800000000000001,6.05,-0.0063,28262.26,156.74,,,,,0.1195,213.85,0.0092,1530.056,1546.453,10.18,9.24,50.6,8.04,8.06,2,0.33749266001174394,2.963027403218791,,0.04452124628118187,0.044049188691799884,-0.049100000000000005,0.009399999999999995,1.3462450592885375,1.3462450592885375,
1974-12-31,,22.48,,0.0537,55.51,0.1325,,,7.54,67.07,418.77,,,8.29,,,,,,,,,,,0.07429999999999999,,,,,,,51.9,0.23199999999999998,1.6,0.0836,6.03,-0.0195,28083.03,157.14,13094.42,11196.68,,56640.0,0.1234,,,1560.026,1575.303,10.63,8.89,51.9,7.43,7.15,2,0.3351722081407485,2.9835409252669036,41.918749999999996,0.04299287319570314,0.042575936184975204,-0.05260000000000001,0.017400000000000002,1.2922928709055876,1.2922928709055876,261.73125
1975-03-31,,22.57,,0.0438,51.96,0.1009,,,9.91,83.78,515.17,,,10.16,,,,,,,,,,,0.07730000000000001,,,,,,,52.7,,,0.08380000000000001,5.96,-0.023,27672.8,161.87,,,,,0.1025,,,1599.679,1613.018,10.48,8.67,52.8,7.73,5.49,2,0.2693960372403915,3.7120070890562693,,0.0523730073345965,0.05193990395643446,-0.061000000000000006,0.018100000000000005,1.5897533206831118,1.5867424242424244,
1975-06-30,,22.43,,0.04019999999999999,48.12,0.0861,,,11.61,92.4,558.63,,,11.01,,,,,,,,,,,0.0786,,,,,,,53.6,,,0.0796,6.0,-0.0183,27802.15,162.98,,,,,0.09390000000000001,,,1616.116,1627.512,10.62,8.77,53.5,7.86,5.34,3,0.24274891774891774,4.119482835488186,,0.0571741137393603,0.05677377493990828,-0.066,0.018499999999999996,1.7238805970149254,1.7271028037383178,
1975-09-30,,22.02,,0.0438,46.06,0.0916,,,10.91,84.67,502.52,,,9.92,,,,,,,,,,,0.0843,,,,,,,54.6,,,0.096,6.1,0.008,28210.13,159.32,,,,,0.0791,215.97,0.009899999999999999,1651.853,1663.509,10.61,8.95,54.6,8.43,6.42,3,0.26006850124010866,3.8451407811080838,,0.05125758769091438,0.0508984321695885,-0.0623,0.0166,1.5507326007326008,1.5507326007326008,
1975-12-31,,21.49,,0.0415,46.48,0.0897,,,11.14,88.7,517.9,,,10.25,,,,,,,,,,,0.08,,,,,,,55.5,0.24600000000000002,1.76,0.1014,6.18,0.0255,28522.17,159.34,13778.73,11799.94,0.053899999999999997,55100.0,0.0694,,,1709.82,1722.818,10.56,8.79,55.6,8.0,5.44,3,0.24227733934611045,4.127501163331782,50.39772727272727,0.051876805745634046,0.05148541517444095,-0.06409999999999999,0.017700000000000014,1.5981981981981983,1.5953237410071943,294.2613636363636
1976-03-31,,21.39,,0.0365,50.2,0.0857,,,11.67,101.1,586.08,,,11.63,,,,,,,,,,,0.07730000000000001,,,,,,,55.9,,,0.1265,6.32,0.061500000000000006,29094.6,160.4,,,,,0.060700000000000004,,,1761.831,1777.797,10.12,8.52,56.0,7.73,5.0,1,0.21157270029673592,4.726507713884993,,0.057383483432860476,0.05686813511328909,-0.06470000000000001,0.015999999999999997,1.8085867620751341,1.8053571428571427,
1976-06-30,,21.45,,0.0369,52.77,0.0909,,,11.01,101.8,580.79,,,11.54,,,,,,,,,,,0.0786,,,,,,,56.8,,,0.12140000000000001,6.37,0.0617,29238.63,163.43,,,,,0.059699999999999996,,,1820.487,1836.233,9.89,8.62,56.7,7.86,5.41,1,0.2107072691552063,4.7459207459207455,,0.05591910296530543,0.05543958745976137,-0.062,0.012700000000000013,1.7922535211267605,1.7954144620811285,
1976-09-30,,21.66,,0.0365,53.73,0.09050000000000001,,,11.05,105.5,593.54,,,11.81,,,,,,,,,,,0.0759,,,,,,,57.6,,,0.10339999999999999,6.4,0.0496,29326.1,162.78,,,,,0.054900000000000004,218.04,0.0095,1852.332,1868.977,9.4,8.38,57.6,7.59,5.08,0,0.2053080568720379,4.87072945521699,,0.05695523264727921,0.05644799267192694,-0.0575,0.010199999999999996,1.831597222222222,1.831597222222222,
1976-12-31,,22.55,,0.0387,55.18,0.0947,,,10.57,104.7,582.96,,,11.6,,,,,,,,,,,0.0687,,,,,,,58.2,0.267,1.93,0.09789999999999999,6.45,0.0431,29463.67,163.53,14921.49,12685.08,0.075,56040.0,0.048600000000000004,,,1886.558,1903.677,9.12,7.98,58.4,6.87,4.35,0,0.21537726838586438,4.643015521064301,54.248704663212436,0.055497896168577907,0.05499882595629406,-0.05249999999999999,0.011399999999999988,1.7989690721649485,1.7928082191780823,302.0518134715026
1977-03-31,,22.82,,0.0417,54.9,0.1002,,,9.98,100.6,547.9,,,10.9,,,,,,,,,,,0.0746,,,,,,,59.5,,,0.0924,6.53,0.0323,29738.33,165.16,,,,,0.0644,,,1934.273,1952.15,9.12,8.1,59.6,7.46,4.6,0,0.22683896620278332,4.408413672217353,,0.05200920449181682,0.05153292523627794,-0.04949999999999999,0.010199999999999996,1.6907563025210084,1.6879194630872483,
1977-06-30,,23.28,,0.043899999999999995,55.63,0.10490000000000001,,,9.53,99.29,530.07,,,10.53,,,,,,,,,,,0.0728,,,,,,,60.7,,,0.1099,6.65,0.0447,30239.91,169.33,,,,,0.0687,,,1988.648,2009.413,8.91,7.95,60.5,7.28,5.02,0,0.23446469936549502,4.265034364261169,,0.049928393561857104,0.0494124403494951,-0.045200000000000004,0.0096,1.6357495881383854,1.6411570247933884,
1977-09-30,,23.75,,0.046799999999999994,56.52,0.11130000000000001,,,8.99,96.23,507.88,,,10.07,,,,,,,,,,,0.07339999999999999,,,,,,,61.4,,,0.1229,6.77,0.057699999999999994,30705.02,171.15,,,,,0.066,220.24,0.0101,2055.909,2076.658,8.8,7.92,61.3,7.34,5.81,1,0.2468045308115972,4.05178947368421,,0.04680654639869761,0.04633887717669448,-0.041200000000000014,0.008800000000000007,1.5672638436482085,1.569820554649266,
1977-12-31,,24.37,,0.049800000000000004,56.83,0.1161,,,8.62,93.82,489.58,,,9.68,,,,,,,,,,,0.07690000000000001,,,,,,,62.1,0.271,2.16,0.1189,6.77,0.0501,30624.25,175.03,16101.25,13573.15,0.07,56320.0,0.067,,,2118.473,2139.358,8.99,8.19,62.3,7.69,6.07,1,0.25975271797058197,3.849815346737792,43.435185185185176,0.04428661587851249,0.043854277778660695,-0.040100000000000004,0.008000000000000007,1.5107890499194845,1.5059390048154093,226.6574074074074
1978-03-31,,24.53,,0.054000000000000006,55.81,0.1229,,,8.13,88.82,453.98,,,8.95,,,,,,,,,,,0.08039999999999999,,,,,,,63.4,,,0.10769999999999999,6.8,0.041100000000000005,30641.0,176.92,,,,,0.0655,,,2164.27,2183.039,9.22,8.47,63.4,8.04,6.29,1,0.27617653681603244,3.620872401141459,,0.04103924186908287,0.04068640093007957,-0.0382,0.0075,1.4009463722397475,1.4009463722397475,
1978-06-30,,24.4,,0.050300000000000004,55.81,0.115,,,8.7,97.66,485.39,,,9.55,,,,,,,,,,,0.08460000000000001,,,,,,,65.2,,,0.1341,7.06,0.0608,31741.3,179.06,,,,,0.0741,,,2202.76,2224.853,9.6,8.76,65.0,8.46,6.73,1,0.24984640589801352,4.002459016393443,,0.04433528845630027,0.04389503486297746,-0.0457,0.008399999999999998,1.4978527607361962,1.5024615384615385,
1978-09-30,,24.46,,0.0483,56.38,0.1114,,,8.98,103.9,506.3,,,9.94,,,,,,,,,,,0.0842,,,,,,,66.5,,,0.1306,7.13,0.0525,31973.23,180.58,,,,,0.08310000000000001,222.58,0.0106,2331.633,2350.382,9.42,8.69,66.5,8.42,7.85,4,0.2354186717998075,4.247751430907605,,0.04456104369770029,0.044205580199303776,-0.0459,0.007300000000000004,1.562406015037594,1.562406015037594,
1978-12-31,,24.27,,0.0528,59.02,0.1283,,,7.79,96.11,460.04,,,9.01,,,,,,,,,,,0.0901,,,,,,,67.7,0.267,2.48,0.1445,7.23,0.0666,32313.48,182.7,17729.66,15064.81,0.1099,58510.0,0.0902,,,2395.053,2415.943,9.94,9.16,67.9,9.01,9.08,4,0.2525231505566538,3.9600329625051502,38.75403225806452,0.04012854830352398,0.03978156769427093,-0.04659999999999999,0.007799999999999994,1.419645494830133,1.415463917525773,185.5
1979-03-31,,24.14,,0.0519,61.75,0.1329,,,7.53,100.1,464.73,,,9.07,,,,,,,,,,,0.09119999999999999,,,,,,,69.8,,,0.147,7.24,0.06509999999999999,32282.33,185.57,,,,,0.1009,,,2476.949,2501.54,10.26,9.37,69.9,9.12,9.48,4,0.24115884115884118,4.146644573322287,,0.0404126205263007,0.040015350544064854,-0.050699999999999995,0.008900000000000005,1.4340974212034383,1.4320457796852644,
1979-06-30,,23.93,,0.0525,62.66,0.1375,,,7.27,101.7,455.83,,,8.85,,,,,,,,,,,0.0891,,,,,,,72.3,,,0.11130000000000001,7.25,0.026600000000000002,32228.01,184.55,,,,,0.10890000000000001,,,2526.61,2552.29,10.38,9.29,72.2,8.91,9.06,4,0.23529990167158307,4.2498955286251565,,0.04025156237013231,0.03984656915946072,-0.051300000000000005,0.010900000000000016,1.4066390041493777,1.4085872576177285,
1979-09-30,,23.93,,0.0507,63.55,0.13470000000000001,,,7.42,108.6,471.75,,,9.11,,,,,,,,,,,0.0933,,,,,,,74.6,,,0.11380000000000001,7.3,0.0239,32385.67,182.77,,,,,0.12179999999999999,225.06,0.0111,2591.247,2620.698,10.54,9.44,74.4,9.33,10.26,4,0.2203499079189687,4.538236523192645,,0.041910323485179146,0.04143934173262238,-0.05469999999999999,0.010999999999999996,1.4557640750670242,1.4596774193548385,
1979-12-31,,23.87,,0.0524,62.78,0.1378,,,7.25,107.8,455.45,,,8.75,,,,,,,,,,,0.1039,,,,,,,76.7,0.25,2.72,0.09970000000000001,7.32,0.0128,32388.73,181.38,19553.96,16461.74,0.09269999999999999,58400.0,0.1329,,,2667.565,2703.659,12.06,10.74,76.9,10.39,12.04,2,0.22142857142857145,4.516129032258064,39.632352941176464,0.040411386414201715,0.0398718921284082,-0.0682,0.013200000000000003,1.4054758800521512,1.401820546163849,167.44485294117646
1980-03-31,,23.46,,0.0554,61.86,0.146,,,6.85,104.7,423.58,,,8.08,,,,,,,,,,,0.1275,,,,,,,80.1,,,0.1042,7.34,0.014199999999999999,32412.82,176.5,,,,,0.1476,,,2723.883,2760.381,14.45,12.96,80.1,12.75,15.2,2,0.22406876790830946,4.462915601023018,,0.03843777430968952,0.037929546682142795,-0.08909999999999998,0.014899999999999984,1.307116104868914,1.307116104868914,
1980-06-30,,23.28,,0.0518,58.54,0.1304,,,7.67,114.6,449.05,,,8.51,,,,,,,,,,,0.0978,,,,,,,82.7,,,0.0795,7.19,-0.0078000000000000005,31669.16,173.6,,,,,0.1438,,,2789.842,2827.831,12.71,10.58,82.5,9.78,7.07,2,0.20314136125654453,4.922680412371133,,0.04107759507527666,0.04052575984915647,-0.07530000000000002,0.021300000000000006,1.3857315598548972,1.389090909090909,
1980-09-30,,23.42,,0.048,56.48,0.1157,,,8.64,126.5,488.01,,,9.2,,,,,,,,,,,0.1151,,,,,,,84.0,,,0.0708,7.18,-0.016200000000000003,31554.48,176.18,,,,,0.126,227.22,0.0096,2797.352,2833.163,13.7,12.02,83.9,11.51,10.27,2,0.18513833992094864,5.401366353543979,,0.04522133789383675,0.044649743061024025,-0.08899999999999998,0.016799999999999995,1.505952380952381,1.507747318235995,
1980-12-31,,23.13,,0.0461,55.65,0.111,,,9.01,133.5,501.29,,,9.39,,,,,,,,,,,0.1284,,,,,,,86.3,0.255,2.99,0.09609999999999999,7.32,-0.0004,32064.02,171.91,21064.61,17709.3,0.0758,56580.0,0.1252,,,2856.483,2890.897,15.14,13.21,86.4,12.84,15.49,3,0.17325842696629212,5.7717250324254215,44.64882943143812,0.0467357936315392,0.046179438423437434,-0.1053,0.019299999999999998,1.5469293163383546,1.5451388888888888,167.65551839464882
1981-03-31,,23.0,,0.0471,53.39,0.10949999999999999,,,9.14,133.2,487.73,,,9.08,,,,,,,,,,,0.13119999999999998,,,,,,,88.5,,,0.1199,7.46,0.016,32612.21,168.68,,,,,0.10490000000000001,,,2985.557,3014.083,15.34,13.33,88.6,13.12,13.36,3,0.1726726726726727,5.791304347826086,,0.04461479047293353,0.04419254546075871,-0.1063,0.020099999999999996,1.5050847457627117,1.5033860045146727,
1981-06-30,,22.86,,0.0483,53.69,0.11349999999999999,,,8.81,132.3,473.2,,,8.77,,,,,,,,,,,0.13470000000000001,,,,,,,90.6,,,0.1305,7.4,0.0297,32291.43,168.72,,,,,0.0955,,,3124.206,3155.609,15.8,13.75,90.5,13.47,14.73,0,0.17278911564625848,5.78740157480315,,0.04234675946464478,0.041925346264381935,-0.10969999999999999,0.020500000000000008,1.460264900662252,1.4618784530386741,
1981-09-30,,22.67,,0.055099999999999996,53.09,0.1291,,,7.75,118.3,411.33,,,7.58,,,,,,,,,,,0.1532,,,,,,,93.2,,,0.14150000000000001,7.49,0.0433,32599.46,166.24,,,,,0.10949999999999999,229.47,0.009899999999999999,3162.532,3192.545,16.92,15.49,93.1,15.32,14.7,2,0.19163144547759933,5.21835024261138,,0.03740673612156335,0.03705507674911395,-0.11410000000000002,0.014300000000000014,1.2693133047210299,1.2706766917293233,
1981-12-31,,22.86,,0.0536,52.95,0.1241,,,8.06,123.8,426.79,,,7.83,,,,,,,,,,,0.13720000000000002,,,,,,,94.0,0.252,3.28,0.0989,7.41,0.013000000000000001,32167.32,165.34,22788.6,19075.08,0.0771,55630.0,0.0892,,,3260.609,3293.303,16.55,14.23,94.1,13.72,10.85,2,0.18465266558966073,5.415573053368329,37.74390243902439,0.037968367258999776,0.03759143935435033,-0.1119,0.023200000000000002,1.3170212765957447,1.3156216790648247,130.1189024390244
1982-03-31,,23.04,,0.060599999999999994,50.79,0.13369999999999999,,,7.48,110.8,379.95,,,6.95,,,,,,,,,,,0.1386,,,,,,,94.5,,,0.048,7.3,-0.0219,31592.18,166.21,,,,,0.0678,,,3280.818,3318.447,16.82,14.58,94.7,13.86,12.68,2,0.207942238267148,4.809027777777778,,0.033772065381255524,0.033389112437233436,-0.10760000000000003,0.022400000000000003,1.1724867724867725,1.1700105596620907,
1982-06-30,,22.75,,0.0621,47.34,0.1292,,,7.74,109.7,366.48,,,6.69,,,,,,,,,,,0.14300000000000002,,,,,,,97.0,,,0.0536,7.33,-0.0101,31660.93,162.69,,,,,0.0706,,,3274.302,3310.294,16.92,14.81,97.0,14.3,12.47,2,0.20738377392889698,4.821978021978022,,0.033503323761827714,0.033139050489171054,-0.10710000000000001,0.02110000000000001,1.1309278350515464,1.1309278350515464,
1982-09-30,,22.67,,0.055999999999999994,44.88,0.1108,,,9.03,122.4,405.15,,,7.4,,,,,,,,,,,0.1234,,,,,,,97.9,,,0.032400000000000005,7.3,-0.0256,31466.79,160.19,,,,,0.0504,231.66,0.0096,3331.972,3372.9,15.63,12.94,97.7,12.34,7.92,2,0.1852124183006536,5.399205999117776,,0.03673500257505165,0.03628924664235524,-0.1003,0.026900000000000014,1.250255362614913,1.2528147389969293,
1982-12-31,,22.81,,0.0493,41.97,0.0907,,,11.03,139.4,462.84,,,8.47,,,,,,,,,,,0.1054,,,,,,,97.6,0.27899999999999997,3.4,0.0371,7.3,-0.0144,31407.39,161.85,24309.09,20170.91,0.0574,55470.0,0.0383,,,3366.322,3401.349,14.14,11.83,97.7,10.54,7.94,2,0.16362984218077473,6.111354669004823,41.0,0.04141018001248841,0.0409837390988105,-0.0921,0.023100000000000006,1.4282786885245904,1.4268167860798362,136.12941176470588
1983-03-31,,22.87,,0.0455,41.11,0.0818,,,12.23,151.9,502.8,,,9.23,,,,,,,,,,,0.1051,,,,,,,97.9,,,0.0608,7.4,0.0143,31748.66,164.31,,,,,0.036000000000000004,,,3402.561,3436.654,13.61,11.73,98.1,10.51,8.35,3,0.15055957867017775,6.641888937472672,,0.04464284402248777,0.04419996892326082,-0.0906,0.01879999999999999,1.5515832482124616,1.5484199796126403,
1983-06-30,,22.6,,0.0417,41.0,0.0757,,,13.22,166.4,541.94,,,10.0,,,,,,,,,,,0.1085,,,,,,,99.5,,,0.0741,7.57,0.0327,32397.17,163.61,,,,,0.0258,,,3473.413,3507.464,13.37,11.74,99.4,10.85,8.79,3,0.1358173076923077,7.3628318584070795,,0.047906770660442625,0.04744168436226288,-0.09199999999999998,0.01629999999999999,1.6723618090452261,1.6740442655935612,
1983-09-30,,22.53,,0.04190000000000001,42.8,0.0795,,,12.57,167.2,538.05,,,9.98,,,,,,,,,,,0.1165,,,,,,,100.7,,,0.0959,7.72,0.0574,32971.93,162.68,,,,,0.0286,233.79,0.0092,3578.848,3615.589,13.55,12.37,100.4,11.65,9.0,1,0.1347488038277512,7.421216156236128,,0.04671894419656828,0.04624419423778532,-0.0936,0.011800000000000015,1.660377358490566,1.6653386454183265,
1983-12-31,,22.68,,0.0431,44.88,0.08529999999999999,,,11.72,164.4,525.91,,,9.82,,,,,,,,,,,0.1183,,,,,,,101.3,0.322,3.79,0.1152,7.88,0.079,33586.88,162.31,25400.76,20884.39,0.0354,55120.0,0.0379,,,3689.179,3727.046,13.75,12.57,101.4,11.83,9.0,1,0.13795620437956205,7.248677248677249,43.37730870712401,0.04456276044073763,0.044110000252210464,-0.09440000000000001,0.011799999999999998,1.622902270483712,1.621301775147929,138.76253298153034
1984-03-31,,22.68,,0.045599999999999995,48.2,0.09699999999999999,,,10.31,157.4,497.14,,,9.33,,,,,,,,,,,0.1232,,,,,,,102.6,,,0.1251,8.03,0.0858,34169.43,162.63,,,,,0.048,,,3794.706,3834.386,13.99,12.57,102.9,12.32,9.52,1,0.14409148665819568,6.940035273368607,,0.041478839203880354,0.041049596988931215,-0.0943,0.014199999999999999,1.53411306042885,1.5296404275996112,
1984-06-30,,22.84,,0.04769999999999999,50.62,0.1058,,,9.45,153.1,478.42,,,9.01,,,,,,,,,,,0.1356,,,,,,,103.7,,,0.1204,8.17,0.08,34684.83,163.52,,,,,0.042199999999999994,,,3908.054,3945.094,15.05,13.55,103.7,13.56,9.87,1,0.14918354016982366,6.703152364273205,,0.03917550781028102,0.0388076938090702,-0.1028,0.015,1.476374156219865,1.476374156219865,
1984-09-30,,22.78,,0.0444,51.11,0.09970000000000001,,,10.03,166.1,512.62,,,9.69,,,,,,,,,,,0.1252,,,,,,,105.0,,,0.10710000000000001,8.25,0.069,34942.2,163.08,,,,,0.042699999999999995,235.82,0.0087,4009.601,4047.14,14.35,12.66,104.7,12.52,10.37,0,0.13714629741119808,7.291483757682177,,0.04142556827973656,0.041041327950107974,-0.0991,0.016899999999999995,1.581904761904762,1.5864374403056352,
1984-12-31,,23.17,,0.0458,51.21,0.1012,,,9.89,164.5,506.24,,,9.6,,,,,,,,,,,0.115,,,,,,,105.3,0.331,4.15,0.0932,8.32,0.0558,35150.9,164.16,27462.96,22414.07,0.0732,56780.0,0.0395,,,4084.25,4121.606,13.4,12.13,105.5,11.5,8.06,0,0.14085106382978724,7.099697885196374,39.63855421686747,0.0402766725837057,0.03991162668144408,-0.0882,0.012699999999999996,1.5622032288698955,1.5592417061611374,121.98554216867468
1985-03-31,,23.33,,0.042699999999999995,49.92,0.09140000000000001,,,10.95,179.4,546.38,,,10.37,,,,,,,,,,,0.1186,,,,,,,106.4,,,0.0824,8.4,0.0455,35413.0,164.72,,,,,0.037000000000000005,,,4148.551,4181.775,13.69,12.56,106.8,11.86,8.52,0,0.13004459308807134,7.689669952850408,,0.04324401459690383,0.04290044299370483,-0.0942,0.01129999999999999,1.6860902255639096,1.6797752808988764,
1985-06-30,,23.31,,0.040999999999999995,47.01,0.08259999999999999,,,12.1,188.9,568.9,,,10.81,,,,,,,,,,,0.1016,,,,,,,107.6,,,0.0712,8.47,0.0368,35645.96,165.47,,,,,0.037599999999999995,,,4230.168,4255.859,12.4,10.94,107.5,10.16,6.95,0,0.12339862361037585,8.103818103818105,,0.04465543685262619,0.044385868986731,-0.083,0.014600000000000009,1.7555762081784387,1.7572093023255815,
1985-09-30,,23.46,,0.0426,45.57,0.0827,,,12.09,184.1,550.86,,,10.47,,,,,,,,,,,0.10369999999999999,,,,,,,108.3,,,0.0741,8.6,0.0426,36107.89,167.2,,,,,0.031400000000000004,237.92,0.0089,4294.887,4322.557,12.48,11.07,108.1,10.37,7.1,0,0.1274307441607822,7.847399829497015,,0.04286492287224321,0.0425905314840267,-0.08220000000000001,0.014100000000000001,1.6999076638965835,1.7030527289546717,
1985-12-31,,23.42,,0.0381,43.32,0.0705,,,14.19,207.3,614.61,,,11.69,,,,,,,,,,,0.0926,,,,,,,109.3,0.353,4.44,0.0712,8.67,0.0418,36292.22,167.66,29066.19,23617.05,0.0537,57860.0,0.038,,,4386.773,4409.267,11.58,10.16,109.5,9.26,7.1,0,0.11297636275928606,8.85140905209223,46.689189189189186,0.047255693422021156,0.04701461716879473,-0.07769999999999999,0.014199999999999999,1.896614821591949,1.893150684931507,138.42567567567568
1986-03-31,,23.89,,0.0345,43.25,0.0625,,,16.0,232.3,691.89,,,13.19,,,,,,,,,,,0.07780000000000001,,,,,,,108.8,,,0.06570000000000001,8.75,0.0415,36546.59,171.72,,,,,0.0226,,,4444.094,4469.698,10.5,9.0,109.1,7.78,6.56,0,0.10284115368058545,9.723733779824194,,0.05227162161736453,0.051972191409799945,-0.0705,0.015,2.135110294117647,2.1292392300641616,
1986-06-30,,23.97,,0.033,43.53,0.06,,,16.68,245.3,725.94,,,13.89,,,,,,,,,,,0.078,,,,,,,109.5,,,0.0583,8.79,0.037000000000000005,36626.66,174.15,,,,,0.0177,,,4507.894,4530.053,10.34,9.13,109.4,7.8,6.21,0,0.09771708112515287,10.233625365039634,,0.05441565396169475,0.05414947683835046,-0.07039999999999999,0.012099999999999991,2.240182648401827,2.242230347349177,
1986-09-30,,24.2,,0.0345,43.67,0.0623,,,16.05,238.3,700.74,,,13.47,,,,,,,,,,,0.0745,,,,,,,110.2,,,0.0504,8.87,0.031200000000000002,36893.5,175.9,,,,,0.0175,240.13,0.009300000000000001,4545.34,4560.834,10.2,8.89,110.0,7.45,5.21,0,0.10155266470835081,9.847107438016529,,0.05242732116849345,0.05224921582324637,-0.06749999999999999,0.013099999999999987,2.162431941923775,2.1663636363636365,
1986-12-31,,24.28,,0.0333,42.46,0.0582,,,17.17,248.6,729.05,,,14.09,,,,,,,,,,,0.0711,,,,,,,110.5,0.385,4.66,0.048,8.92,0.0291,37008.45,178.17,30759.73,24897.38,0.0542,60010.0,0.011000000000000001,,,4607.669,4625.847,9.97,8.49,110.8,7.11,5.53,0,0.09766693483507644,10.238879736408567,53.34763948497854,0.05395352834589464,0.05374150939276634,-0.06640000000000001,0.014800000000000004,2.2497737556561086,2.243682310469314,156.44849785407723
1987-03-31,,24.11,,0.0285,43.65,0.0516,,,19.37,292.5,845.55,,,16.43,,,,,,,,,,,0.0725,,,,,,,112.1,,,0.0475,8.99,0.0271,37199.81,186.43,,,,,0.030299999999999997,,,4657.627,4669.623,9.61,8.36,112.2,7.25,5.59,0,0.08242735042735043,12.131895479054334,,0.06280021994032584,0.06263888969195158,-0.0676,0.0125,2.609277430865299,2.606951871657754,
1987-06-30,,24.33,,0.028300000000000002,41.17,0.0478,,,20.9,301.4,860.53,,,16.83,,,,,,,,,,,0.084,,,,,,,113.5,,,0.0574,9.08,0.0335,37517.18,189.12,,,,,0.0365,,,4722.156,4736.524,10.52,9.32,113.5,8.4,5.67,1,0.08072329130723291,12.38799835593917,,0.06382677742963172,0.06363316220924879,-0.0769,0.011999999999999993,2.655506607929515,2.655506607929515,
1987-09-30,,24.4,,0.027200000000000002,44.69,0.049800000000000004,,,20.09,318.7,898.05,,,17.68,,,,,,,,,,,0.0942,,,,,,,115.0,,,0.0601,9.16,0.0326,37757.06,190.6,,,,,0.0436,242.29,0.009000000000000001,4806.16,4824.292,11.31,10.18,114.7,9.42,6.4,1,0.07656102918104801,13.061475409836065,,0.0663107345573181,0.0660615070563722,-0.0859,0.011300000000000008,2.771304347826087,2.7785527462946815,
1987-12-31,,24.74,,0.0366,49.14,0.0726,,,13.77,241.0,676.75,,,13.39,,,,,,,,,,,0.08990000000000001,,,,,,,115.4,0.396,5.01,0.07519999999999999,9.32,0.0447,38318.08,191.96,32409.2,26061.18,0.0467,60760.0,0.0443,,,4884.555,4902.321,11.29,10.11,115.6,8.99,5.77,4,0.10265560165975103,9.741309620048504,48.103792415169664,0.04933919261836544,0.049160387498085094,-0.07629999999999998,0.011799999999999998,2.088388214904679,2.0847750865051906,135.0798403193613
1988-03-31,,24.9,,0.0337,51.71,0.07,,,14.29,265.7,739.07,,,14.67,,,,,,,,,,,0.0837,,,,,,,116.5,,,0.07440000000000001,9.37,0.0424,38428.84,192.87,,,,,0.0393,,,5007.994,5027.678,10.57,9.39,116.5,8.37,5.7,0,0.0937147158449379,10.670682730923694,,0.05305517538559351,0.052847457613633964,-0.07200000000000001,0.011799999999999998,2.2806866952789697,2.2806866952789697,
1988-06-30,,25.35,,0.0341,59.51,0.0801,,,12.49,270.7,743.4,,,14.77,,,,,,,,,,,0.0892,,,,,,,118.0,,,0.0799,9.49,0.044800000000000006,38845.76,195.2,,,,,0.039599999999999996,,,5073.372,5098.36,11.0,9.86,118.0,8.92,6.46,0,0.09364610269671224,10.678500986193292,,0.053357017778313906,0.053095505221286844,-0.0759,0.011400000000000006,2.2940677966101695,2.2940677966101695,
1988-09-30,,25.59,,0.0353,61.48,0.0848,,,11.79,268.0,724.93,,,14.37,,,,,,,,,,,0.0898,,,,,,,119.8,,,0.0815,9.55,0.04190000000000001,38982.29,196.33,,,,,0.0417,244.5,0.0091,5190.036,5212.852,10.9,9.82,119.5,8.98,7.24,0,0.09548507462686567,10.47284095349746,,0.051637406754018664,0.05141139629515666,-0.0737,0.0108,2.2370617696160267,2.2426778242677825,
1988-12-31,,26.22,,0.0353,63.87,0.0859,,,11.64,276.5,743.58,,,14.7,,,,,,,,,,,0.0911,,,,,,,120.5,0.39899999999999997,5.4,0.0782,9.67,0.038,39408.37,197.09,34017.04,27225.19,0.0447,61210.0,0.044199999999999996,,,5282.835,5302.996,10.65,9.57,120.7,9.11,8.07,0,0.09482820976491863,10.545385202135774,51.2037037037037,0.052339321595317664,0.052140337273495964,-0.0712,0.0108,2.2946058091286305,2.2908036454018226,137.7
1989-03-31,,26.53,,0.0342,66.14,0.08529999999999999,,,11.73,292.7,775.56,,,15.3,,,,,,,,,,,0.09359999999999999,,,,,,,122.3,,,0.0863,9.77,0.0432,39715.06,197.16,,,,,0.049800000000000004,,,5399.509,5422.172,10.67,9.8,122.2,9.36,8.82,1,0.09063887939870174,11.032793064455333,,0.05420863267382275,0.05398205737479372,-0.07250000000000001,0.008699999999999992,2.39329517579722,2.395253682487725,
1989-06-30,,27.07,,0.032,65.86,0.0779,,,12.84,323.7,845.26,,,16.64,,,,,,,,,,,0.0828,,,,,,,124.1,,,0.0814,9.85,0.0375,39924.01,197.67,,,,,0.051699999999999996,,,5511.253,5533.649,10.03,9.1,124.1,8.28,8.15,1,0.08362681495211616,11.957886959734022,,0.05873437492345207,0.05849666287110006,-0.0683,0.009299999999999998,2.6083803384367448,2.6083803384367448,
1989-09-30,,27.83,,0.030899999999999997,61.41,0.0682,,,14.66,347.3,900.35,,,17.71,,,,,,,,,,,0.0819,,,,,,,125.0,,,0.0781,9.92,0.0391,40117.02,198.14,,,,,0.0434,246.82,0.0095,5612.463,5634.129,9.91,9.01,124.8,8.19,7.75,4,0.08013245033112582,12.479338842975208,,0.0618801406797693,0.0616421810718214,-0.06820000000000001,0.009000000000000003,2.7784,2.7828525641025643,
1989-12-31,,28.41,0.1338,0.0317,58.77,0.06559999999999999,-0.0371,-0.07980000000000001,15.24,348.6,895.84,,,17.65,,,,,,,,,,,0.0784,,,,,,,126.1,0.39399999999999996,5.75,0.0644,9.94,0.0274,40089.48,196.59,36522.43,28907.79,0.061799999999999994,62260.0,0.04650000000000001,,,5695.365,5719.661,9.82,8.86,126.3,7.84,7.63,4,0.08149741824440619,12.270327349524816,60.626086956521746,0.06120766623385859,0.06094766805235485,-0.0665,0.009600000000000008,2.764472640761301,2.760095011876485,155.7982608695652
1990-03-31,,28.5,0.1306,0.0334,54.56,0.064,-0.1318,-0.175,15.62,338.46,852.21,,,16.83,,,,,,0.0828,0.08349999999999999,0.0863,0.0863,0.086,0.0859,,0.08560000000000001,,,,,128.7,,,0.06559999999999999,10.05,0.0282,40420.45,193.35,,,,,0.052300000000000006,,,5747.237,5778.036,10.21,9.37,128.6,8.59,7.9,0,0.08420492820421911,11.87578947368421,,0.05889090705673004,0.05857699744342195,-0.06870000000000001,0.008400000000000017,2.62983682983683,2.631881804043546,
1990-06-30,,29.1,0.1249,0.032400000000000005,53.04,0.059000000000000004,-0.157,-0.19469999999999998,16.95,360.39,899.04,,,17.82,,,,,,0.0805,0.081,0.08349999999999999,0.084,0.0843,0.0848,,0.08460000000000001,,,,,129.9,,,0.061900000000000004,10.08,0.0241,40442.72,193.33,,,,,0.0467,249.34,,5872.701,5902.22,10.22,9.26,129.9,8.48,7.73,0,0.0807458586531258,12.384536082474225,,0.06136699280280062,0.0610600757003297,-0.0698,0.009600000000000008,2.774364896073903,2.774364896073903,
1990-09-30,,28.9,0.1025,0.0375,53.09,0.0689,-0.0823,-0.1356,14.51,315.41,770.23,,,15.3,,,,,,0.077,0.0776,0.0808,0.0827,0.0851,0.0889,,0.09029999999999999,,,,,132.7,,,0.056100000000000004,10.09,0.0173,40324.96,188.57,,,,,0.0616,250.23,0.011399999999999999,5960.028,5991.651,10.64,9.56,132.5,8.89,7.36,2,0.091626771503757,10.913840830449828,,0.052920892317955555,0.05264158409760516,-0.06890000000000002,0.0108,2.376865109269028,2.3804528301886796,
1990-12-31,,29.27,0.0933,0.0368,51.68,0.0649,-0.0669,-0.1206,15.41,328.75,796.21,,,15.85,,,,,,0.0703,0.0705,0.0731,0.0747,0.07730000000000001,0.08070000000000001,,0.0824,,,,,133.8,0.409,6.0,0.044800000000000006,10.0,0.006,39835.53,183.99,37402.29,29943.26,0.0358,61500.0,0.0611,251.0,,6015.116,6042.253,10.43,9.05,134.2,8.08,6.74,2,0.0890342205323194,11.23163648787154,54.791666666666664,0.054653975085434764,0.05440851285108386,-0.0675,0.01379999999999999,2.4570254110612852,2.449701937406856,132.70166666666668
1991-03-31,,29.07,0.07,0.0325,50.26,0.0562,-0.0337,-0.0788,17.78,372.28,893.62,,,17.82,,,,,,0.062,0.064,0.071,0.0735,0.07769999999999999,0.08109999999999999,,0.08289999999999999,,,,,135.0,,,0.0277,9.95,-0.0095,39541.68,180.37,,,,,0.049,251.68,,6004.733,6055.22,10.09,8.93,134.8,8.11,5.91,2,0.07808638659073816,12.806329549363603,,0.06199776076638211,0.06148083802074903,-0.0684,0.011600000000000001,2.7576296296296294,2.761721068249258,
1991-06-30,,28.94,0.0415,0.0321,46.25,0.0513,-0.087,-0.128,19.49,378.29,901.37,,,18.01,,,,,,0.0602,0.0636,0.0696,0.0739,0.0794,0.0828,,0.08470000000000001,,,,,136.0,,,0.027999999999999997,10.03,-0.0054,39692.37,181.68,,,,,0.047,252.68,0.0134,6035.178,6074.636,9.96,9.01,136.0,8.28,5.57,3,0.07650215443178514,13.071527297857637,,0.06268083559424428,0.06227369014373865,-0.0675,0.00950000000000001,2.781544117647059,2.781544117647059,
1991-09-30,,28.99,0.0373,0.0317,42.09,0.046,-0.18030000000000002,-0.2072,21.73,387.2,914.53,,,18.36,,,,,,0.0548,0.0557,0.061799999999999994,0.065,0.07139999999999999,0.0765,,0.0795,,,,,137.2,,,0.0317,10.08,-0.001,39740.9,180.85,,,,,0.0339,253.65,0.0137,6126.862,6155.42,9.51,8.61,137.0,7.65,5.22,3,0.07487086776859504,13.356329768885823,,0.06319711460777148,0.06290391232442302,-0.06340000000000001,0.009000000000000003,2.8221574344023326,2.8262773722627736,
1991-12-31,,28.68,0.0097,0.031400000000000004,37.53,0.041100000000000005,-0.2516,-0.27390000000000003,24.33,388.51,912.97,,,18.44,,,,,,0.0426,0.0438,0.050300000000000004,0.053899999999999997,0.061900000000000004,0.0709,,0.077,,,,,137.9,0.441,6.26,0.0433,10.12,0.011699999999999999,39741.71,178.19,37923.93,30128.23,0.0062,59710.0,0.030600000000000002,254.53,0.0141,6205.937,6231.047,9.26,8.31,138.2,7.09,4.07,3,0.07382049368098634,13.546373779637378,62.06230031948882,0.06260295584695752,0.06235067718153948,-0.0612,0.009499999999999993,2.817331399564902,2.8112156295224313,145.84185303514377
1992-03-31,,28.67,0.0177,0.030299999999999997,37.66,0.0397,-0.2268,-0.2507,25.16,407.36,947.64,,,19.28,,,,,,0.0433,0.0463,0.056799999999999996,0.061799999999999994,0.0695,0.0754,,0.0797,,,,,139.3,,,0.054299999999999994,10.24,0.0286,40097.63,176.36,,,,,0.0319,255.29,0.0143,6264.54,6297.761,9.25,8.35,139.1,7.54,4.04,0,0.07038000785545954,14.208580397628182,,0.0650263227627248,0.06468330570182006,-0.062200000000000005,0.009000000000000003,2.9243359655419954,2.9285406182602447,
1992-06-30,,28.48,0.014199999999999999,0.0302,39.41,0.0418,-0.1216,-0.1479,23.95,408.27,943.66,,,19.31,,,,,,0.038900000000000004,0.0417,0.050499999999999996,0.055999999999999994,0.06480000000000001,0.0726,,0.0784,,,,,140.2,,,0.056100000000000004,10.35,0.0317,40388.05,177.05,,,,,0.030899999999999997,256.2,0.0139,6363.102,6395.836,9.05,8.22,140.1,7.26,3.66,0,0.06975775834619248,14.335323033707864,,0.06416210206908517,0.06383371931362843,-0.060300000000000006,0.0083,2.9120542082738945,2.914132762312634,
1992-09-30,,28.43,0.0098,0.0296,41.37,0.0431,0.0123,-0.017,23.2,418.48,959.73,,,19.71,,,,,,0.0304,0.0318,0.038900000000000004,0.044199999999999996,0.0538,0.0642,,0.07339999999999999,,,,,141.3,,,0.0581,10.45,0.036699999999999997,40630.75,175.74,,,,,0.029900000000000003,257.19,0.013999999999999999,6470.763,6502.819,8.62,7.92,141.1,6.42,2.91,0,0.06793634104377748,14.719662328526205,,0.06467243507450358,0.06435362878776112,-0.0566,0.006999999999999993,2.961641896673744,2.965839829907867,
1992-12-31,,28.28,0.0149,0.028399999999999998,43.6,0.0438,0.1954,0.1617,22.82,435.64,994.86,,,20.45,,,,,,0.0347,0.0371,0.0467,0.0521,0.0608,0.0677,,0.07440000000000001,,,,,141.9,0.46799999999999997,6.68,0.0664,10.56,0.0438,40915.15,174.63,38840.37,30634.58,0.0168,59210.0,0.028999999999999998,258.06,0.0139,6566.641,6595.851,8.81,7.98,142.3,6.77,3.22,0,0.06491598567624644,15.404526166902404,65.21556886227545,0.06634137605512469,0.06604758051690374,-0.05970000000000002,0.0083,3.0700493305144465,3.061419536191145,148.9311377245509
1993-03-31,,28.16,0.0126,0.0277,44.77,0.0441,0.2254,0.1888,22.69,450.16,1015.85,,,20.85,,,,,,0.0315,0.0333,0.0395,0.044000000000000004,0.0519,0.059800000000000006,,0.0682,,,,,143.6,,,0.0576,10.58,0.0332,40865.8,172.38,,,,,0.030899999999999997,258.81,0.0138,6680.803,6711.112,8.15,7.58,143.3,5.98,2.95,0,0.06255553580948996,15.985795454545455,,0.0673811217004902,0.06707681230770698,-0.0538,0.005700000000000003,3.1348189415041787,3.141381716678297,
1993-06-30,,28.1,0.0165,0.0279,43.38,0.0431,0.13369999999999999,0.1007,23.18,448.06,1005.51,,,20.61,,,,,,0.0329,0.0354,0.0416,0.0453,0.052199999999999996,0.0596,,0.0681,,,,,144.4,,,0.052300000000000006,10.64,0.0281,40974.13,173.97,,,,,0.03,259.62,0.0134,6729.459,6766.665,8.07,7.33,144.3,5.96,3.07,0,0.06271481498013659,15.945195729537366,,0.06658187530379485,0.06621577985610341,-0.05280000000000001,0.007400000000000002,3.1029085872576174,3.105058905058905,
1993-09-30,,27.96,0.01,0.0273,45.58,0.0444,0.13140000000000002,0.1017,22.5,459.24,1025.63,,,20.99,,,,,,0.0315,0.0336,0.0385,0.0417,0.0473,0.0536,,0.06,,,,,145.1,,,0.048,10.69,0.0229,41025.27,174.65,,,,,0.0269,260.54,0.013000000000000001,6808.939,6839.59,7.34,6.66,145.0,5.36,2.95,0,0.060883198327671806,16.42489270386266,,0.06744663155302169,0.0671443756131581,-0.04609999999999999,0.006799999999999997,3.164989662301861,3.1671724137931037,
1993-12-31,,27.95,0.0155,0.027000000000000003,48.65,0.047,0.1467,0.11599999999999999,21.29,465.95,1035.62,,,21.16,,,,,,0.0334,0.0361,0.0421,0.0454,0.051500000000000004,0.057699999999999994,0.064,0.0625,,,,,145.8,0.479,7.01,0.049800000000000004,10.83,0.026099999999999998,41453.64,173.63,41429.93,31239.46,0.0197,58920.0,0.0275,261.35,0.0127,6882.098,6918.254,7.69,6.93,146.3,5.77,3.06,0,0.05998497692885503,16.670840787119857,66.46932952924394,0.06770464471735217,0.06735080845542821,-0.04990000000000001,0.007600000000000007,3.195816186556927,3.1848940533151056,147.73466476462195
1994-03-31,,27.97,0.0183,0.0274,50.0,0.049,0.1447,0.1167,20.42,463.81,1021.06,,,20.83,,,,,,0.0391,0.0432,0.05,0.054000000000000006,0.0594,0.06480000000000001,0.07,0.0691,,,,,147.2,,,0.0574,10.94,0.034300000000000004,41746.67,172.51,,,,,0.025099999999999997,262.04,0.0125,7013.738,7034.356,8.13,7.48,147.1,6.48,3.5,1,0.060304866216769795,16.58240972470504,,0.06612878895675886,0.06593496263197371,-0.05390000000000001,0.006500000000000003,3.1508831521739133,3.1530251529571722,
1994-06-30,,28.1,0.024900000000000002,0.0282,55.18,0.0554,0.3037,0.272,18.05,454.83,995.87,,,20.29,,,,,,0.0472,0.0527,0.0593,0.06269999999999999,0.067,0.071,0.0751,0.0739,,,,,148.0,,,0.0643,11.09,0.042300000000000004,42182.75,174.53,,,,,0.024900000000000002,262.84,0.0124,7115.652,7143.011,8.65,7.97,147.9,7.1,4.14,1,0.06178132489061848,16.18612099644128,,0.06391965205718324,0.06367482844419531,-0.058300000000000005,0.006800000000000006,3.0731756756756754,3.07525354969574,
1994-09-30,,28.03,0.0323,0.0277,59.28,0.058499999999999996,0.33899999999999997,0.3005,17.09,466.96,1012.85,,,20.57,,,,,,0.0524,0.0576,0.0639,0.0669,0.0708,0.0746,0.0787,0.0771,,,,,149.4,,,0.0652,11.15,0.0434,42288.62,174.28,,,,,0.0296,263.72,0.012199999999999999,7246.931,7269.779,8.98,8.34,149.3,7.46,4.62,1,0.060026554737022446,16.659293613985014,,0.06443555209784667,0.06423303927120755,-0.0621,0.0064000000000000055,3.125568942436412,3.1276624246483586,
1994-12-31,,28.51,0.0471,0.028900000000000002,66.24,0.0672,0.3979,0.3615,14.88,455.19,985.34,,,19.91,,,,,,0.065,0.07139999999999999,0.0759,0.0771,0.07780000000000001,0.0781,0.0799,0.0787,,,,,149.7,0.478,7.46,0.063,11.28,0.0412,42644.32,173.37,43132.2,32263.82,0.032799999999999996,59550.0,0.026699999999999998,264.51,0.0121,7331.075,7352.37,9.1,8.46,150.1,7.81,5.6,1,0.06263318614205057,15.965976850227989,61.01742627345845,0.06209048468335135,0.06191064921923135,-0.062099999999999995,0.006399999999999988,3.040681362725451,3.032578281145903,132.08310991957106
1995-03-31,,28.19,0.0364,0.026699999999999998,69.67,0.066,0.43329999999999996,0.3935,15.15,493.15,1055.53,,,21.15,,,,,,0.0617,0.0643,0.0678,0.0689,0.0705,0.07200000000000001,0.0757,0.0745,,,,,151.4,,,0.0571,11.32,0.0348,42683.11,171.44,,,,,0.0285,265.21,0.0121,7455.288,7475.65,8.7,8.12,151.2,7.2,5.73,0,0.057163134948798544,17.49379212486697,,0.06614767933847761,0.06596750784212745,-0.06029999999999999,0.0058000000000000005,3.257265521796565,3.261574074074074,
1995-06-30,,28.39,0.040999999999999995,0.0248,73.16,0.0638,0.3663,0.326,15.67,539.35,1146.09,,,22.72,,,,,,0.056600000000000004,0.0564,0.0572,0.057999999999999996,0.0593,0.0617,0.0659,0.06570000000000001,,,,,152.5,,,0.0461,11.35,0.024,42684.76,172.31,,,,,0.0304,265.99,0.012,7522.289,7552.116,7.9,7.3,152.4,6.17,5.47,0,0.05263743394827106,18.997886579781614,,0.07170024975110635,0.07141707039457551,-0.0542,0.006000000000000005,3.53672131147541,3.539041994750656,
1995-09-30,,28.71,0.050499999999999996,0.0235,74.41,0.0608,0.2872,0.2553,16.45,578.77,1224.23,,,23.94,,,,,,0.0554,0.0562,0.0581,0.058899999999999994,0.06,0.062,0.0665,0.0655,,,,,153.2,,,0.048,11.45,0.026699999999999998,42904.75,172.94,,,,,0.0254,266.88,0.012,7580.997,7613.638,7.93,7.32,153.1,6.2,5.28,0,0.04960519722860549,20.159177986764192,,0.07634483960355082,0.0760175359007087,-0.055799999999999995,0.006099999999999994,3.7778720626631856,3.7803396472893533,
1995-12-31,,29.11,0.046900000000000004,0.022400000000000003,71.69,0.0553,0.10980000000000001,0.0823,18.1,614.57,1297.42,,,25.03,,,,,,0.0535,0.053099999999999994,0.053200000000000004,0.053899999999999997,0.055099999999999996,0.0571,0.061200000000000004,0.060599999999999994,,,,,153.5,0.47700000000000004,7.77,0.0426,11.53,0.022000000000000002,43067.83,172.14,44939.76,34075.02,0.056100000000000004,61440.0,0.0254,267.67,0.011899999999999999,7683.125,7701.977,7.49,6.82,153.9,5.71,5.14,0,0.04736645133996127,21.111989007214017,79.0952380952381,0.07998958757016189,0.0797937983974764,-0.052500000000000005,0.006699999999999999,4.00371335504886,3.9933073424301497,166.97812097812098
1996-03-31,,29.35,0.0709,0.0218,70.85,0.0526,0.0458,0.0169,19.01,647.07,1346.73,,,25.63,,,,,,0.0516,0.053399999999999996,0.056600000000000004,0.0579,0.059699999999999996,0.06269999999999999,0.0674,0.066,,,,,155.7,,,0.046,11.61,0.026000000000000002,43285.15,170.02,,,,,0.028399999999999998,268.32,0.011699999999999999,7772.586,7803.073,8.03,7.35,155.5,6.27,4.96,1,0.04535830744741682,22.046678023850085,,0.08325028504026845,0.08292502197531665,-0.058499999999999996,0.006799999999999997,4.15587668593449,4.161221864951769,
1996-06-30,,29.52,0.0683,0.021400000000000002,72.19,0.052199999999999996,0.0139,-0.0132,19.15,668.5,1382.45,,,25.96,,,,,,0.0546,0.0581,0.063,0.0649,0.0669,0.0691,0.0722,0.0706,,,,,156.7,,,0.0596,11.81,0.04,43878.13,171.81,,,,,0.0275,269.11,0.011699999999999999,7868.468,7905.735,8.4,7.71,156.7,6.91,5.09,1,0.04415856394913986,22.645663956639567,,0.0849593593060301,0.08455886770806256,-0.0626,0.006900000000000004,4.266113592852585,4.266113592852585,
1996-09-30,,30.11,0.0802,0.0217,73.93,0.0533,0.0233,-0.006500000000000001,18.75,674.88,1385.92,,,25.68,,,,,,0.0545,0.0583,0.0623,0.0641,0.066,0.0683,0.0717,0.0703,,,,,157.8,,,0.0583,11.91,0.0405,44123.68,171.95,,,,,0.03,270.02,0.0118,8032.84,8061.846,8.35,7.66,157.7,6.83,5.09,1,0.04461533902323376,22.413816007970773,,0.0840151179408528,0.08371283698547455,-0.061799999999999994,0.006899999999999995,4.2768060836501895,4.279518072289157,
1996-12-31,,30.44,0.0806,0.02,79.13,0.0521,0.1405,0.1038,19.19,743.25,1518.62,,,27.72,,,,,,0.0524,0.0547,0.057800000000000004,0.0591,0.060700000000000004,0.063,0.0665,0.0655,,,,,158.6,0.47,8.26,0.06269999999999999,12.04,0.044199999999999996,44442.98,170.65,47122.48,35492.71,0.0416,62350.0,0.0332,270.86,0.011899999999999999,8131.408,8157.22,7.89,7.2,159.1,6.3,4.91,1,0.040955264043054156,24.416885676741128,89.9818401937046,0.09140483419353695,0.09111560065806733,-0.058899999999999994,0.006899999999999995,4.686317780580076,4.671590194846009,183.85230024213075
1997-03-31,,30.5,0.0677,0.019,81.5,0.0508,0.1821,0.15039999999999998,19.69,792.16,1604.39,,,28.8,,,,,,0.0548,0.057999999999999996,0.0622,0.0638,0.0654,0.0669,0.0705,0.0693,,,,,160.0,,,0.06280000000000001,12.12,0.0431,44615.16,170.01,,,,,0.0276,271.56,0.012,8259.771,8291.163,8.18,7.55,159.8,6.69,5.14,0,0.03850232276307817,25.97245901639344,,0.09590580658955314,0.09554268804026647,-0.0628,0.006299999999999999,4.951,4.957196495619524,
1997-06-30,,30.65,0.0622,0.0173,81.97,0.0463,0.1616,0.1355,21.61,876.29,1771.46,,,31.25,,,,,,0.053399999999999996,0.056900000000000006,0.060899999999999996,0.062400000000000004,0.0638,0.0649,0.0684,0.0677,,,,,160.3,,,0.0605,12.32,0.0431,45224.52,172.7,,,,,0.023,272.36,0.0121,8362.655,8385.773,8.02,7.41,160.2,6.49,4.93,0,0.034977005329285965,28.59021207177814,,0.10478609962984242,0.10449722404839722,-0.0629,0.006099999999999994,5.4665626949469734,5.4699750312109865,
1997-09-30,,30.82,0.045599999999999995,0.016399999999999998,81.7,0.0434,0.12890000000000001,0.1051,23.06,937.02,1883.65,,,32.66,,,,,,0.053,0.0552,0.0588,0.059800000000000006,0.0611,0.0621,0.06559999999999999,0.065,,,,,161.2,,,0.0654,12.47,0.0467,45632.62,173.57,,,,,0.0215,273.29,0.0121,8518.825,8549.503,7.7,7.15,161.2,6.21,4.95,0,0.03289150711831124,30.402985074626866,,0.10999404260564102,0.10959935331913445,-0.0606,0.005499999999999998,5.812779156327544,5.812779156327544,
1997-12-31,,31.13,0.0401,0.0161,79.8,0.041299999999999996,0.0256,0.0084,24.23,962.37,1933.42,,,33.03,,,,,,0.0545,0.0553,0.0572,0.0574,0.057699999999999994,0.0581,0.060700000000000004,0.0599,,,,,161.3,0.446,8.77,0.0613,12.58,0.044800000000000006,45884.47,174.54,49690.9,37003.61,0.0426,63640.0,0.017,274.11,0.012,8662.823,8685.903,7.32,6.76,161.8,5.81,5.16,0,0.032347226118852414,30.91455187921619,109.73432155074117,0.11109196159265865,0.11079677035306519,-0.0571,0.005600000000000005,5.966336019838809,5.947898640296662,220.45838084378565
1998-03-31,,31.25,0.038599999999999995,0.014499999999999999,79.0,0.036699999999999997,-0.0174,-0.030699999999999998,27.23,1076.83,2151.36,,,36.29,,,,,,0.0525,0.053899999999999997,0.0556,0.0557,0.056100000000000004,0.0565,0.0601,0.059500000000000004,,,,,162.2,,,0.0602,12.7,0.048600000000000004,46231.82,175.63,,,,,0.0138,274.78,0.011899999999999999,8765.907,8782.231,7.32,6.72,162.0,5.65,5.03,1,0.02902036533157509,34.45856,,0.12284296422492276,0.12261462947171396,-0.0587,0.006000000000000005,6.638902589395808,6.647098765432098,
1998-06-30,,31.71,0.052000000000000005,0.0144,77.47,0.0352,-0.039,-0.054900000000000004,28.44,1108.39,2203.55,,,36.8,,,,,,0.053200000000000004,0.0541,0.0552,0.0552,0.0552,0.055,0.057999999999999996,0.057,,,,,163.0,,,0.0529,12.82,0.0409,46526.18,179.38,,,,,0.0168,275.57,0.0118,8866.48,8891.834,7.13,6.53,162.8,5.5,4.98,1,0.028609063596748436,34.95395774203721,,0.12500902274634354,0.1246525744857585,-0.056900000000000006,0.005999999999999997,6.799938650306749,6.808292383292383,
1998-09-30,,31.98,0.0528,0.0158,75.45,0.0373,-0.06269999999999999,-0.0765,26.8,1020.64,2021.65,,,33.53,,,,,,0.0481,0.0471,0.0467,0.0462,0.0462,0.0481,0.0538,0.052000000000000005,,,,,163.6,,,0.0529,12.98,0.040999999999999995,46961.55,181.8,,,,,0.0149,276.45,0.0116,8969.699,8992.195,7.09,6.4,163.5,4.81,4.61,4,0.03133328107853896,31.91494684177611,,0.1137875418116037,0.11350287666137134,-0.0551,0.006899999999999995,6.238630806845966,6.242446483180428,
1998-12-31,,32.02,0.045,0.013600000000000001,74.56,0.0317,-0.0506,-0.06570000000000001,31.56,1190.05,2352.9,,,38.82,,,,,,0.045700000000000005,0.0452,0.0451,0.044800000000000006,0.044500000000000005,0.0464,0.0536,0.0506,,,,,163.9,0.41700000000000004,9.29,0.0602,13.19,0.048799999999999996,47577.09,182.83,51853.98,38887.54,0.0509,65980.0,0.0161,277.27,0.0115,9121.097,9130.667,7.23,6.22,164.4,4.65,4.39,0,0.02690643250283602,37.16583385384134,128.10010764262648,0.13047224473108882,0.13033549465772873,-0.0587,0.010100000000000007,7.260829774252593,7.238746958637469,253.27233584499464
1999-03-31,,32.31,0.051699999999999996,0.0128,75.38,0.029900000000000003,-0.029300000000000003,-0.0458,33.39,1281.66,2517.13,,,41.35,,,,,,0.04650000000000001,0.0478,0.050499999999999996,0.051100000000000007,0.051399999999999994,0.052300000000000006,0.0587,0.0558,,,,,165.0,,,0.061500000000000006,13.32,0.0482,47907.87,183.91,,,,,0.0173,277.94,0.0115,9293.991,9306.215,7.53,6.62,164.8,5.23,4.44,0,0.02520949393754974,39.66759517177344,,0.13790200571530573,0.13772086718391957,-0.0625,0.009100000000000002,7.767636363636364,7.777063106796117,
1999-06-30,,32.07,0.031200000000000002,0.0124,79.98,0.031,0.0526,0.0323,32.24,1322.55,2578.69,,,42.18,,,,,,0.050300000000000004,0.051,0.0562,0.057,0.0581,0.059000000000000004,0.0636,0.0604,,,,,166.2,,,0.062,13.43,0.0472,48168.37,187.96,,,,,0.0196,278.75,0.0115,9411.682,9437.614,8.02,7.23,166.0,5.9,4.57,0,0.024248610638539187,41.23947614593077,,0.1405221723385894,0.14013605557506378,-0.0678,0.007899999999999992,7.957581227436823,7.967168674698795,
1999-09-30,,32.12,0.0308,0.0126,84.84,0.0333,0.15410000000000001,0.1246,29.99,1318.17,2544.12,,,41.32,,,,,,0.0508,0.0525,0.056600000000000004,0.0575,0.057999999999999996,0.0592,0.065,0.060700000000000004,,,,,167.9,,,0.062,13.6,0.0479,48648.92,189.99,,,,,0.0263,279.65,0.0116,9526.21,9557.13,8.2,7.39,167.8,5.92,4.68,1,0.02436711501551393,41.03891656288917,,0.13837297309213215,0.13792529765735112,-0.06939999999999999,0.008099999999999996,7.85092316855271,7.855601907032181,
1999-12-31,290.68,32.14,0.030699999999999998,0.011699999999999999,92.75,0.0337,0.2774,0.244,29.66,1428.68,2750.86,5.05,,44.19,,,,,,0.056799999999999996,0.0584,0.061,0.061399999999999996,0.061900000000000004,0.06280000000000001,0.0669,0.0635,,,,,168.3,0.38299999999999995,9.9,0.0652,13.83,0.0482,49303.48,191.74,54738.34,40697.32,0.04650000000000001,67650.0,0.0268,280.47,0.0115,9686.626,9715.248,8.19,7.55,168.8,6.28,5.2,1,0.022496290281938572,44.451773490976976,144.3111111111111,0.14748995160956974,0.14705543286182712,-0.0702,0.006399999999999997,8.488888888888889,8.463744075829384,277.86464646464646
2000-03-31,295.94,31.73,0.019,0.0116,96.44,0.0353,0.3275,0.27940000000000004,28.31,1442.21,2729.87,5.06,,43.22,,,,,,0.0611,0.0622,0.0653,0.0653,0.065,0.0626,0.0638,0.0605,,,,,171.2,,,0.06269999999999999,13.88,0.042199999999999994,49360.61,192.07,,,,,0.037599999999999995,281.16,0.0116,9900.169,9938.31,8.37,7.68,171.0,6.26,5.69,1,0.022000956864811645,45.45256854711629,,0.14567529099755772,0.14511622197335364,-0.0721,0.006899999999999995,8.424123831775702,8.433976608187134,
2000-06-30,312.94,31.4,0.015600000000000001,0.011399999999999999,97.59,0.0355,0.2657,0.2202,28.16,1461.96,2747.99,4.65,,42.78,,,,,,0.062400000000000004,0.0617,0.06480000000000001,0.0643,0.063,0.061,0.06280000000000001,0.0593,,,,,172.4,,,0.0757,14.13,0.0524,50129.61,197.1,,,,,0.0373,281.89,0.0113,10002.179,10035.263,8.48,7.67,172.2,6.1,5.69,1,0.021478015814386166,46.55923566878981,,0.1461641508315338,0.14568228057401186,-0.0734,0.008100000000000005,8.480046403712297,8.489895470383276,
2000-09-30,319.6,30.5,-0.0177,0.0111,100.18,0.0366,0.2216,0.1808,27.34,1468.05,2738.79,4.49,,41.89,,,,,,0.0625,0.0613,0.0608,0.0602,0.0593,0.057999999999999996,0.060899999999999996,0.0583,,,,,173.7,,,0.0652,14.15,0.0397,50037.66,199.88,,,,,0.0345,282.69,0.0109,10247.72,10283.391,8.35,7.62,173.6,5.8,6.0,4,0.02077585913286332,48.1327868852459,,0.1432562560257306,0.14275932909679306,-0.07239999999999999,0.007299999999999996,8.451640759930916,8.456509216589861,
2000-12-31,325.8,30.3,-0.0252,0.012199999999999999,93.12,0.037599999999999995,0.038,0.004,26.62,1330.93,2478.7,4.05,1.77,37.27,745.7,,1398.1,,,0.0592,0.055999999999999994,0.0535,0.0526,0.051699999999999996,0.0524,0.0564,0.054900000000000004,,,,,174.0,0.337,10.44,0.0541,14.23,0.0291,50204.21,202.61,57136.18,41988.65,0.0317,67470.0,0.0339,283.44,0.0106,10318.165,10348.645,8.02,7.21,174.6,5.24,5.77,4,0.022766035779492533,43.925082508250824,127.4837164750958,0.12898902081910882,0.1286091077624172,-0.06799999999999999,0.008099999999999996,7.649022988505748,7.6227376861397484,237.42337164750958
2001-03-31,347.25,29.38,-0.0471,0.013500000000000002,83.57,0.0383,-0.1081,-0.1335,26.1,1185.85,2180.93,3.34,1.54,32.32,751.27,,1398.64,,,0.0444,0.043,0.0434,0.0443,0.0464,0.0489,0.054900000000000004,0.053399999999999996,,,,,176.2,,,0.046799999999999994,14.18,0.022000000000000002,49932.29,203.04,,,,,0.0292,284.05,0.0103,10435.744,10490.43,7.84,6.98,176.1,4.89,4.42,2,0.024775477505586712,40.36249149081007,,0.11363348890122255,0.11304112414839047,-0.0649,0.008599999999999995,6.730136208853575,6.733957978421351,
2001-06-30,345.87,28.56,-0.060899999999999996,0.0127,66.98,0.0297,-0.2914,-0.31370000000000003,33.67,1238.71,2255.11,3.54,1.64,33.07,748.23,,1382.11,,,0.0356,0.0358,0.0408,0.0435,0.0481,0.0528,0.0582,0.0567,,,,,178.0,,,0.034300000000000004,14.27,0.01,50123.88,206.21,,,,,0.0325,284.73,0.0101,10470.231,10510.297,7.97,7.18,177.7,5.28,3.49,2,0.02305624399576979,43.372198879551824,,0.11830780046782159,0.11785680271451891,-0.06699999999999999,0.0079,6.959044943820225,6.970793472144064,
2001-09-30,339.4,28.6,-0.0374,0.0151,51.45,0.0271,-0.4728,-0.4864,36.9,1044.64,1898.6,3.07,1.41,27.67,738.81,,1355.93,,0.0268,0.0271,0.0282,0.031200000000000002,0.0345,0.0412,0.0473,0.0553,0.0548,,,,,178.3,,,0.0271,14.21,0.0049,49789.23,209.86,,,,,0.0265,285.49,0.009899999999999999,10599.0,10647.427,8.03,7.17,178.1,4.73,2.64,2,0.027377852657374788,36.525874125874125,,0.09856024153222002,0.09811196639338313,-0.0652,0.008599999999999995,5.858889512058329,5.865468837731612,
2001-12-31,338.37,28.87,-0.0326,0.0137,45.28,0.0216,-0.5062,-0.5136999999999999,46.37,1144.93,2099.71,3.39,1.56,30.5,736.88,-0.0118,1346.96,-0.0366,0.0172,0.0182,0.0222,0.0311,0.0362,0.043899999999999995,0.0509,0.0576,0.0548,,,,,176.7,0.315,10.66,0.0215,14.25,0.0017000000000000001,49813.46,212.84,58208.18,42229.09,0.005699999999999999,66360.0,0.0155,286.14,0.0095,10598.02,10623.039,8.05,6.77,177.4,5.09,1.69,2,0.02521551535901758,39.65812261863526,107.40431519699813,0.10803244379610531,0.107778009663713,-0.0668,0.012800000000000011,6.479513299377476,6.453945885005637,196.97091932457786
2002-03-31,332.74,28.51,-0.0152,0.013600000000000001,44.77,0.021400000000000002,-0.45640000000000003,-0.4643,46.71,1153.79,2091.11,3.45,1.6,30.29,718.01,-0.0443,1307.78,-0.065,0.0178,0.0206,0.025699999999999997,0.0356,0.0414,0.047400000000000005,0.0528,0.0593,0.054000000000000006,,,,,178.8,,,0.029900000000000003,14.37,0.0134,50127.69,213.73,,,,,0.0148,286.72,0.009399999999999999,10660.465,10748.408,8.11,6.81,178.5,5.28,1.79,3,0.024709869213635067,40.469659768502275,,0.10823073852782218,0.10734519940069265,-0.06749999999999999,0.012999999999999998,6.452964205816555,6.463809523809523,
2002-06-30,329.52,28.89,0.0225,0.0158,48.17,0.0264,-0.2732,-0.2808,37.92,1014.02,1826.55,3.0,1.39,26.39,710.31,-0.0507,1290.39,-0.0664,0.0172,0.0183,0.022000000000000002,0.029900000000000003,0.0348,0.04190000000000001,0.0493,0.0565,,,,,,179.9,,,0.027200000000000002,14.46,0.013300000000000001,50317.23,220.35,,,,,0.010700000000000001,287.39,0.009399999999999999,10783.5,10833.143,7.95,6.63,179.6,4.93,1.7,3,0.028490562316325123,35.09934233298719,,0.09403440441415124,0.09360349069517498,-0.0637,0.013200000000000003,5.636575875486381,5.645991091314031,
2002-09-30,334.92,28.29,0.004,0.0182,53.78,0.0346,0.0611,0.0453,28.89,867.81,1553.69,2.43,1.17,22.36,697.75,-0.0556,1263.06,-0.06849999999999999,0.0167,0.016399999999999998,0.0172,0.02,0.0232,0.0294,0.0387,0.0487,,,,,,181.0,,,0.0364,14.52,0.0215,50392.65,224.67,,,,,0.0151,288.13,0.0092,10887.46,10918.384,7.4,6.15,180.8,3.87,1.63,0,0.0325993016904622,30.675503711558854,,0.07970729628398175,0.07948154232347937,-0.05580000000000001,0.0125,4.794530386740331,4.79983407079646,
2002-12-31,321.72,28.79,0.0212,0.0179,49.42,0.030699999999999998,0.1175,0.0915,32.59,899.18,1610.74,2.73,1.3,23.1,674.59,-0.08449999999999999,1213.52,-0.09910000000000001,0.012,0.0127,0.014499999999999999,0.0184,0.0223,0.030299999999999997,0.0403,0.0501,,,,,,180.9,0.327,11.06,0.037599999999999995,14.54,0.0199,50337.07,227.77,57851.27,42407.52,0.0042,65820.0,0.023799999999999998,288.8,0.009300000000000001,10984.04,11027.515,7.45,6.21,181.8,4.03,1.19,0,0.03201806089993105,31.23237235151094,81.3001808318264,0.08186241128036678,0.08153967598321109,-0.0566,0.012400000000000001,4.970591487009397,4.945984598459845,145.6365280289331
2003-03-31,328.72,28.54,0.031400000000000004,0.0192,53.34,0.0358,0.2275,0.19149999999999998,27.92,846.63,1489.43,2.58,1.25,21.31,678.6,-0.054900000000000004,1211.69,-0.0735,0.0118,0.0116,0.0124,0.015700000000000002,0.019799999999999998,0.0278,0.0381,0.0482,,0.0109,0.0194,,,184.2,,,0.0362,14.61,0.0168,50522.74,227.49,,,,,0.0302,289.26,0.0088,11061.433,11120.565,6.95,5.89,183.9,3.81,1.13,0,0.03371012130446594,29.66468114926419,,0.07653890775272967,0.07613192315318511,-0.05030000000000001,0.010600000000000005,4.596254071661238,4.603752039151713,
2003-06-30,346.32,28.52,0.0079,0.016399999999999998,60.95,0.035,0.2921,0.26530000000000004,28.6,988.0,1742.87,2.81,1.42,24.83,684.42,-0.0364,1215.43,-0.0581,0.0097,0.009399999999999999,0.0101,0.0123,0.0151,0.0227,0.0333,0.0434,,0.0091,0.0172,,,183.7,,,0.0391,14.74,0.0196,50871.54,235.02,,,,,0.021099999999999997,289.82,0.0084,11174.129,11217.689,6.19,4.97,183.1,3.33,0.92,0,0.028866396761133603,34.642356241234225,,0.08841852461162744,0.08807518197375591,-0.045500000000000006,0.012200000000000006,5.37833424060969,5.39595849262698,
2003-09-30,351.89,29.02,0.049800000000000004,0.0163,67.51,0.0378,0.2843,0.2552,26.42,1019.44,1783.77,2.83,1.43,25.24,697.9,0.0002,1232.27,-0.024399999999999998,0.0091,0.0103,0.0124,0.0171,0.0223,0.0318,0.042699999999999995,0.0521,,0.0129,0.0219,,,185.2,,,0.053,14.99,0.0323,51568.72,239.86,,,,,0.0232,290.66,0.0088,11312.766,11369.131,6.79,5.72,185.1,4.27,0.94,1,0.02846660911873185,35.12887663680221,,0.0901141241673345,0.08966736331914903,-0.05160000000000001,0.010700000000000003,5.504535637149028,5.507509454349001,
2003-12-31,367.17,30.57,0.0816,0.0161,85.7,0.0451,0.7666,0.7340000000000001,22.17,1080.64,1900.09,3.03,1.56,26.64,710.81,0.0537,1249.48,0.0296,0.0089,0.0101,0.0131,0.0191,0.024399999999999998,0.0327,0.042699999999999995,0.051100000000000007,,0.0123,0.019799999999999998,,,184.3,0.34700000000000003,11.77,0.0643,15.16,0.043,52040.57,245.51,59069.66,43317.32,0.0215,65860.0,0.018799999999999997,291.36,0.0089,11566.669,11621.172,6.6,5.62,185.5,4.27,0.9,1,0.02828879182706544,35.34968923781486,91.81308411214954,0.09342707049021634,0.09298889991474182,-0.0499,0.009799999999999996,5.86348345089528,5.8255525606469005,161.43500424808835
2004-03-31,376.47,31.17,0.1109,0.016,89.92,0.0463,0.715,0.6858,21.61,1123.98,1943.6,2.99,1.55,26.89,726.93,0.0712,1272.22,0.0499,0.0096,0.0101,0.011899999999999999,0.0158,0.02,0.0279,0.0383,0.0472,,0.0052,0.0147,,,187.4,,,0.06709999999999999,15.25,0.0434,52241.5,249.16,,,,,0.0174,291.89,0.0091,11772.234,11851.792,6.11,5.33,187.1,3.83,0.94,1,0.027731810174558266,36.05967276227141,,0.09547720509123417,0.0948362914232717,-0.0451,0.007800000000000002,5.997758804695838,6.007375734901123,
2004-06-30,386.23,31.78,0.1508,0.016399999999999998,95.92,0.0496,0.6252,0.5738,20.17,1132.76,1935.03,2.95,1.54,26.4,739.42,0.08039999999999999,1283.44,0.055999999999999994,0.0105,0.016399999999999998,0.0212,0.0276,0.0326,0.0393,0.0473,0.0545,,0.0141,0.0215,,,189.7,,,0.0707,15.37,0.042300000000000004,52523.36,257.12,,,,,0.0327,292.57,0.0095,11923.447,12021.455,6.78,6.01,188.9,4.73,1.27,1,0.028055369186765072,35.643801132787914,,0.09500272865724148,0.09422819450723727,-0.0514,0.007700000000000005,5.971323141802847,5.996611964002117,
2004-09-30,402.52,32.7,0.15539999999999998,0.0171,98.58,0.051699999999999996,0.4974,0.4603,19.35,1117.66,1907.23,2.77,1.47,25.67,756.88,0.08449999999999999,1305.46,0.0594,0.0155,0.0191,0.0212,0.0253,0.028300000000000002,0.0336,0.041299999999999996,0.0489,,0.011000000000000001,0.018000000000000002,0.0216,,189.9,,,0.0639,15.51,0.0349,52888.31,264.69,,,,,0.0254,293.31,0.0091,12112.815,12185.61,6.27,5.46,189.8,4.13,1.65,0,0.029257555965141457,34.17920489296636,,0.09227087179982522,0.09171965950001683,-0.04559999999999999,0.008099999999999996,5.8855186940495,5.888619599578504,
2004-12-31,414.75,33.11,0.1183,0.016200000000000003,99.7,0.048799999999999996,0.20129999999999998,0.1634,20.48,1199.21,2042.09,2.92,1.54,27.14,788.17,0.10880000000000001,1348.83,0.0795,0.0196,0.025,0.026699999999999998,0.0301,0.0321,0.036000000000000004,0.042300000000000004,0.048799999999999996,,0.0092,0.0167,0.0202,,190.3,0.35700000000000004,12.53,0.0641,15.67,0.0335,53299.55,270.19,60468.24,44334.84,0.0235,65760.0,0.0326,294.02,0.0091,12305.307,12386.919,6.15,5.47,191.7,4.23,2.19,0,0.02760984314673827,36.2189670794322,95.70710295291302,0.0974546998299189,0.09681261337060491,-0.04530000000000001,0.006800000000000006,6.301681555438781,6.255659885237351,162.97605746209098
2005-03-31,426.79,33.91,0.12210000000000001,0.0169,100.95,0.0504,0.15810000000000002,0.12269999999999999,19.84,1194.9,2003.17,2.77,1.46,26.34,806.94,0.1101,1370.41,0.07719999999999999,0.0265,0.030899999999999997,0.033,0.0373,0.0391,0.0417,0.045,0.0489,,0.0129,0.0179,0.0195,,193.3,,,0.0708,15.84,0.0391,53791.41,275.91,,,,,0.0315,294.56,0.0091,12527.214,12581.653,6.06,5.4,193.1,4.5,2.74,0,0.02837894384467319,35.23739309938072,,0.09538433685255159,0.09497162256819514,-0.043699999999999996,0.006599999999999992,6.181583031557165,6.1879854997410675,
2005-06-30,436.9,34.86,0.1249,0.0174,105.4,0.0526,0.1266,0.09880000000000001,19.0,1202.25,2003.05,2.73,1.44,26.07,828.1,0.1199,1397.5,0.0889,0.028300000000000002,0.0322,0.0336,0.0364,0.0368,0.0377,0.04,0.0435,,0.0139,0.0167,0.018000000000000002,,194.5,,,0.0669,15.92,0.0362,53927.5,286.58,,,,,0.0253,295.26,0.0092,12767.286,12854.364,5.86,4.96,193.7,4.0,2.97,0,0.028995633187772926,34.48795180722892,,0.09416645009753835,0.09352854797016795,-0.04120000000000001,0.009000000000000003,6.181233933161954,6.206763035622096,
2005-09-30,441.77,35.0,0.1204,0.0175,108.35,0.0542,0.1506,0.09910000000000001,18.44,1225.92,1998.31,2.78,1.44,25.73,851.94,0.12560000000000002,1421.3,0.08869999999999999,0.0323,0.0379,0.0385,0.0395,0.039599999999999996,0.0401,0.042,0.0451,,0.013999999999999999,0.017,0.019299999999999998,,198.8,,,0.068,16.05,0.0345,54207.46,289.51,,,,,0.046900000000000004,296.04,0.009300000000000001,12922.656,12996.998,6.03,5.13,198.8,4.2,3.42,1,0.028549986948577393,35.02628571428571,,0.09486594706227575,0.09432331989279372,-0.0428,0.009000000000000003,6.166599597585513,6.166599597585513,
2005-12-31,453.06,36.58,0.1427,0.0176,114.98,0.0553,0.19269999999999998,0.1533,18.07,1262.07,2078.14,2.76,1.43,26.44,874.32,0.1093,1446.34,0.0723,0.0369,0.0433,0.0435,0.044000000000000004,0.043899999999999995,0.043899999999999995,0.0447,0.0473,,0.0209,0.0212,0.021400000000000002,,196.8,0.358,13.32,0.0636,16.14,0.0297,54375.96,296.57,63343.18,46326.33,0.0449,66780.0,0.0342,296.76,0.009300000000000001,13142.642,13225.668,6.32,5.37,198.1,4.47,3.89,1,0.02898412924798149,34.50164024056862,94.75,0.0960286371644301,0.0954258038232927,-0.0456,0.009500000000000001,6.41295731707317,6.3708732963149926,156.0165165165165
2006-03-31,468.63,36.95,0.1265,0.0176,117.86,0.0562,0.20670000000000002,0.1675,17.8,1293.74,2098.31,2.76,1.44,26.33,898.02,0.11289999999999999,1473.54,0.0753,0.0455,0.0479,0.04769999999999999,0.0473,0.047400000000000005,0.0472,0.0472,0.049100000000000005,0.0473,0.0209,0.022000000000000002,0.0217,,199.8,,,0.0652,16.35,0.0321,54985.1,296.4,,,,,0.0336,297.42,0.0097,13324.204,13378.959,6.41,5.53,199.7,4.72,4.51,1,0.02856060723174672,35.013261163734775,,0.0970969823037834,0.09669960121710515,-0.0465,0.008799999999999999,6.475175175175175,6.47841762643966,
2006-06-30,474.91,37.43,0.12,0.0187,118.97,0.0594,0.1775,0.1288,16.82,1253.17,2001.45,2.67,1.38,24.75,917.93,0.1085,1490.52,0.0666,0.0471,0.051699999999999996,0.0516,0.0512,0.0509,0.0507,0.051100000000000007,0.0529,0.051500000000000004,0.0245,0.0253,0.0254,,202.9,,,0.0643,16.4,0.0297,54998.84,294.75,,,,,0.0432,298.12,0.0097,13599.16,13654.952,6.78,5.89,201.8,5.11,4.79,1,0.02986825410758317,33.4803633449105,,0.09215054459246012,0.09177403186770632,-0.0491,0.008900000000000005,6.176293740758995,6.2099603567889,
2006-09-30,491.96,38.48,0.1223,0.0183,125.49,0.0596,0.182,0.1582,16.77,1317.74,2104.58,2.72,1.43,25.64,936.83,0.09960000000000001,1513.43,0.06480000000000001,0.04769999999999999,0.0508,0.049699999999999994,0.04769999999999999,0.046900000000000004,0.0467,0.0472,0.0493,0.048499999999999995,0.023799999999999998,0.0232,0.0231,,202.9,,,0.0554,16.42,0.0233,54935.69,294.2,,,,,0.0206,298.91,0.0097,13753.424,13802.877,6.43,5.51,202.8,4.72,4.81,4,0.029201511679086918,34.2448024948025,,0.09581177748900928,0.09546850268969288,-0.046,0.0092,6.494529324790537,6.497731755424063,
2006-12-31,504.39,39.96,0.1201,0.0176,130.89,0.0575,0.1673,0.1383,17.38,1416.42,2274.51,2.81,1.49,27.28,952.51,0.0894,1529.12,0.0572,0.0487,0.0507,0.049400000000000006,0.0467,0.0458,0.0453,0.045599999999999995,0.0478,0.046799999999999994,0.022799999999999997,0.0225,0.0226,,201.8,0.354,14.04,0.0537,16.56,0.0263,55269.19,294.25,66573.64,48199.14,0.0404,67520.0,0.0254,299.66,0.0098,13870.188,13906.646,6.22,5.32,203.1,4.56,4.85,4,0.02821197102554327,35.445945945945944,100.8846153846154,0.10211974055434576,0.10185202096896692,-0.0446,0.008999999999999994,7.0189296333002975,6.974002954209749,162.00213675213678
2007-03-31,508.99,40.23,0.1189,0.0181,131.21,0.0591,0.1442,0.1133,16.92,1406.95,2220.23,2.79,1.47,26.23,965.19,0.0748,1539.05,0.044500000000000005,0.0521,0.051,0.0492,0.045700000000000005,0.0451,0.044800000000000006,0.045599999999999995,0.0481,0.0472,0.0204,0.0218,0.0227,,205.35,,,0.0453,16.61,0.0158,55319.12,287.52,,,,,0.0278,300.29,0.0096,14039.56,14083.697,6.27,5.3,205.288,4.56,4.94,4,0.028593766658374493,34.97265722097937,,0.10021325454643878,0.09989919550243094,-0.04459999999999999,0.009699999999999997,6.851473094716338,6.8535423405167375,
2007-06-30,516.91,40.7,0.1166,0.0173,132.08,0.056100000000000004,0.14,0.11019999999999999,17.83,1514.19,2355.05,2.91,1.52,27.42,986.11,0.07429999999999999,1561.78,0.0478,0.0452,0.0495,0.0496,0.049800000000000004,0.05,0.050300000000000004,0.051,0.0529,0.052000000000000005,0.0265,0.0269,0.026699999999999998,,208.35,,,0.0472,16.71,0.019299999999999998,55531.82,282.37,,,,,0.0269,300.97,0.0096,14215.651,14258.594,6.7,5.79,207.234,5.1,4.61,0,0.02687905744985768,37.203685503685506,,0.10651569878860982,0.10619490252685504,-0.04970000000000001,0.009100000000000002,7.267530597552196,7.306667824777787,
2007-09-30,524.0,41.93,0.11960000000000001,0.018000000000000002,122.17,0.0525,0.0004,-0.0264,19.05,1497.12,2326.96,2.91,1.52,26.73,1005.12,0.0729,1581.06,0.0447,0.0378,0.042,0.0414,0.0401,0.0406,0.042,0.0452,0.0484,0.0479,0.021400000000000002,0.0226,0.023,,208.49,,,0.05,16.81,0.023700000000000002,55702.9,278.42,,,,,0.0276,301.77,0.0096,14402.082,14463.277,6.59,5.74,208.547,4.52,3.89,0,0.0280071069787325,35.70522299069878,,0.10395163699248483,0.10351181132740525,-0.0479,0.008499999999999997,7.180776056405582,7.178813408967763,
2007-12-31,529.59,42.79,0.11449999999999999,0.0187,102.11,0.0447,-0.1881,-0.21989999999999998,22.35,1479.22,2282.21,2.77,1.43,25.96,1025.08,0.0762,1596.23,0.043899999999999995,0.0286,0.0334,0.0326,0.031200000000000002,0.0313,0.0349,0.040999999999999995,0.045700000000000005,0.0453,0.0127,0.0179,0.0208,,210.04,0.35200000000000004,14.72,0.0481,16.92,0.0213,55911.82,267.45,67607.08,50233.07,0.042199999999999994,68610.0,0.0408,302.53,0.0096,14564.117,14681.751,6.65,5.49,211.445,4.1,3.0,2,0.02892740768783548,34.569291890628655,100.49048913043478,0.10156606129983713,0.10075228765288283,-0.0478,0.011600000000000001,7.042563321272139,6.995767220790277,155.0414402173913
2008-03-31,530.94,42.95,0.1101,0.0215,91.65,0.045899999999999996,-0.2737,-0.3015,21.81,1316.94,1998.61,2.49,1.26,22.61,1048.32,0.0861,1616.84,0.050499999999999996,0.013500000000000002,0.0151,0.0154,0.016200000000000003,0.018000000000000002,0.0248,0.0351,0.0436,0.043899999999999995,0.0023,0.0109,0.0176,,213.53,,,0.0345,16.84,0.0139,55553.54,254.84,,,,,0.0398,303.19,0.0096,14715.058,14875.943,6.89,5.51,213.448,3.51,1.26,2,0.03261348277066533,30.662165308498253,,0.08949607945819853,0.08852816927303366,-0.047400000000000005,0.0138,6.167470613028614,6.169839961020951,
2008-06-30,530.7,42.52,0.0971,0.021400000000000002,76.08,0.0383,-0.3951,-0.424,26.11,1341.25,1986.32,2.41,1.19,22.42,1071.22,0.0863,1631.75,0.044800000000000006,0.0172,0.0219,0.0242,0.0277,0.0308,0.0349,0.040999999999999995,0.047400000000000005,0.046900000000000004,0.0097,0.0163,0.0219,,218.82,,,0.0322,16.94,0.0138,55762.57,246.65,,,,,0.050199999999999995,303.85,0.0096,14706.538,14857.342,7.07,5.68,217.463,4.1,1.86,2,0.0317017707362535,31.543979303857007,,0.0912009338975631,0.09027523227236742,-0.0493,0.013900000000000006,6.12946714194315,6.167715887300369,
2008-09-30,514.6,42.74,0.0695,0.023700000000000002,68.06,0.0378,-0.4154,-0.4429,26.48,1216.95,1802.51,2.27,1.08,20.36,1080.41,0.07490000000000001,1626.43,0.0287,0.0089,0.016399999999999998,0.0191,0.0208,0.0232,0.0288,0.0369,0.0432,0.042699999999999995,0.0155,0.018500000000000003,0.0225,,218.78,,,0.023,16.85,0.0027,55329.97,239.85,,,,,0.049400000000000006,304.61,0.009399999999999999,14865.701,15023.21,7.31,5.65,218.877,3.69,1.13,2,0.03512058835613624,28.47332709405709,,0.08186294073854977,0.08100465879129694,-0.0494,0.016599999999999993,5.562437151476369,5.559972039090448,
2008-12-31,451.37,43.76,0.0236,0.0323,22.94,0.017,-0.7752,-0.7754000000000001,58.98,877.56,1352.71,2.0,0.87,15.38,1042.46,0.017,1567.56,-0.018000000000000002,0.0003,0.0026,0.0049,0.008199999999999999,0.010700000000000001,0.0152,0.0242,0.0318,0.0287,0.0176,0.0217,0.0232,,210.23,0.392,14.61,-0.0073,16.49,-0.0254,53997.43,235.16,68423.8,50306.48,0.0015,66280.0,0.0009,305.3,0.0091,14898.999,15075.73,8.43,5.05,211.398,2.42,0.03,2,0.04986553625962897,20.053930530164532,60.06570841889117,0.05890060130885303,0.05821011652503726,-0.052,0.0338,4.174285306568996,4.151221865864389,92.58795345653662
2009-03-31,449.43,41.52,-0.037000000000000005,0.036000000000000004,10.45,0.0091,-0.8864,-0.8859999999999999,110.37,757.13,1153.46,1.78,0.8,13.32,998.54,-0.0475,1502.2,-0.0709,0.001,0.0043,0.0064,0.009300000000000001,0.0131,0.0182,0.0282,0.0378,0.0364,0.0123,0.0171,0.0226,,212.71,,,-0.0187,16.3,-0.0323,53276.16,223.23,,,,,-0.0038,305.92,0.009000000000000001,14608.209,14704.022,8.42,5.5,212.495,2.82,0.21,2,0.054838667071705,18.235308285163775,,0.05182907774662862,0.051491353862228986,-0.04819999999999999,0.0292,3.5594471345963985,3.5630485423186427,
2009-06-30,487.69,38.45,-0.10859999999999999,0.0276,11.28,0.008100000000000001,-0.8538,-0.8517,123.32,926.12,1391.39,1.89,0.97,16.38,943.25,-0.1195,1425.1,-0.1266,0.001,0.0031,0.0051,0.0118,0.0176,0.0271,0.037200000000000004,0.0451,0.0452,0.0118,0.018600000000000002,0.0236,,215.69,,,-0.0326,16.27,-0.0398,53073.29,225.07,,,,,-0.0143,306.54,0.0089,14430.902,14551.583,7.5,5.61,214.79,3.72,0.18,2,0.04151729797434458,24.08634590377113,,0.06417616861371521,0.06364393482138679,-0.0474,0.018899999999999997,4.293754926051277,4.311746356906746,
2009-09-30,498.43,35.86,-0.17170000000000002,0.0229,18.82,0.012,-0.7271,-0.7234999999999999,83.3,1044.55,1567.31,2.12,1.17,18.83,902.59,-0.1646,1369.27,-0.15810000000000002,0.0006,0.0021,0.004,0.0096,0.0148,0.023700000000000002,0.034,0.0414,0.04190000000000001,0.0103,0.016399999999999998,0.0213,,215.97,,,-0.0302,16.33,-0.0313,53133.7,224.53,,,,,-0.0129,307.27,0.0087,14381.236,14504.002,6.31,5.13,215.861,3.4,0.12,3,0.03433057297400795,29.128555493586166,,0.07263283906890895,0.07201805405156453,-0.040199999999999986,0.011799999999999998,4.836551372875862,4.838993611629706,
2009-12-31,513.58,33.62,-0.2107,0.0202,76.49,0.045899999999999996,2.4254,2.3346999999999998,21.78,1110.38,1666.24,2.17,1.23,20.32,908.4,-0.1286,1368.58,-0.12689999999999999,0.0003,0.0017000000000000001,0.0037,0.0087,0.0138,0.023399999999999997,0.0359,0.044000000000000004,0.0449,0.0043,0.013600000000000001,0.0199,,215.95,0.522,14.65,0.0029,16.5,0.0011,53588.3,220.11,67974.91,49779.23,-0.0105,65850.0,0.027200000000000002,307.95,0.0087,14448.882,14631.308,6.37,5.26,217.347,3.59,0.05,3,0.030277922873250592,33.027364663890545,75.79385665529011,0.07684885238871769,0.07589068591816946,-0.04350000000000001,0.011100000000000004,5.141838388515861,5.108789171233098,113.73651877133105
2010-03-31,530.95,32.62,-0.1963,0.019,90.73,0.0529,7.881900000000001,7.681,18.91,1152.05,1715.41,2.2,1.27,21.0,918.98,-0.0797,1376.7,-0.08349999999999999,0.0012,0.0023,0.004,0.0096,0.0151,0.024300000000000002,0.0373,0.0449,0.0464,0.005600000000000001,0.0151,0.019799999999999998,0.0215,217.63,,,0.0231,16.58,0.0175,53741.24,213.82,,,,,0.0231,308.57,0.0086,14651.249,14826.345,6.27,5.27,217.353,3.73,0.15,3,0.028314743283711644,35.31729000613121,,0.07863152144912697,0.07770289980436851,-0.04369999999999999,0.01,5.293617607866563,5.30036392412343,
2010-06-30,541.6,32.76,-0.139,0.0203,99.76,0.061900000000000004,7.9348,7.8416,16.15,1083.36,1610.66,1.9,1.11,19.74,932.49,-0.011399999999999999,1393.29,-0.0223,0.0008,0.0019,0.0032,0.0072,0.011699999999999999,0.02,0.032,0.0395,0.041299999999999996,0.0034000000000000002,0.0126,0.0169,0.0177,217.96,,,0.0416,16.74,0.0291,54163.44,219.57,,,,,0.0105,309.12,0.0084,14764.61,14968.895,6.23,4.88,217.199,3.2,0.12,0,0.030239255649091714,33.069597069597066,,0.0733754565816503,0.07237407971663906,-0.042,0.013500000000000005,4.970453294182418,4.987868268270111,
2010-09-30,567.95,33.16,-0.06480000000000001,0.0199,106.6,0.064,4.7305,4.6657,15.61,1122.08,1664.6,2.01,1.21,20.38,945.99,0.0481,1409.46,0.0294,0.0012,0.0019,0.0026,0.0048,0.0074,0.0141,0.0265,0.0347,0.0377,0.0013,0.0091,0.0158,0.0166,218.44,,,0.0479,16.87,0.0334,54468.22,214.5,,,,,0.011399999999999999,309.76,0.008100000000000001,14980.193,15187.024,5.66,4.53,218.275,2.65,0.15,0,0.029552260088407244,33.83835946924005,,0.07490424188793829,0.07388412634364705,-0.0367,0.0113,5.136788134041384,5.140671171687091,
2010-12-31,579.14,33.6,0.014499999999999999,0.0183,114.36,0.0623,0.5176,0.49520000000000003,16.05,1241.53,1835.59,2.17,1.31,22.4,962.71,0.059800000000000006,1428.95,0.0441,0.0009,0.0019,0.0029,0.0062,0.009899999999999999,0.019299999999999998,0.0329,0.0417,0.044199999999999996,0.002,0.0104,0.0167,0.0189,219.18,0.606,15.31,0.0449,16.96,0.0278,54651.0,207.92,67390.27,49274.44,-0.0101,64300.0,0.015,310.35,0.0078000000000000005,15141.607,15339.713,6.1,5.02,220.472,3.29,0.14,0,0.027063381472860103,36.95029761904762,81.09274983670802,0.08199459938433219,0.08093567330757753,-0.0427,0.0108,5.664431061228214,5.631236619616096,119.89483997387327
2011-03-31,594.05,33.98,0.0697,0.018000000000000002,117.91,0.0623,0.3345,0.29960000000000003,16.04,1304.49,1891.67,2.23,1.35,22.9,981.21,0.0677,1446.75,0.0509,0.0006,0.0016,0.0026,0.006999999999999999,0.011699999999999999,0.021099999999999997,0.0341,0.042699999999999995,0.0451,-0.0009,0.0096,0.0158,0.0189,223.47,,,0.0397,16.92,0.0204,54436.56,199.81,,,,,0.0268,310.83,0.0073,15309.474,15522.784,6.03,5.13,223.046,3.41,0.1,0,0.026048494047482156,38.38993525603296,,0.08520802216980153,0.08403711602248669,-0.0423,0.009000000000000003,5.837427842663445,5.848524519605822,
2011-06-30,613.08,34.94,0.10460000000000001,0.0189,120.41,0.0652,0.24989999999999998,0.207,15.35,1287.29,1848.08,2.15,1.31,22.1,1007.77,0.08070000000000001,1472.79,0.0571,0.0002,0.001,0.0018,0.0040999999999999995,0.0070999999999999995,0.0158,0.03,0.0391,0.042300000000000004,-0.0038,0.0076,0.015300000000000001,0.0178,225.72,,,0.0385,17.04,0.0174,54713.5,203.76,,,,,0.0356,311.35,0.0072,15351.448,15574.336,5.75,4.99,224.806,3.0,0.04,0,0.027142291169821874,36.84287349742416,,0.08385463052084728,0.08265456710321391,-0.0386,0.007599999999999998,5.703039163565479,5.726226168340702,
2011-09-30,613.18,35.96,0.1265,0.0215,124.23,0.0741,0.2104,0.1653,13.5,1173.88,1676.59,1.85,1.1,19.7,1032.93,0.0919,1495.41,0.061,0.0001,0.0004,0.001,0.0021,0.0034999999999999996,0.009000000000000001,0.019799999999999998,0.028300000000000002,0.0318,-0.0072,0.0008,0.0069,0.0102,226.89,,,0.0334,17.03,0.009399999999999999,54587.97,200.18,,,,,0.0387,312.0,0.0072,15557.539,15780.01,5.27,4.09,226.597,1.98,0.01,4,0.030633454867618495,32.644048943270306,,0.07545409334985437,0.07439032041171077,-0.0312,0.011799999999999998,5.173784653356253,5.180474587042194,
2011-12-31,613.14,37.95,0.16260000000000002,0.0213,124.86,0.0699,0.1241,0.09179999999999999,14.3,1243.32,1785.35,2.05,1.19,20.52,1052.83,0.09359999999999999,1513.24,0.059000000000000004,0.0,0.0005,0.0012,0.0026,0.0039000000000000003,0.0089,0.019799999999999998,0.026699999999999998,0.0298,-0.0078000000000000005,-0.0003,0.005600000000000001,0.0078000000000000005,225.67,0.655,15.84,0.0348,17.22,0.0154,55096.68,194.08,69680.32,50053.84,0.0158,63350.0,0.0296,312.59,0.0072,15647.68,15893.498,5.25,3.93,227.223,1.98,0.01,0,0.03052311552938906,32.76205533596838,78.49242424242424,0.0794571463629113,0.07822821634356389,-0.0312,0.013199999999999998,5.509460716976116,5.471805230984539,112.7114898989899
2012-03-31,633.04,38.64,0.1674,0.0197,125.08,0.0637,0.0889,0.0608,15.69,1389.24,1962.53,2.22,1.32,22.05,1069.27,0.0897,1527.07,0.0555,0.0006,0.0014000000000000002,0.0019,0.0034000000000000002,0.0051,0.0102,0.0217,0.0294,0.032799999999999996,-0.0103,-0.0014000000000000002,0.005600000000000001,0.0087,229.39,,,0.0467,17.37,0.0264,55465.73,191.95,,,,,0.0265,313.11,0.0073,15842.259,16102.811,5.23,3.99,228.807,2.17,0.08,0,0.02781376867927788,35.953416149068325,,0.08769203937393019,0.08627313578976988,-0.032600000000000004,0.012400000000000001,6.056236104450935,6.071667387798451,
2012-06-30,639.45,39.99,0.1635,0.021400000000000002,124.15,0.0664,0.0483,0.0311,15.05,1323.48,1868.93,2.13,1.27,20.55,1073.99,0.06570000000000001,1527.53,0.037200000000000004,0.0005,0.0015,0.0019,0.0029,0.0039000000000000003,0.0070999999999999995,0.016200000000000003,0.0231,0.027000000000000003,-0.0105,-0.005,0.001,0.005,229.48,,,0.0418,17.44,0.024,55620.57,202.2,,,,,0.0166,313.63,0.0073,16068.805,16314.993,5.02,3.64,228.524,1.62,0.09,0,0.03021579472300299,33.095273818454615,,0.08236331201977994,0.08112047611666152,-0.028799999999999992,0.013799999999999995,5.767299982569288,5.791426721044616,
2012-09-30,661.93,41.44,0.1751,0.020499999999999997,121.13,0.0599,-0.0055000000000000005,-0.024900000000000002,16.69,1443.42,2021.31,2.18,1.34,21.78,1076.99,0.042699999999999995,1524.32,0.019299999999999998,0.0008,0.0014000000000000002,0.0018,0.0026,0.0034000000000000002,0.0067,0.0172,0.024900000000000002,0.0288,-0.0147,-0.0070999999999999995,0.0002,0.0044,231.41,,,0.0429,17.47,0.025699999999999997,55585.76,202.17,,,,,0.0199,314.28,0.0073,16207.115,16435.211,4.84,3.49,231.015,1.72,0.11,0,0.028709592495600723,34.83156370656371,,0.08906088467935225,0.08782485360242714,-0.0279,0.013499999999999996,6.2375005401668036,6.248165703525745,
2012-12-31,666.97,44.1,0.1825,0.022000000000000002,122.1,0.0608,-0.0051,-0.022099999999999998,16.44,1422.29,2007.39,2.14,1.31,21.24,1092.37,0.037599999999999995,1539.33,0.0172,0.0004,0.0012,0.0016,0.0026,0.0034999999999999996,0.006999999999999999,0.0172,0.024700000000000003,0.0288,-0.013999999999999999,-0.0076,0.0,0.0033,229.6,0.7,16.42,0.0365,17.49,0.0155,55545.82,203.08,71275.16,51020.13,0.019299999999999998,63350.0,0.0174,314.87,0.0073,16319.541,16548.753,4.63,3.65,231.221,1.72,0.07,4,0.031006334854354597,32.25147392290249,86.61936662606577,0.08715257371515535,0.08594544857851222,-0.0243,0.0098,6.194642857142857,6.151214638808758,122.25274056029232
2013-03-31,679.09,44.7,0.174,0.0207,122.09,0.056600000000000004,-0.0095,-0.0239,17.68,1550.83,2158.98,2.31,1.43,22.42,1095.81,0.0248,1538.64,0.0076,0.0008,0.0011,0.0015,0.0026,0.0039000000000000003,0.008199999999999999,0.0196,0.0278,0.0316,-0.0143,-0.0058,0.0019,0.0062,232.77,,,0.0361,17.66,0.017,56017.43,206.02,,,,,0.0147,315.3,0.006999999999999999,16420.419,16647.685,4.85,3.93,232.282,1.96,0.09,0,0.028823275278399313,34.694183445190156,,0.09444521482673492,0.09315589524909919,-0.027799999999999995,0.009199999999999995,6.662499462989216,6.676496672148509,
2013-06-30,679.15,46.17,0.1747,0.0206,126.22,0.0562,0.0345,0.0166,17.8,1618.77,2246.51,2.37,1.45,22.93,1104.96,0.0288,1544.8,0.0113,0.0003,0.0009,0.0014000000000000002,0.0033,0.0058,0.012,0.023,0.030699999999999998,0.034,-0.0059,0.0025,0.0098,0.0121,233.5,,,0.0322,17.71,0.0152,56077.53,217.13,,,,,0.0175,315.81,0.0069,16648.189,16864.086,5.19,4.27,232.445,2.3,0.05,0,0.028521655330899388,35.06107862248213,,0.09723399944582561,0.09598919265473385,-0.0313,0.009200000000000009,6.932633832976445,6.964099034180129,
2013-09-30,693.22,47.61,0.16269999999999998,0.0204,130.6,0.0559,0.091,0.0782,17.88,1687.17,2334.98,2.43,1.51,23.44,1115.38,0.0356,1554.81,0.02,0.0002,0.0004,0.0012,0.004,0.0078000000000000005,0.016,0.0281,0.0353,0.0379,-0.0017000000000000001,0.0066,0.012199999999999999,0.015,234.15,,,0.038900000000000004,17.86,0.022400000000000003,56443.0,221.02,,,,,0.0118,316.43,0.0068000000000000005,16728.687,16957.701,5.47,4.64,233.544,2.81,0.02,0,0.028218851686552034,35.43730308758664,,0.10085489674114889,0.09949284988572449,-0.0343,0.0083,7.20550928891736,7.2242061453088064,
2013-12-31,715.84,48.66,0.1199,0.0194,139.33,0.0554,0.1582,0.1411,18.04,1807.78,2513.71,2.58,1.66,24.86,1116.81,0.022400000000000003,1550.79,0.0074,0.0002,0.001,0.0013,0.0034000000000000002,0.0069,0.0158,0.028999999999999998,0.0363,0.038900000000000004,-0.0009,0.0074,0.0132,0.0161,233.05,0.718,17.19,0.047,18.02,0.0301,56823.3,221.55,72644.49,51940.16,0.018000000000000002,63720.0,0.015,317.06,0.0069,16953.838,17194.256,5.38,4.62,234.719,2.9,0.07,1,0.02691699211187202,37.15125359638307,105.16463059918556,0.10662954311584197,0.10513859977425018,-0.0344,0.007599999999999998,7.757047843810341,7.701890345476932,146.2309482257126
2014-03-31,717.81,49.68,0.1282,0.0194,138.31,0.0541,0.1499,0.1328,18.48,1863.52,2555.65,2.61,1.66,24.96,1126.0,0.0275,1557.78,0.0124,0.0005,0.0008,0.0013,0.004,0.008199999999999999,0.016399999999999998,0.027200000000000002,0.0335,0.0362,-0.0014000000000000002,0.005600000000000001,0.0105,0.013300000000000001,236.29,,,0.033,17.95,0.0165,56536.55,221.13,,,,,0.0151,317.56,0.0072,17192.019,17427.64,5.06,4.38,236.028,2.72,0.05,1,0.0266592255516442,37.510466988727856,,0.10839448234672146,0.1069289932543936,-0.0312,0.006799999999999997,7.886580049938635,7.895334451844697,
2014-06-30,733.84,50.82,0.12369999999999999,0.0192,140.2,0.053,0.1338,0.1108,18.88,1947.09,2647.29,2.67,1.72,25.56,1141.19,0.032799999999999996,1570.62,0.0167,0.0002,0.0006,0.001,0.0045000000000000005,0.009000000000000001,0.0168,0.026000000000000002,0.0315,0.0342,-0.0029,0.0037,0.0084,0.0111,238.34,,,0.0472,18.19,0.0269,57169.39,226.04,,,,,0.0207,318.11,0.0073,17197.738,17435.205,4.8,4.25,237.231,2.6,0.04,1,0.026100488421182382,38.31345926800472,,0.11321779643346118,0.11167577324155349,-0.028800000000000003,0.005499999999999998,8.169379877485945,8.207569836994322,
2014-09-30,736.78,52.41,0.1189,0.019299999999999998,144.25,0.053200000000000004,0.12279999999999999,0.1045,18.81,1993.23,2713.57,2.68,1.71,25.92,1154.86,0.0354,1582.93,0.0181,0.0001,0.0004,0.0011,0.005699999999999999,0.0105,0.0177,0.0253,0.0301,0.0326,0.001,0.0046,0.008100000000000001,0.0105,238.03,,,0.050199999999999995,18.41,0.030600000000000002,57742.86,227.75,,,,,0.0166,318.77,0.0074,17518.508,17746.905,4.8,4.11,237.477,2.53,0.02,1,0.02629400520762782,38.03148254149971,,0.11377852497484374,0.11231423169279377,-0.028700000000000003,0.006899999999999995,8.373860437759946,8.393360199092966,
2014-12-31,726.96,54.43,0.1272,0.0192,141.19,0.049800000000000004,0.021099999999999997,0.0134,20.08,2054.27,2835.01,2.83,1.77,26.79,1163.32,0.0416,1591.57,0.0263,0.0003,0.0011,0.0021,0.0064,0.0106,0.016399999999999998,0.022099999999999998,0.0255,0.028300000000000002,0.0037,0.0051,0.0073,0.0089,234.81,0.733,17.91,0.04190000000000001,18.5,0.0269,57919.0,229.81,75736.15,53654.36,0.033,64900.0,0.0076,319.41,0.0074,17804.228,18056.23,4.74,3.79,236.252,2.21,0.03,0,0.026496030219980822,37.741502847694285,114.69960915689559,0.11538102073282819,0.1137707040727771,-0.028200000000000006,0.009500000000000001,8.748647842936842,8.695249140748015,158.2920156337242
2015-03-31,729.29,56.0,0.1264,0.0196,136.21,0.04769999999999999,-0.0159,-0.0151,20.96,2079.99,2854.62,2.84,1.79,26.73,1156.54,0.0271,1582.56,0.0159,0.0002,0.0011,0.0025,0.0064,0.0102,0.0152,0.0204,0.0241,0.0263,0.0004,0.0028000000000000004,0.0055000000000000005,0.0073,236.12,,,0.050300000000000004,18.67,0.0397,58353.14,230.79,,,,,-0.0007000000000000001,319.89,0.0073,17912.079,18134.846,4.54,3.64,235.976,2.04,0.03,0,0.026923206361569047,37.14267857142857,,0.11612219888043145,0.11469576306300035,-0.025800000000000003,0.009,8.80903777740132,8.814413330169169,
2015-06-30,735.9,56.68,0.1167,0.0199,128.88,0.0452,-0.0796,-0.0808,22.12,2099.29,2850.69,2.8,1.8,26.5,1145.54,0.0038,1567.12,-0.0022,0.0001,0.0009,0.0028000000000000004,0.0069,0.010700000000000001,0.0168,0.0236,0.0285,0.0311,0.0005,0.005,0.0089,0.0113,238.64,,,0.0435,18.78,0.032799999999999996,58615.65,235.64,,,,,0.0012,320.43,0.0073,18063.529,18286.27,5.13,4.19,237.657,2.36,0.02,0,0.02699960462823145,37.03757939308398,,0.11621704706760236,0.1148014329877006,-0.0314,0.009399999999999995,8.796890714046263,8.83327652877887,
2015-09-30,744.68,57.89,0.1043,0.0219,123.47,0.0466,-0.1444,-0.1441,21.45,1944.41,2648.06,2.58,1.69,24.5,1136.16,-0.016200000000000003,1554.5,-0.018000000000000002,0.0001,0.0018,0.0037,0.0070999999999999995,0.0101,0.0149,0.0217,0.0262,0.029500000000000002,0.0033,0.006500000000000001,0.0101,0.0124,237.95,,,0.0336,18.86,0.0245,58731.2,238.52,,,,,-0.0004,321.08,0.0072,18279.784,18491.766,5.34,4.07,237.498,2.17,0.02,0,0.02977252739905678,33.58801174641562,,0.10636941880713689,0.105150043538297,-0.0315,0.012699999999999996,8.171506619037613,8.187058417334041,
2015-12-31,740.29,59.44,0.1,0.021099999999999997,118.55,0.0421,-0.1542,-0.1604,23.74,2054.08,2814.22,2.76,1.81,25.97,1127.13,-0.0311,1539.15,-0.0329,0.0017000000000000001,0.005,0.006500000000000001,0.0098,0.0128,0.017,0.022400000000000003,0.026099999999999998,0.0297,0.0046,0.0073,0.0106,0.0126,236.52,0.722,18.44,0.0292,18.89,0.0212,58724.27,240.09,79265.59,56514.42,0.0533,68410.0,0.0073,321.71,0.0072,18401.626,18614.786,5.46,3.97,237.761,2.24,0.23,0,0.028937529210157346,34.55720053835801,111.39262472885031,0.11162491836319247,0.11034668891707913,-0.0335,0.014899999999999998,8.684593269068154,8.639263798520362,152.61496746203903
2016-03-31,752.77,59.71,0.07519999999999999,0.0217,117.63,0.042800000000000005,-0.1291,-0.1364,23.39,2021.95,2751.5,2.74,1.83,25.37,1127.97,-0.024700000000000003,1537.12,-0.0287,0.0025,0.004699999999999999,0.0066,0.0088,0.0104,0.0138,0.0189,0.022799999999999997,0.0268,-0.0003,0.0034000000000000002,0.0073,0.009899999999999999,238.13,,,0.0256,19.0,0.018000000000000002,58975.49,240.5,,,,,0.0085,322.2,0.0072,18435.137,18667.767,5.13,3.82,238.08,1.89,0.29,0,0.02953089839016791,33.86283704572099,,0.10967914152197514,0.10831236537289114,-0.029599999999999998,0.0131,8.490950321253097,8.492733534946236,
2016-06-30,765.12,59.78,0.06509999999999999,0.0213,116.87,0.0417,-0.0842,-0.0932,23.97,2083.89,2801.84,2.74,1.86,25.84,1131.21,-0.0125,1537.71,-0.018799999999999997,0.0022,0.004,0.0055000000000000005,0.0073,0.0086,0.011699999999999999,0.016399999999999998,0.0202,0.0245,-0.0027,0.0017000000000000001,0.0062,0.008199999999999999,241.02,,,0.0236,19.06,0.0149,59066.29,244.8,,,,,0.01,322.73,0.0072,18525.933,18740.558,4.53,3.5,240.222,1.64,0.27,0,0.028686734904433537,34.8593174974908,,0.11248502302151259,0.11119679574108732,-0.024,0.010300000000000002,8.646128951954195,8.674850763044184,
2016-09-30,779.61,60.44,0.0592,0.0209,119.58,0.041299999999999996,-0.0173,-0.0315,24.22,2157.69,2896.14,2.78,1.9,26.73,1138.43,0.002,1541.83,-0.008199999999999999,0.0019,0.004699999999999999,0.0059,0.0077,0.009000000000000001,0.0118,0.0163,0.0202,0.0235,-0.0017000000000000001,0.0012,0.004699999999999999,0.0064,241.43,,,0.026699999999999998,19.2,0.0181,59372.66,247.19,,,,,0.0146,323.35,0.0070999999999999995,18711.702,18927.449,4.31,3.41,241.176,1.63,0.29,0,0.028011438158400882,35.699702183984115,,0.11531233235758029,0.11399792967345995,-0.0222,0.008999999999999994,8.937124632398625,8.946536968852623,
2016-12-31,768.98,61.34,0.0533,0.0203,126.91,0.0421,0.09269999999999999,0.0705,23.76,2246.63,3015.46,2.91,1.95,27.87,1150.68,0.0209,1550.22,0.0072,0.0042,0.0064,0.0087,0.012,0.0149,0.0196,0.024900000000000002,0.028399999999999998,0.0311,0.0015,0.005600000000000001,0.0089,0.0104,241.43,0.76,19.09,0.0355,19.3,0.0218,59598.36,247.89,83143.48,59040.54,0.0447,70840.0,0.0207,323.91,0.0068000000000000005,18892.639,19112.464,4.83,4.06,242.637,2.49,0.51,1,0.027303116222965062,36.62585588522987,117.68622315348351,0.11891562634526602,0.11754789963240743,-0.028000000000000004,0.007700000000000005,9.305512985130266,9.259222624743959,157.96018858040858
2017-03-31,785.18,61.65,0.0571,0.0196,133.3,0.0424,0.1602,0.1332,23.6,2366.82,3145.92,3.01,2.02,29.09,1169.42,0.0368,1566.46,0.0191,0.0066,0.0089,0.0101,0.0131,0.0159,0.020099999999999996,0.0248,0.028300000000000002,0.0308,0.0018,0.0049,0.0079,0.009899999999999999,243.8,,,0.0407,19.4,0.0209,59808.15,248.34,,,,,0.023799999999999998,324.34,0.0067,19089.379,19364.643,4.68,4.01,243.892,2.48,0.74,1,0.026047608183131794,38.39124087591241,,0.12398622291484705,0.12222378692961187,-0.027199999999999995,0.006699999999999999,9.708039376538146,9.704377347350468,
2017-06-30,798.64,62.47,0.0621,0.0194,137.61,0.042699999999999995,0.1967,0.1775,23.4,2433.99,3219.96,3.03,2.04,29.75,1185.81,0.0483,1581.99,0.0288,0.0084,0.0111,0.012,0.0134,0.0149,0.0177,0.0219,0.0254,0.027999999999999997,0.0014000000000000002,0.0046,0.0075,0.009300000000000001,244.96,,,0.0388,19.51,0.0233,60058.0,254.83,,,,,0.0163,324.8,0.0064,19280.084,19552.357,4.37,3.68,244.163,2.19,0.98,1,0.025665676522910942,38.96254202016968,,0.1262437445811958,0.12448575892921758,-0.024300000000000002,0.0069,9.936275310254734,9.968709427718368,
2017-09-30,817.82,63.25,0.0699,0.019299999999999998,140.59,0.043,0.20190000000000002,0.1757,23.28,2492.84,3272.9,3.08,2.09,30.17,1203.1,0.056799999999999996,1596.16,0.0352,0.009899999999999999,0.011699999999999999,0.0128,0.0138,0.0151,0.018000000000000002,0.022000000000000002,0.0253,0.0278,0.0012,0.0037,0.0067,0.0087,246.82,,,0.042300000000000004,19.66,0.0241,60431.47,256.43,,,,,0.0223,325.34,0.0062,19438.643,19702.804,4.3,3.63,246.435,2.2,1.03,1,0.025372667319202194,39.412490118577075,,0.12824146212263893,0.12652209299752462,-0.0237,0.006699999999999999,10.099829835507657,10.115608578326942,
2017-12-31,826.52,64.32,0.0707,0.0184,144.44,0.0412,0.16210000000000002,0.1381,24.25,2664.34,3502.26,3.23,2.17,32.09,1231.57,0.0703,1625.24,0.0484,0.012,0.015,0.017,0.0184,0.0196,0.0218,0.024,0.026000000000000002,0.0277,0.0042,0.005,0.0068000000000000005,0.008,246.52,0.757,20.04,0.0496,19.88,0.029900000000000003,61025.86,257.01,86249.54,61375.41,0.0395,72370.0,0.021099999999999997,325.8,0.0058,19692.595,20001.049,4.22,3.51,247.805,2.4,1.32,0,0.024141063077535146,41.42319651741294,132.95109780439122,0.13529654166959712,0.1332100131348111,-0.023799999999999995,0.0070999999999999995,10.807804640597112,10.7517604568108,174.76347305389223
2018-03-31,833.44,64.93,0.0781,0.018500000000000003,149.9,0.042699999999999995,0.15109999999999998,0.1245,23.41,2702.77,3509.64,3.17,2.1,31.81,1259.18,0.0768,1652.12,0.0547,0.016399999999999998,0.0192,0.0206,0.022799999999999997,0.0242,0.0263,0.028399999999999998,0.0297,0.030899999999999997,0.0060999999999999995,0.0075,0.0089,0.009899999999999999,249.55,,,0.054400000000000004,20.04,0.0333,61458.32,,,,,,0.0236,326.14,0.0055000000000000005,20037.088,20363.997,4.64,3.87,249.577,2.84,1.7,0,0.024023501814804813,41.625904820576,,0.13488836301961643,0.13272296200004352,-0.027899999999999994,0.007699999999999996,10.830575035063113,10.829403350468993,
2018-06-30,836.39,65.57,0.0799,0.018500000000000003,157.51,0.044500000000000005,0.1775,0.1446,22.49,2754.35,3542.05,3.25,2.1,31.63,1292.84,0.09029999999999999,1684.29,0.0647,0.0181,0.021099999999999997,0.0233,0.0253,0.0265,0.0278,0.0291,0.0298,0.0305,0.0070999999999999995,0.0079,0.0087,0.009300000000000001,251.99,,,0.0588,20.15,0.033,61710.34,,,,,,0.0287,326.53,0.0053,20328.553,20643.376,4.83,3.96,251.018,2.91,1.9,0,0.023805979632218126,42.00625285953943,,0.13549168993976107,0.13342536608353206,-0.0298,0.008700000000000001,10.930394063256477,10.972719087874175,
2018-09-30,843.58,67.19,0.08650000000000001,0.018000000000000002,167.38,0.0449,0.2177,0.1906,22.25,2901.5,3724.63,3.45,2.2,32.62,1325.89,0.10210000000000001,1717.71,0.0762,0.0204,0.023399999999999997,0.0256,0.0277,0.028399999999999998,0.028900000000000002,0.03,0.0308,0.0315,0.0089,0.0088,0.0095,0.01,252.44,,,0.0562,20.28,0.0313,62004.38,,,,,,0.022799999999999997,327.01,0.0051,20580.912,20884.383,4.88,3.98,252.182,3.0,2.13,1,0.023156987764949163,43.18350945081114,,0.14098014704110293,0.13893156431770093,-0.030799999999999994,0.009,11.493820313737919,11.505579303836118,
2018-12-31,851.62,69.33,0.0984,0.0209,170.76,0.0516,0.20489999999999997,0.18230000000000002,19.39,2567.31,3311.46,2.94,1.87,28.29,1343.01,0.09050000000000001,1731.66,0.0655,0.023700000000000002,0.0254,0.026600000000000002,0.0268,0.026699999999999998,0.0268,0.028300000000000002,0.0298,0.031,0.0108,0.0102,0.0111,0.011899999999999999,251.23,0.7709999999999999,20.92,0.044000000000000004,20.3,0.0213,62012.66,,90063.33,63182.76,0.0294,73030.0,0.0191,327.43,0.005,20798.73,21066.974,5.13,4.02,252.767,2.83,2.37,4,0.027004919546139733,37.03028991778451,122.72036328871891,0.12343590209594528,0.12186420318361812,-0.0304,0.011100000000000004,10.218962703498786,10.15682426899081,158.29158699808795
2019-03-31,868.42,70.03,0.0987,0.0196,171.32,0.0479,0.1642,0.1429,20.86,2803.98,3574.48,3.26,2.08,29.58,1361.47,0.0812,1747.59,0.057800000000000004,0.0245,0.025099999999999997,0.024900000000000002,0.0241,0.023700000000000002,0.023700000000000002,0.025699999999999997,0.027999999999999997,0.0298,0.005600000000000001,0.0066,0.0085,0.0102,254.2,,,0.0385,20.43,0.019299999999999998,62342.23,,,,,,0.018600000000000002,327.73,0.0049,20917.867,21192.559,4.84,3.77,254.277,2.57,2.4,0,0.024975213803236827,40.03969727259746,,0.13404712822774906,0.13230964698505734,-0.0288,0.010699999999999998,11.030605822187255,11.027265541122476,
2019-06-30,884.74,70.94,0.0998,0.0194,171.13,0.046799999999999994,0.10439999999999999,0.08650000000000001,21.37,2890.17,3656.44,3.32,2.13,29.28,1378.74,0.0664,1762.47,0.0464,0.0222,0.0217,0.02,0.0181,0.0177,0.0183,0.0207,0.0236,0.025699999999999997,0.0028000000000000004,0.0037,0.0059,0.0079,256.14,,,0.0397,20.6,0.022400000000000003,62793.54,,,,,,0.0165,328.1,0.0048,21111.6,21403.915,4.46,3.42,255.213,2.07,2.17,0,0.024545268963417376,40.7410487736115,,0.13689961916671406,0.13502996998446312,-0.0252,0.0104,11.283555867884752,11.324540677786791,
2019-09-30,902.94,72.22,0.0932,0.0192,167.73,0.0446,0.0192,0.0021,22.44,2982.16,3763.76,3.3,2.14,29.23,1392.48,0.050199999999999995,1772.44,0.0319,0.0199,0.0189,0.018000000000000002,0.0165,0.0159,0.015700000000000002,0.017,0.0197,0.0216,0.0017000000000000001,0.0011,0.0032,0.0051,256.76,,,0.044199999999999996,20.84,0.027999999999999997,63434.93,,,,,,0.0171,328.58,0.0048,21397.938,21690.852,3.91,3.03,256.43,1.7,1.89,0,0.024217345816455186,41.292716698975354,,0.13936669972592686,0.13748468709297357,-0.019900000000000004,0.008800000000000004,11.614581710546814,11.629528526303474,
2019-12-31,914.49,73.44,0.0836,0.0183,175.88,0.043899999999999995,0.0535,0.029900000000000003,22.78,3176.75,4006.0,3.53,2.28,30.33,1415.01,0.0536,1790.85,0.0342,0.0155,0.0158,0.0155,0.0161,0.0163,0.0168,0.018600000000000002,0.0216,0.023,0.0006,0.0014000000000000002,0.0034999999999999996,0.0052,256.97,0.79,21.93,0.048499999999999995,20.99,0.0335,63781.88,,98069.73,68701.49,0.0873,78250.0,0.0229,329.02,0.0048,21717.171,21996.917,3.88,3.01,258.63,1.86,1.54,0,0.023117966475171167,43.25639978213508,144.85864113087095,0.14627826064453792,0.14441796548125357,-0.0205,0.008700000000000001,12.36233801611083,12.28299114565209,182.67213862289103
2020-03-31,885.59,74.8,0.08449999999999999,0.0225,146.05,0.043899999999999995,-0.1344,-0.1475,22.8,2652.39,3329.98,2.92,1.83,24.82,1408.74,0.0347,1776.44,0.0165,0.0037,0.003,0.0033,0.0045000000000000005,0.005,0.0059,0.0087,0.0126,0.0146,-0.0008,-0.0012,0.0003,0.0016,258.11,,,0.030299999999999997,20.71,0.013600000000000001,62880.4,,,,,,0.0154,329.34,0.0049,21933.217,22195.823,4.29,3.02,258.076,0.87,0.29,2,0.02820098100203967,35.45975935828877,,0.12093027666666499,0.1194995112368665,-0.0204,0.0127,10.276200069737708,10.2775538988515,
2020-06-30,901.97,75.02,0.0643,0.0192,124.73,0.032,-0.2664,-0.2711,31.29,3104.66,3902.6,3.44,2.26,28.84,1372.44,-0.0046,1727.95,-0.0196,0.0013,0.0018,0.0018,0.0019,0.0022,0.0034000000000000002,0.0073,0.0127,0.0149,-0.0067,-0.0054,-0.0028000000000000004,-0.0006,257.8,,,-0.0673,19.08,-0.07400000000000001,57546.88,,,,,,0.006500000000000001,331.52,0.0104,21751.238,22021.31,3.64,2.44,257.042,0.73,0.16,2,0.024163676537849555,41.384430818448415,,0.1427348641029076,0.14098434652616032,-0.017200000000000003,0.012000000000000002,12.04290147401086,12.078415200628692,
2020-09-30,920.34,73.27,0.0285,0.0175,122.29,0.0292,-0.2609,-0.2709,34.27,3365.52,4190.14,3.65,2.47,30.84,1364.13,-0.0204,1711.55,-0.0344,0.0009,0.0012,0.0013,0.0013,0.0016,0.0027,0.0068000000000000005,0.0121,0.014199999999999999,-0.0126,-0.0098,-0.0059,-0.0034000000000000002,260.28,,,-0.0006,20.56,-0.013600000000000001,61975.3,,,,,,0.0137,331.73,0.0096,19958.291,20136.201,3.36,2.31,259.997,0.68,0.11,3,0.021770781335425135,45.93312406168965,,0.16862766456306302,0.16713778333857512,-0.016099999999999996,0.010499999999999999,12.9303826648225,12.944457051427516,
2020-12-31,927.52,72.5,0.0007000000000000001,0.0158,117.11,0.0255,-0.3251,-0.3342,39.26,3695.31,4597.31,4.05,2.76,33.77,1362.39,-0.037200000000000004,1703.11,-0.049,0.0008,0.0009,0.001,0.0014000000000000002,0.0019,0.0039000000000000003,0.009300000000000001,0.0147,0.0167,-0.0148,-0.0098,-0.0054,-0.0033,260.47,0.987,22.09,0.006999999999999999,20.79,-0.0092,62647.04,,97495.18,68007.1,-0.0101,76660.0,0.013600000000000001,331.89,0.0087,21704.437,21912.369,3.16,2.26,262.045,0.93,0.09,3,0.019619463590334774,50.969793103448275,167.28429153463105,0.17025597116386845,0.16864036928184262,-0.0158,0.009000000000000003,14.187084885015548,14.101814573832737,208.117247623359
2021-03-31,938.53,70.51,-0.0327,0.0147,156.84,0.032799999999999996,0.102,0.0739,30.5,3910.51,4784.17,4.23,2.85,35.04,1393.85,-0.0106,1730.95,-0.0256,0.0002,0.0005,0.0008,0.0015,0.0032,0.008199999999999999,0.0161,0.022400000000000003,0.023399999999999997,-0.0167,-0.0066,-0.0014000000000000002,0.0011,264.88,,,0.042699999999999995,21.08,0.018000000000000002,63539.13,,,,,,0.0262,331.8,0.0075,22087.16,22277.634,3.74,3.04,264.961,1.61,0.03,3,0.018030896225811978,55.46036023259112,,0.17704901852479,0.1755352475940668,-0.022700000000000005,0.007000000000000002,14.76332678948958,14.75881356124109,
2021-06-30,969.73,69.02,-0.0305,0.0137,189.35,0.0375,0.5999,0.5181,26.7,4238.49,5055.28,4.43,2.94,36.7,1462.75,0.0658,1792.83,0.0375,0.0003,0.0005,0.0007000000000000001,0.002,0.0039000000000000003,0.0084,0.0152,0.0209,0.0216,-0.0163,-0.008199999999999999,-0.0034000000000000002,-0.0013,271.7,,,0.17370000000000002,21.44,0.12390000000000001,64580.87,,,,,,0.053899999999999997,332.0,0.0014000000000000002,22680.693,22861.568,3.44,2.79,270.654,1.52,0.04,1,0.016284101177542,61.40959142277601,,0.1868765650150108,0.18539804443859667,-0.0207,0.006499999999999999,15.59988958410011,15.660178678312532,
2021-09-30,983.04,70.0,0.0069,0.013300000000000001,207.17,0.0394,0.7855,0.6942,25.35,4445.54,5251.71,4.38,2.85,37.62,1511.1,0.10769999999999999,1827.88,0.068,0.0005,0.0005,0.0008,0.0024,0.004699999999999999,0.0086,0.0137,0.0187,0.0194,-0.0163,-0.0097,-0.0051,-0.003,274.31,,,0.105,21.62,0.051500000000000004,65020.52,,,,,,0.053899999999999997,332.48,0.0023,23425.91,23553.437,3.23,2.53,273.91,1.37,0.04,1,0.015746118581769594,63.507714285714286,,0.18977021597026542,0.18874272998883346,-0.019000000000000003,0.007000000000000002,16.206262987131346,16.229929538899636,
2021-12-31,1008.02,70.2,0.0363,0.0129,229.99,0.042300000000000004,1.1020999999999999,0.9639,23.63,4674.77,5433.53,4.73,3.04,38.31,1566.8,0.15,1862.56,0.09359999999999999,0.0004,0.0015,0.003,0.0068000000000000005,0.0095,0.0123,0.0147,0.019,0.018500000000000003,-0.0152,-0.009899999999999999,-0.0060999999999999995,-0.0042,278.8,0.972,24.81,0.1234,21.99,0.0576,66043.34,,102291.64,70788.04,0.0409,76330.0,0.0704,332.94,0.0032,23982.379,24111.896,3.3,2.65,280.845,1.47,0.06,1,0.01501678157428066,66.59216524216525,188.42281338170096,0.1949251990388443,0.19387815873127523,-0.0201,0.006499999999999999,16.767467718794837,16.64537378269152,219.0056428859331
2022-03-31,1005.63,69.85,0.07519999999999999,0.0141,223.07,0.0451,0.5438000000000001,0.42229999999999995,22.19,4391.27,4949.52,4.51,2.8,34.27,1616.48,0.1597,1883.5,0.08810000000000001,0.0018,0.0086,0.0134,0.0191,0.0209,0.021099999999999997,0.0213,0.025099999999999997,0.0241,-0.013000000000000001,-0.0072,-0.003,-0.0008,287.5,,,0.1133,21.93,0.0403,65810.52,,,,,,0.08539999999999999,333.27,0.0044,24813.6,24979.042,4.29,3.43,287.674,2.13,0.44,4,0.015906560061212358,62.867143879742315,,0.17697029048586263,0.17579817512617177,-0.0288,0.008599999999999998,15.273982608695654,15.26474412008037,
2022-06-30,1001.47,70.01,0.10640000000000001,0.016399999999999998,210.26,0.0493,0.21100000000000002,0.1104,20.28,3898.95,4264.0,3.78,2.28,29.05,1663.36,0.1371,1896.68,0.0579,0.0106,0.0217,0.0265,0.03,0.0315,0.0319,0.031400000000000004,0.0348,0.0325,0.003,0.0053,0.006999999999999999,0.0078000000000000005,296.31,,,0.10400000000000001,21.97,0.0245,65805.45,,,,,,0.0906,333.82,0.0055000000000000005,25250.347,25375.137,5.27,4.24,294.957,3.14,1.49,4,0.017956116390310212,55.691329810027135,,0.15441173937134406,0.15365237239901405,-0.0363,0.010299999999999993,13.158347676419965,13.218706455517244,
2022-09-30,996.29,71.31,0.1023,0.017,204.25,0.048600000000000004,0.0668,-0.0141,20.58,3850.52,4203.99,3.6,2.09,28.23,1714.63,0.13470000000000001,1917.27,0.0489,0.026099999999999998,0.0371,0.038900000000000004,0.038599999999999995,0.0388,0.037000000000000005,0.0352,0.0382,0.0356,0.0125,0.011399999999999999,0.0121,0.0129,296.81,,,0.09820000000000001,22.13,0.0235,66137.92,,,,,,0.08199999999999999,334.54,0.0062,25861.292,26026.456,5.69,4.59,296.349,3.52,3.13,4,0.018519576576670166,53.99691487869864,,0.14889124642341922,0.14794638194305057,-0.039900000000000005,0.011000000000000005,12.97301303864425,12.993193835646485,
2022-12-31,1024.56,73.07,0.10800000000000001,0.0171,188.61,0.044199999999999996,-0.127,-0.17989999999999998,22.65,3912.38,4271.68,3.75,2.19,28.32,1752.9,0.1188,1929.23,0.0358,0.039,0.0471,0.046799999999999994,0.0429,0.0405,0.037599999999999995,0.0362,0.0387,0.0366,0.014499999999999999,0.013600000000000001,0.0137,0.013999999999999999,296.8,0.958,26.77,0.0789,22.28,0.0132,66452.1,,106400.0,74580.0,0.0536,74580.0,0.0645,335.25,0.0069,26336.304,26511.964,5.59,4.43,298.832,3.62,4.25,4,0.018676611167626863,53.5429040645956,146.14792678371313,0.14855463393800436,0.14757035729227755,-0.0388,0.011600000000000001,13.181873315363882,13.092239117631312,159.56966753828914
2023-03-31,1045.27,73.23,0.1007,0.0172,188.06,0.0441,-0.1149,-0.15689999999999998,22.66,3968.56,4260.68,3.93,2.29,27.94,1790.6,0.10769999999999999,1947.57,0.034,0.0449,0.0499,0.046799999999999994,0.043,0.0409,0.0382,0.0366,0.0394,0.0377,0.014499999999999999,0.013600000000000001,0.0143,0.0151,301.84,,,0.0779,22.44,0.0231,66809.2,,,,,,0.049800000000000004,335.88,0.0078000000000000005,26770.514,26913.019,5.71,4.6,301.821,3.66,4.69,0,0.01845253694035116,54.19309026355319,,0.14824369827191214,0.14745874478073231,-0.0399,0.011100000000000004,13.147892923403129,13.148720599295608,
2023-06-30,1061.91,72.98,0.0733,0.0158,192.25,0.0417,-0.058499999999999996,-0.0857,24.01,4345.37,4615.19,4.19,2.44,29.94,1821.35,0.095,1966.62,0.0369,0.052000000000000005,0.0542,0.0524,0.0464,0.042699999999999995,0.0395,0.0375,0.0404,0.0387,0.0181,0.0155,0.015600000000000001,0.016399999999999998,305.11,,,0.0645,22.58,0.0279,67093.59,,,,,,0.0297,336.55,0.008199999999999999,27216.445,27326.459,5.75,4.65,304.014,3.75,5.16,0,0.016794887431910287,59.54192929569744,,0.15965972043740467,0.1590169439809234,-0.0417,0.010999999999999996,14.241978302907148,14.293322018064957,
2023-09-30,1076.24,72.98,0.061200000000000004,0.015700000000000002,193.99,0.0418,-0.0151,-0.050300000000000004,23.93,4409.1,4642.09,3.98,2.33,29.8,1843.54,0.07519999999999999,1972.6,0.028900000000000002,0.0553,0.055099999999999996,0.054400000000000004,0.050199999999999995,0.047400000000000005,0.0449,0.0438,0.04650000000000001,0.0447,0.0223,0.0204,0.0207,0.0213,307.79,,,0.066,22.84,0.0323,67695.17,,,,,,0.037000000000000005,337.41,0.0086,27530.055,27633.168,6.16,5.13,307.276,4.38,5.32,0,0.016552130820348822,60.415182241710056,,0.16015587328103778,0.15955825260426165,-0.045899999999999996,0.010300000000000002,14.325026803989733,14.34898918236374,
2023-12-31,1106.21,74.27,0.050499999999999996,0.015,203.29,0.041100000000000005,0.1139,0.07780000000000001,24.35,4685.05,4949.4,4.31,2.55,31.45,1872.3,0.0681,1986.64,0.0298,0.0554,0.053399999999999996,0.0496,0.0446,0.04190000000000001,0.04,0.04019999999999999,0.0432,0.0414,0.018799999999999997,0.0184,0.019,0.0195,306.75,0.972,28.42,0.061799999999999994,23.03,0.0339,68095.07,,,,,,0.0335,338.26,0.009000000000000001,28074.846,28172.585,5.64,4.74,308.741,4.02,5.24,0,0.015852552267318385,63.08132489565101,164.85045742434906,0.16687713977130988,0.16629819379371827,-0.0414,0.008999999999999994,15.27318663406683,15.174693351385143,174.15200562983813
2024-03-31,1116.73,73.48,0.0383,0.0137,198.57,0.037000000000000005,0.0926,0.0559,27.02,5170.57,5364.63,4.71,2.78,33.76,1892.81,0.0571,1991.63,0.0226,0.055099999999999996,0.0536,0.0499,0.045899999999999996,0.0438,0.042,0.0421,0.0446,0.0436,0.0182,0.019,0.020099999999999996,0.0209,312.33,,,0.0548,23.08,0.0286,68088.7,,,,,,0.0348,339.0,0.009300000000000001,28424.722,28456.493,5.75,5.01,312.345,4.21,5.24,0,0.014211199152124428,70.36703864997277,,0.18190397781199055,0.18170088633198758,-0.043800000000000006,0.007400000000000002,16.55482982742612,16.554034801261423,
2024-06-30,1139.31,74.24,0.0475,0.013300000000000001,202.09,0.0362,0.0824,0.0512,27.64,5415.14,5585.42,4.79,2.84,34.81,1919.38,0.0538,2004.88,0.0195,0.0546,0.0537,0.051100000000000007,0.047400000000000005,0.045,0.0432,0.0431,0.0454,0.0444,0.021,0.020499999999999997,0.021099999999999997,0.0217,314.17,,,0.0587,23.29,0.0313,68525.04,,,,,,0.0297,339.82,0.0097,28708.161,28700.166,5.82,5.13,313.044,4.31,5.24,0,0.013709710182931557,72.94100215517243,,0.18862719907415876,0.18867974491854855,-0.0449,0.006900000000000004,17.236337014991882,17.298335058330462,
2024-09-30,1166.35,75.44,0.059000000000000004,0.013000000000000001,205.83,0.0356,0.08689999999999999,0.0611,28.09,5626.12,5782.31,4.94,2.95,35.7,1952.21,0.058899999999999994,2026.87,0.0275,0.0506,0.0455,0.0403,0.0362,0.0351,0.035,0.037200000000000004,0.040999999999999995,0.0404,0.015300000000000001,0.016200000000000003,0.018000000000000002,0.019299999999999998,315.3,,,0.0512,23.48,0.0279,68955.4,,,,,,0.024399999999999998,340.49,0.0091,29147.044,29135.011,5.42,4.68,314.732,3.72,4.72,0,0.01340888569742558,74.57741251325557,,0.19302540593824882,0.19310512702397814,-0.0412,0.007400000000000002,17.84370440849984,17.875907120979118,
2024-12-31,1178.57,76.84,0.0644,0.0124,215.8,0.035,0.0922,0.061500000000000006,28.6,6010.91,6171.83,4.99,2.98,37.72,1970.6,0.0525,2031.21,0.022400000000000003,0.045,0.0432,0.042300000000000004,0.042300000000000004,0.042199999999999994,0.0425,0.043899999999999995,0.0466,0.0458,0.0189,0.0209,0.022400000000000003,0.0231,315.61,,29.83,0.0493,23.59,0.024,69167.75,,,,,,0.028900000000000002,341.0,0.008100000000000001,29511.664,29459.492,5.8,5.2,317.604,4.39,4.27,0,0.012783422144068038,78.22631441957313,201.5055313442843,0.2036791283609084,0.2040398388403982,-0.045599999999999995,0.005999999999999997,19.045372453344317,18.92580068261105,206.9001005698961
2025-03-31,1197.11,77.16,0.0751,0.0134,219.57,0.0381,0.1322,0.1058,26.23,5683.98,5759.61,4.69,2.82,34.79,1987.07,0.049800000000000004,2036.47,0.0225,0.0437,0.042699999999999995,0.0406,0.0397,0.039599999999999996,0.0404,0.042800000000000005,0.0463,0.046,0.0151,0.0195,0.0222,0.0235,319.8,,,0.04650000000000001,23.55,0.0202,68972.63,,,,,,0.0239,341.41,0.0070999999999999995,29825.182,29864.292,5.93,5.29,319.785,4.28,4.2,0,0.013574994985907762,73.66485225505443,,0.19057654032086038,0.1903269630500532,-0.045899999999999996,0.006399999999999997,17.77354596622889,17.774379661334958,
2025-06-30,1238.93,77.71,0.0746,0.0128,223.56,0.0369,0.1358,0.10619999999999999,27.1,6029.95,6057.86,5.01,3.08,36.12,2012.05,0.0483,2048.46,0.0217,0.0424,0.043,0.0406,0.038900000000000004,0.038599999999999995,0.039599999999999996,0.0438,0.049,0.0489,0.016399999999999998,0.0209,0.024399999999999998,0.026099999999999998,322.56,,,0.045899999999999996,23.77,0.0208,69532.35,,,,,,0.026699999999999998,341.87,0.006,30042.113,30044.191,6.15,5.46,321.435,4.38,4.23,0,0.012887337374273418,77.59554754857805,,0.20071657409716817,0.20070269157854842,-0.04870000000000001,0.006900000000000004,18.694041418650794,18.759469255059344,
2025-09-30,1270.32,78.3,0.0692,0.011899999999999999,233.52,0.0355,0.16870000000000002,0.13449999999999998,28.13,6584.02,6568.9,5.27,3.28,38.59,2042.16,0.0461,2063.44,0.018000000000000002,0.0424,0.0384,0.0366,0.035699999999999996,0.0355,0.0366,0.0412,0.0471,0.047400000000000005,0.0124,0.0175,0.0223,0.024900000000000002,324.8,,31.1,0.0538,24.03,0.023399999999999997,70170.52,,,,,,0.0301,342.41,0.005600000000000001,30485.729,30467.351,5.83,5.21,324.245,4.12,3.92,1,0.011892430460417798,84.08710089399746,211.7048231511254,0.21597056117634583,0.21610083528430157,-0.0464,0.006200000000000001,20.270997536945814,20.305694767845303,211.21864951768487
